X,Y,Five_ave_crime,PopulationDensity,PopulationFemale,X.Black,Neighbor_Disadvantage,Casinos
-86.443581,32.472082,9630.977348,9630.25297,617.33,262.88,-1.179010033,30.261611
-87.78623,31.112755,12127.45449,14435.29598,1584.13,293.94,-10.23890095,73.938665
-85.572544,31.800161,3733.313665,1191.26062,439.82,433.89,6.661801837,8.029099
-87.009323,32.961403,694.934472,174.20999,186.9,68.97,0.646957724,4.612135
-86.635686,34.032785,17900.50599,847.5534,454.95,13.17,-0.86432714,6.928191
-85.825803,32.068123,1243.969332,56.738031,140.31,226.62,2.191278769,7.685952
-86.588424,31.903303,5393.135835,1386.81512,377.16,283.23,0.988549625,11.645698
-85.873202,33.64412,7037.221741,16342.04627,1465.66,770.97,11.429899,21.677443
-85.197184,32.847257,1864.35224,2942.74245,417.81,298.94,0.222689098,6.541104
-85.569484,34.355408,9405.260808,413.08889,304.8,30.09,-0.666967666,2.804792
-86.738255,32.772464,11897.32062,946.39676,461.46,83.38,1.446970266,18.329716
-88.212506,32.066324,567.2027916,56.22487,207.97,173.57,1.364558966,3.805488
-87.699686,31.634827,2386.285032,216.7897,264.51,214.48,2.597824515,10.929374
-85.877103,33.304726,970.7035612,99.80688,206.35,56.78,1.038601473,4.526394
-85.562208,33.692621,3972.08378,118.16607,203.22,10.78,0.015180432,2.167271
-86.028552,31.253286,4877.245619,5484.84227,713.94,204.5,0.724189439,13.483344
-87.63981,34.747097,4183.7537,11273.90568,730,244.55,-0.301513744,8.011158
-86.800952,31.38495,0,100.068435,253.87,225.3,2.561512327,19.304435
-86.335788,33.002011,5374.593084,63.16255,147.86,100.14,-0.550078397,7.992463
-86.404756,31.438935,4919.450308,1995.495482,723.14,205.74,3.579442744,19.151676
-86.226238,31.726809,1987.39526,137.17821,308.9,145.18,0.955247299,8.637998
-86.864139,34.187442,21602.23794,3845.2412,910.46,23.48,-0.72478578,10.642795
-85.636959,31.445272,6701.176611,3222.74381,716.63,281.66,1.098756863,9.24704
-87.033485,32.564382,18651.25308,8242.41905,753.58,986.24,10.12923587,17.779264
-85.637516,34.456554,17107.50916,1557.03998,705.45,22.16,1.367970722,3.591489
-85.979538,32.516028,16346.71191,4324.49013,782.43,327.36,-3.410142689,78.276718
-86.89051,31.115195,0,1153.2846,449.6,313.81,4.628414589,68.208755
-85.967496,34.001389,17946.64451,25207.03183,1557.94,633.73,7.186268225,18.109277
-87.636713,33.808525,1211.796808,155.69392,256.04,49.59,0.497313659,2.530762
-88.072658,34.521142,6906.967081,1167.0367,446.61,34.38,0.546664991,3.789201
-86.08719,31.088301,5903.889341,321.47992,306.08,52.42,0.129409492,3.814953
-87.938855,32.688042,5131.126071,39.829007,159.93,241.74,3.054224371,7.086555
-87.701022,32.864468,1108.2525,143.30454,311.03,338.77,2.538797613,6.142488
-85.255158,31.566294,3130.928164,257.73823,311.41,164.56,0.411673471,3.084948
-85.419304,31.220099,15287.81796,21872.54069,1145.21,732.31,5.882602741,15.728671
-86.218177,34.867007,0,1474.538435,563.01,35.35,-0.18065087,3.102732
-86.857717,33.512429,83830.07214,321253.1794,8596.2,8056.1,37.49500613,202.646627
-88.096943,33.946116,1173.339045,69.30521,153.01,31.88,1.080927897,2.723284
-87.681804,34.829955,2398.506,20063.76042,1145.56,306.42,-0.79121436,9.039706
-87.41755,34.567622,10873.34467,607.20763,470.26,126.67,0.669066182,2.934734
-85.515268,32.596024,24875.77059,37331.06115,1363.15,664.42,0.856841726,31.59167
-86.982912,34.78542,11965.82133,7662.28827,810.73,225.19,0.027584939,6.00296
-86.719898,32.270648,5805.910527,47.92676,154.77,214.22,2.495226334,7.27251
-85.624798,32.302491,6752.07702,4161.116129,642.03,1031.34,7.697141303,59.442409
-86.69641,34.960651,50512.33536,115965.0386,3756.73,2099.12,4.905173416,28.291017
-87.94483,32.08018,6646.700766,216.729892,305.39,322.54,1.488776828,10.009285
-87.949791,34.196722,3399.306459,343.59282,352.79,22.64,1.546879044,5.20866
-86.226351,34.280137,9379.398769,5606.648,916.04,50.16,-0.353104239,7.569914
-88.143755,30.643455,58100.62935,201353.3882,5634.66,4716.54,25.72879216,213.455229
-87.413893,31.716986,4064.816498,192.413689,361.04,344.71,6.896361096,39.556597
-86.228474,32.372142,12030.05768,113407.9125,3330.01,3772.49,19.0085833,219.709514
-87.008751,34.59699,7317.08022,28705.70321,1361.82,402.13,-1.075684701,11.329491
-87.13947,32.685264,0,39.585197,164.39,205.6,2.385452756,2.792616
-88.10342,33.142607,263.6119633,130.28584,255.81,183.93,1.746867947,5.911464
-85.996562,31.782457,3189.869989,850.16807,412.5,289.63,1.584253248,11.180775
-85.527882,33.426217,2291.19677,279.04133,305.32,115.13,0.843262102,6.152889
-85.006312,32.474319,8771.270057,14390.73187,678.46,581.11,5.704339049,12.190783
-86.200866,33.751917,4668.508287,3284.11402,652.14,114.97,-1.302016917,14.441786
-86.793157,33.358377,17213.10811,44719.02741,2424.09,574.27,-20.46795378,46.496631
-88.247798,32.850612,1901.293772,52.475309,214.61,270.93,2.426180153,6.557581
-86.181643,33.301196,22290.25693,8934.8509,1140.87,772.83,10.39778788,35.324952
-85.649304,32.77661,3912.295344,998.26978,518.4,301.59,3.651447625,19.54274
-87.327522,33.324315,33295.88288,71166.58166,2432.21,1655.11,15.85698726,48.285658
-87.304314,33.952927,20283.70547,2503.22764,918.16,117.22,3.933737053,13.368309
-88.053624,31.417921,2592.48372,83.036808,252.37,113.45,0.739965374,6.378781
-87.41633,32.14173,2235.029996,30.296367,102.5,140.28,1.561976615,2.353377
-87.385555,34.132591,1212.417979,372.62932,356.5,4.08,0.975238488,3.493434
-109.184475,35.416491,355.0242047,978.059264,347.4,6.61,2.109406557,24.439488
-110.24907,31.546888,17516.8602,25280.39202,1488.23,118.8,2.27739689,46.38696
-111.01837,35.714053,8280.956772,34446.34533,1194.61,25.3,-3.460120112,80.193603
-111.525429,34.343019,8766.475708,2819.513384,653.93,8.97,-1.345790688,85.770741
-109.947699,33.275953,3106.988169,5601.539594,359.28,18.44,-0.181155685,11.124462
-109.346176,32.978057,445.3237849,33.34649,43.44,3.36,-0.77222686,2.467294
-114.013445,34.1987,6302.343216,2010.678405,290.3,6.17,-0.045882336,66.040734
-112.155854,33.54579,105874.2892,4520601.597,45574.54,4860.32,-116.2921063,3375.789468
-114.623754,35.103767,36774.16856,53534.91633,2075.13,49.42,-0.085453458,587.250059
-110.32226,35.760414,8991.770566,3903.715004,1076.15,25.09,8.995152588,89.493952
-110.949372,32.26412,211109.0199,727035.2582,11559.76,741.8,-4.025224079,873.42232
-111.554658,33.234506,36407.06539,115722.1989,3664.6,279.84,0.146899079,251.84351
-110.643677,31.56525,1948.924265,8329.680782,521.64,11.23,7.98295808,24.306166
-112.366388,34.826834,23408.6162,33388.40876,2143.2,27.73,-14.64573215,169.155975
-114.594268,32.680498,23829.69716,132833.5924,2220.16,106.99,15.54112244,193.102111
-91.21635,34.349886,3282.506327,997.004183,265.63,140.57,0.922046596,4.975439
-91.914274,33.299483,7646.881655,601.937834,358.44,183.23,0.097836705,4.263049
-92.3816,36.308297,15154.82773,2320.09345,465.6,1.32,-3.233826412,5.796695
-94.195692,36.346352,11911.26247,53155.14646,2464.84,71.54,-21.12795443,130.450115
-92.977134,36.372565,9403.402127,2277.63908,355.75,2.29,-1.28254269,6.712522
-92.140199,33.644146,2127.80786,190.629087,263.93,146.21,1.249190642,2.4504
-92.407057,33.542677,2319.903068,16.55653,99.41,43.61,-0.404367571,2.508834
-93.469359,36.238533,3979.639907,422.81735,255.45,5.09,-1.74166413,5.199951
-91.299499,33.286022,3049.480731,311.333811,203.9,225.98,2.361064295,1.976901
-93.30935,34.133292,2107.663668,2513.68568,266.44,121.01,-1.41250877,7.927606
-90.387595,36.37404,2712.168735,714.557399,302.37,3.88,1.310454738,3.648302
-91.998781,35.510075,11305.05347,791.62178,352.68,2.39,-1.958417093,5.696975
-92.155977,33.815391,2623.295004,27.5062,101.08,24.96,-0.000984079,2.14557
-93.247109,33.255511,1618.660502,1796.17702,257.54,185.77,2.821931414,10.6263
-92.875065,35.111303,8808.817212,432.32888,306.53,61.85,0.141584881,4.273376
-90.681947,35.844015,5907.285603,19027.98602,873.28,251.09,1.26194693,18.784524
-94.344003,35.451495,6654.965065,5884.43708,559.13,20.07,-0.692903283,8.839941
-90.154121,35.14182,15740.71544,20536.97362,932.18,877.71,9.25121739,74.837291
-90.765079,35.229859,5525.407492,1182.267702,308.7,114.04,0.740477446,7.115401
-92.610649,34.034181,906.2375382,181.474811,147.8,111.26,0.203782993,2.2874
-91.161473,33.866174,0,108.8683,158.49,183.53,4.584051238,1.86622
-91.882993,33.586464,3236.808001,419.514296,259.8,148.37,0.212507839,3.478328
-92.218844,35.242036,21143.83144,24973.22452,1280.84,308.56,-5.79633045,23.977727
-93.878696,35.624244,3147.519384,130.22197,150.73,3.15,-0.098109564,2.012145
-91.962564,36.377212,1397.839132,39.55559,99.67,0.83,-0.108665599,0.848118
-93.047366,34.416188,37612.06904,15240.76317,1046.87,212.54,2.245858827,86.703151
-92.567293,34.296421,4713.061056,393.57998,201.28,9.57,0.004137698,5.691636
-90.49534,36.173074,4658.151572,4246.58252,460.94,16.71,0.512300469,6.484575
-93.620451,33.854582,4768.819878,1181.8866,261.72,154.46,0.218773424,5.606501
-93.210482,34.331756,2543.3611,1681.57186,338.76,97.39,-0.247843282,15.334887
-93.925394,33.877461,1431.692537,605.30152,156.14,60.69,0.486444421,3.406922
-91.582858,35.597624,14277.26741,1092.58606,410.42,15.83,-0.801064769,6.992474
-91.92754,36.139118,8367.127668,113.3443,191.8,6.7,-0.343983852,1.616292
-91.173693,35.780776,5022.920365,445.11164,246.42,56.25,1.630313471,2.713517
-92.053554,34.243662,15961.9393,22183.87404,1199.49,1481.09,26.46717592,17.29235
-93.628447,35.475367,4938.464372,815.92735,304.09,10.84,0.015306755,2.605133
-93.625262,33.170435,0,34.01302,98.03,69.85,0.613861377,6.518155
-91.027145,35.959132,2240.533078,813.869787,300.69,6.46,0.282381644,4.352527
-90.625602,34.785605,4135.649732,297.657182,170.76,196.86,2.004988611,5.816942
-91.710579,33.909868,2314.165824,232.624213,182.27,86.09,0.06152009,2.66463
-94.006129,33.639257,3274.728491,113.50128,208.9,89.17,0.54040481,4.313385
-93.476388,35.284267,6376.997784,801.19668,303.6,8.29,-0.03897376,2.971497
-91.747476,34.736278,11131.61803,6378.038132,808.55,135.77,-3.350684164,19.079164
-93.751926,36.208572,3079.183301,159.7661,203.29,1.34,0.037234666,6.154967
-92.584648,36.281656,7975.569664,156.97136,207.52,2.46,0.06052592,2.295645
-94.036511,33.438051,6782.906911,15218.22302,565.15,344.58,4.993398011,18.878135
-89.879022,35.941338,8812.077814,2999.7536,616.15,436.6,7.56956412,12.07959
-91.141523,34.603114,1155.417911,48.912558,160.52,122.62,1.365943968,2.365077
-93.505557,34.602279,2534.811637,38.88949,149.63,0.93,0.2253975,7.376784
-93.258631,33.677803,622.224819,46.347703,146.25,103.66,0.815887776,3.366754
-93.19732,36.061087,1728.04379,23.746069,101.02,0.05,0.108692574,0.480481
-92.750669,33.709307,0,1614.49161,314.9,258.84,2.096545301,5.093926
-92.855125,34.950385,5149.497885,69.918111,151.33,2.23,-0.19484278,2.471948
-90.866142,34.318367,0,1099.920179,322.31,396.64,6.695725761,6.36187
-93.604327,34.038356,1921.736311,56.614901,152.58,9.45,-0.910742706,4.397333
-90.500527,35.671795,1181.74203,1446.431484,362.37,36.71,1.937175291,10.274446
-94.070632,34.562555,3990.02322,350.75783,308.41,2.6,1.069931814,5.151043
-93.151669,35.271973,7161.786559,5252.491495,559.82,29.78,-0.322116175,7.312715
-91.613731,34.737211,2475.714219,38.01639,149.84,40.36,0.389245469,2.235791
-92.364291,34.73404,50508.76506,180145.6518,4846.52,3791.01,10.74143766,112.337827
-90.87292,36.328468,3309.884037,665.99519,201.69,4.85,0.255359868,8.923367
-90.987431,35.010401,6963.87792,1555.48544,285.31,304.21,3.090411075,7.228774
-92.371064,34.603949,15833.06252,13930.50312,1069.99,125.3,-5.679479991,42.482262
-94.13018,34.928714,2837.863498,250.036247,146.46,0.86,1.141903152,1.794018
-94.387828,35.380201,6290.933805,46454.07482,1322.68,185.32,1.38504401,17.518438
-94.377488,33.996328,2590.115278,963.24747,197.77,20.04,0.204507443,5.150701
-91.498776,36.187518,0,203.08193,204.83,3.21,0.324759977,1.553585
-92.257844,35.884142,1133.075914,54.00786,100.65,0.15,-0.137013023,0.461392
-92.856332,33.187868,8941.100149,3905.70929,516.68,358.69,2.163668607,14.006579
-92.655564,35.548922,3102.775086,57.34165,150.3,2.24,0.786887072,1.984198
-94.149375,36.199696,10392.41649,53391.8906,1602.35,107.06,-3.939334676,62.1075
-91.97463,35.159043,14614.34711,4259.62183,668.76,55.67,0.169106552,7.697732
-91.178595,35.142663,1512.27364,22.20006,108.35,60.69,0.94613327,0.895747
-93.441435,35.03958,6462.459738,563.374934,301.01,16.54,0.652153234,3.848429
-121.9615,37.527844,59985.67686,3981097.178,18242.41,4146.48,-27.42289301,1039.395715
-120.255331,38.54225,10202.8207,993.37335,423.91,18.13,-2.085674876,81.960293
-121.504539,39.388784,35245.38856,112975.8654,2580.96,77.57,9.89042811,373.757955
-120.473364,38.1289,17091.23699,598.850745,496.67,6.42,-2.225504236,48.365158
-122.283172,39.106677,3832.567604,107.774041,193.66,6.57,1.263888407,28.96773
-122.322348,37.939848,35443.46461,1089405.707,10616.07,1712.86,-35.97108416,568.022399
-124.023062,41.58293,11770.67989,8169.658566,336.29,20.03,3.667722024,67.943323
-120.248502,38.725681,48076.5911,41978.55731,2046.56,32.89,-15.31459621,373.419078
-119.793375,36.74307,91743.52853,850764.5756,9628.3,965,172.2705123,588.889567
-122.209926,39.521392,6972.6522,2330.819333,289.58,7,1.661677709,37.322402
-123.757369,40.684624,24871.78582,37468.43834,1446.18,31,2.426758733,242.659841
-115.486684,32.668693,11949.82676,78076.13041,1335.16,65.64,31.23334498,106.951844
-117.117631,36.251518,6243.4284,1934.083338,242.81,3.62,-2.005627304,34.323107
-119.06781,35.34494,200374.2043,543879.4692,7266.77,769.4,115.5225943,192.162661
-119.930133,36.312528,9816.224968,58397.91991,1221.5,119.44,15.94058964,31.326114
-122.770803,38.871682,18418.3602,9984.00961,749.7,34.54,4.654542126,162.110744
-120.97024,40.512563,7611.93011,1438.710827,378.38,48.1,-0.66891044,59.296717
-117.9617,34.095832,504122.2723,31293080.12,116416.67,18390.99,784.5711508,5029.068403
-120.054123,36.936176,22883.69648,53151.88517,1184.55,56.64,15.64583456,77.00614
-122.543541,38.100942,17001.06894,216855.6603,2805.15,106.22,-30.91380938,59.009395
-120.085692,37.369645,8808.91536,100.931243,255.88,5.61,-0.142083037,13.464714
-123.293023,39.104122,13302.91901,13462.31697,858.08,13.87,4.808176361,80.554214
-120.572253,37.201602,36163.82629,124880.8393,2365.72,164.81,53.24711605,113.765377
-120.120426,41.598736,767.5383669,2.943985,48.67,1.15,-0.732500234,7.020588
-118.58016,37.703931,1451.21026,131.669397,140.73,2.21,-0.730332791,17.051137
-121.843261,36.601554,31134.05556,522567.1167,4427.02,193.27,9.239494387,126.977154
-122.195581,38.411828,8614.990682,141022.1364,1897.52,66.47,-10.44629163,142.976465
-120.880001,39.23833,14286.9825,9644.596401,1009.1,11,-8.104102376,95.692198
-117.910676,33.720791,24932.5844,4894974.813,29436.68,1021.17,-102.3412528,1314.970631
-121.270448,38.733183,35092.82356,211594.8669,4143.98,124.87,-38.51021939,625.841549
-120.934198,39.9351,13554.56897,138.77138,297.58,2.96,-2.291481968,35.516802
-116.726737,33.605468,157168.3251,1872521.927,22475.43,2702.44,103.4092237,2655.850987
-121.51824,38.672587,249413.4145,1782927.54,16212.04,2917.3,52.28533327,2045.701115
-121.373806,36.830339,3524.510495,36637.04408,546.86,9.76,1.312536912,23.876391
-117.392148,34.088632,101650.3994,1760731.348,18464.04,2729,171.6707313,896.118209
-117.221086,32.95124,112092.1406,4685056.802,31085.52,3051.04,-34.16626996,2776.314762
-122.418413,37.751822,0,6055110.053,9455.13,1123.58,-42.08161676,353.268034
-121.31487,38.024447,69985.21881,742633.483,6870.97,955.26,69.80685213,559.333114
-120.833064,35.32709,25468.49796,107352.0952,2567.28,106.65,-20.81863706,69.473814
-122.371202,37.594294,66995.61582,1384304.957,7895.24,331.22,-66.31654175,345.271972
-120.427651,34.872224,33053.73803,520265.0249,4322.32,167.79,-3.237607118,49.993288
-121.814483,37.266089,32838.75681,3300529.186,18396.99,904.17,-110.3877761,615.832349
-121.754323,36.927244,40735.9949,217730.0525,2619.22,51.27,-7.584772487,48.238711
-122.359057,40.99514,38011.6361,60347.48605,2379.31,56.69,-3.515440023,186.719042
-123.038575,41.350213,6203.078856,2180.414314,553.13,11.2,0.618238309,54.133614
-122.213912,38.093212,10299.22103,466893.0102,4786.67,1326.48,0.804565973,516.615965
-123.33853,38.613511,35714.82777,330609.3873,5021.63,150.98,-31.3098565,226.908303
-120.856397,37.525674,38141.04299,436708.6557,4749.85,282.78,50.81416057,330.144676
-121.612708,39.135321,14662.05317,51198.58258,1053.3,39.78,8.756062307,115.865692
-122.634508,40.062176,8806.988207,4642.379742,546.62,8.68,2.818680925,73.503911
-122.738,40.850639,6097.501317,17.10184,149.85,1.76,0.703623816,7.752657
-119.304778,36.319847,38535.7636,223285.4287,3803.53,125.84,84.08502097,106.076211
-120.426131,37.931562,15491.93929,2348.027401,502.95,9.52,-2.208742146,100.144612
-119.202478,34.268255,17996.49704,881510.6298,8595,319.34,-26.99950231,195.043265
-121.721574,38.555812,6720.434943,206381.4653,2113.66,104.35,0.82746536,182.89986
-121.542398,39.120708,23320.05112,25471.18532,680.29,45.11,6.191674577,88.553132
-104.903956,39.843596,51849.07651,477215.855,4769.58,306.52,-10.00541407,156.090672
-105.929608,37.456129,440.2862,1101.364624,200.27,3.58,1.040198025,3.977642
-104.870617,39.69109,44772.92594,804913.8101,7420.26,1412.96,-57.11664379,161.770767
-107.237667,37.106767,4501.06444,218.239045,192.8,5.66,-1.789888013,11.510349
-102.611839,37.434551,321.5644074,5.711422,102.17,1.79,0.320483543,1.084448
-105.253508,40.003901,14472.00314,258229.5545,3363.97,62.8,-31.55445876,36.277977
-105.020423,39.949292,0,53882.0819,747.12,20.73,-9.290710451,17.04364
-106.070361,38.870205,1770.421383,1970.820797,232.06,8.02,-2.251982774,3.406243
-105.534468,39.675105,2846.118317,328.9923,149.1,4.59,-1.786942883,10.917357
-106.255224,37.224536,1353.22301,21.027586,99.18,1.05,0.780769187,0.962166
-105.46285,37.13649,0,3.43289,47.74,0,0.477729525,0.532585
-108.02503,38.903196,4584.812,413.55519,345.63,8.58,-0.510146653,2.883355
-104.931402,39.756519,0,1179447.981,7145.72,1240.97,-22.58374783,130.75113
-104.907598,39.547413,44314.89981,162157.3161,3053.89,88.47,-47.60304618,77.49362
-106.753004,39.598209,3236.972963,1910.358456,629.41,13.35,-8.738829774,11.330123
-104.634833,39.412559,523.4115333,417.298611,343.67,2.79,-4.647993636,6.397676
-104.804302,38.869788,48907.38684,465523.6216,6395.27,801.26,-32.35455268,136.738942
-105.097919,38.359542,5829.846002,7264.499824,556.34,8.86,-1.973735904,13.500517
-108.470153,39.521786,4833.028193,2144.426922,545.26,5.33,-3.622298367,7.184949
-105.887689,39.941368,944.8223154,41.007098,142.42,2.67,-1.81601973,2.775606
-106.715906,38.666019,758.9759212,1203.945372,181.65,3.33,-1.816210061,1.49396
-104.965969,37.685869,2638.281858,79.627063,101.23,1.04,-0.269172481,0.786732
-105.13683,39.631307,53487.6486,503526.5334,6853.78,163.06,-73.24715458,191.506745
-102.238116,39.309012,1765.297868,10.374743,145.18,4.16,-1.40841759,2.325304
-106.34589,39.201057,1134.732163,371.990889,87.5,0.22,0.663245556,1.000162
-107.587057,37.380059,4959.038731,5286.95439,499.15,4.73,-5.089369222,34.244357
-105.088199,40.545424,23038.64218,219441.5484,3598.46,70.49,-32.32271858,53.646793
-104.726497,37.313384,414.6764532,1365.789165,184.86,4.93,0.238601266,1.523612
-103.602277,39.346648,682.1757414,12.297474,79.48,13.26,-0.55801288,1.573323
-103.10449,40.91612,2799.204411,1089.443197,222.59,5.45,-1.221920666,5.326331
-108.011728,39.211972,26309.60342,61864.73343,1467.65,20.11,-3.058202277,25.066967
-108.231356,40.621687,1222.35992,2867.250967,190.1,3.98,-0.522091703,9.157797
-108.708298,37.134065,3930.363318,1505.565919,298.18,1.49,-0.913326683,13.508269
-108.232616,38.533617,5715.046828,5721.741891,504.52,4.95,-1.05123154,5.667239
-103.838558,40.150631,3431.308464,5818.037503,395.81,25.13,-0.575201442,7.969557
-103.708703,38.085484,3608.135352,2795.319867,358.9,4.22,3.652673593,5.895462
-105.823293,39.186132,1469.982803,91.332396,228.71,1.33,-3.35731573,6.079277
-102.220192,40.592475,259.2048116,12.061947,97.78,0.3,-0.803032592,1.977238
-107.131646,39.234001,928.1742792,592.94241,198.52,2.79,-2.625403725,2.575479
-102.477956,37.921785,897.0815755,3107.516943,245.17,2.74,0.78939035,3.984541
-104.631036,38.237766,38572.85879,139811.8761,2705.37,113.21,16.20976432,58.568148
-108.733548,39.972115,577.264568,7.699469,98.68,1.08,-0.440656398,1.621528
-106.367495,37.674064,496.2198405,726.830579,146.9,4.2,1.145969974,4.13383
-107.170439,40.350144,1714.845191,580.634391,383.19,5.62,-5.472487904,4.759056
-106.2785,38.115999,746.7619638,12.39122,100.45,1.02,0.670465072,1.288936
-107.980937,37.964225,211.7815522,232.604573,189.6,0.05,-2.44278013,1.285562
-105.932549,39.609089,3644.27331,300.66096,232.87,4.24,-3.087805085,4.869335
-105.058649,38.971104,2046.597359,1132.64253,242.75,3.88,-2.569699652,60.649898
-103.174987,39.881504,3207.632398,6.331499,94.91,2.43,-0.67266913,1.232825
-104.76535,40.425321,22166.84744,176132.452,3722.44,87.65,-19.35257959,84.873371
-102.262485,40.01494,319.393153,12.06419,100.49,2.02,-0.267532529,0.841515
-73.231048,41.238791,336994.694,1110538.853,10739.22,2487.29,-18.6690328,105.346829
-72.793953,41.663902,544268.9606,933178.8799,11324.63,3431.92,61.66741735,97.072764
-73.20781,41.689792,51400.75871,43834.20412,2566.24,101.9,-18.80645494,24.913614
-72.520378,41.313682,37400.57496,52308.9277,1839.15,223.14,-10.72353241,11.773038
-72.831104,41.555823,448670.077,781459.6411,9760.03,2606.69,43.00478203,63.652567
-72.095636,41.34453,69646.98272,99390.91026,3236.19,369.04,-6.292663183,55.708075
-72.452287,41.848206,9042.153338,35928.26432,1416.83,74.36,-11.10962509,26.564023
-71.818415,41.702473,9704.695575,25105.20953,1252.65,47.92,7.392623268,15.749882
-75.614496,39.260045,66646.44336,34790.46513,1654.38,833.44,1.609313454,242.536796
-75.490511,39.805411,149490.9117,597478.583,6670.43,3395.9,-5.953958484,245.057883
-75.083232,38.724934,51748.43923,25048.57381,2745.11,545.28,-16.98855802,133.898746
-76.99503,38.949231,952132.3245,3230370.481,9151.15,8470.08,57.57331293,148.839965
-82.430792,29.645276,54143.23678,141552.6146,2880.03,1164.05,-3.267918049,18.539718
-82.099362,30.32105,6082.552312,447.76786,191.98,51.42,-0.451090484,1.370356
-85.90355,30.238011,62322.47192,70749.30732,2121.19,526.27,-4.975170966,49.758374
-82.205715,29.88391,3938.87798,566.24516,182,82.33,1.148691338,0.751581
-80.629691,28.064231,91863.65811,265339.5117,5655.71,1077.85,-30.48455951,141.024648
-80.272017,26.01573,20315.56105,2329711.142,18368.66,9603.93,-3.735922969,695.847098
-85.093768,30.374184,1728.737718,92.10505,141.66,25.75,0.384368216,0.898255
-82.022461,27.002455,51927.60686,58654.61085,1943.73,186.59,-16.13605514,26.012256
-82.462582,28.911717,44636.56675,15836.51156,1388.78,68.83,-3.207482101,11.330838
-81.760781,30.12701,50008.58449,42263.22354,1456.19,277.9,-3.766392043,28.513771
-81.808857,26.255681,96958.94989,181834.4848,3741.83,464.93,-31.18663043,61.352638
-82.664081,30.171714,20121.08459,4257.69701,592.31,216.18,2.582000144,2.8418
-81.856833,27.186329,16836.5771,3350.49253,401.65,122.03,0.782383122,3.317701
-83.121269,29.648746,5740.586589,153.5296,131.87,27.52,0.622215901,0.704079
-81.46312,30.333946,0,532044.0525,8921.7,5488.68,28.65985015,137.593393
-87.167559,30.419098,219341.4872,137255.4703,3572.72,1763.24,-3.883229054,124.23734
-81.198239,29.566564,30346.93072,27666.1312,1043.34,178.84,-8.148833282,10.163297
-84.875945,29.887399,5944.628196,157.27232,178.74,55.53,0.803711312,2.415932
-84.362609,30.636117,8558.427764,1053.19899,471.99,504.49,3.9088726,4.296247
-82.709828,29.644171,3776.825459,284.81595,237.38,30.82,0.009728927,2.060144
-80.988145,26.919726,3934.511541,53.28297,130.83,34.93,0.701280043,11.295925
-85.25204,30.063895,3856.760544,117.51253,129.83,53.79,-0.241045997,1.906737
-82.900172,30.51257,4933.757391,74.64998,143.06,93.56,1.936130829,0.376348
-81.932947,27.426477,7546.104972,451.03478,281.05,35.43,1.137978624,1.584471
-80.903721,26.8354,13177.72195,2028.588911,277.87,63.29,5.331332287,7.677322
-82.529659,28.522398,81871.40676,63085.89968,2287.69,221.29,-3.604501945,14.777532
-81.503405,27.507061,50452.28054,17460.78721,1227.56,273.2,1.536540363,21.12345
-82.131313,28.002565,343594.1578,1156767.549,15871.38,5314.48,2.251629234,107.35833
-85.771839,30.863582,5325.117308,193.04352,185.12,23.56,1.49407644,2.678293
-80.412095,27.630822,39949.11257,43007.53895,1530,213.48,-10.41664278,15.161365
-85.083536,30.871287,18088.83718,854.37917,510.63,312.43,2.522782201,7.838944
-83.949585,30.327925,5539.664487,119.44266,146.86,99.34,0.155488901,0.857879
-83.162516,29.953613,1545.450181,47.15843,71.65,36.43,0.237343463,0.430293
-81.673379,28.80453,49871.59237,63307.33772,2917.07,585.68,-10.59015772,44.051534
-82.014845,26.623027,165464.5959,329666.2622,8447.54,1319.69,-45.89596081,133.262519
-84.234423,30.442329,55233.92174,164849.8993,3518.5,2260.59,4.212226978,26.726298
-82.476551,29.444588,20977.00559,567.759828,465.08,82.64,1.405463143,3.246453
-84.990853,30.280833,1771.547004,22.207914,85.54,21.71,-0.407827031,3.310871
-83.623325,30.450252,9447.714695,355.76586,243.55,172.34,0.659646456,0.998786
-82.572741,27.416274,140432.824,229931.5515,4033.21,657.8,-15.59575576,30.999119
-82.209909,29.241343,88440.04236,53245.86681,3139.08,817.3,5.918647764,40.357537
-80.183443,27.153474,46781.84046,63139.20603,1707.85,200.88,-12.97457461,25.659231
-80.156509,25.968687,755159.8931,5917918.003,26012.6,8445.54,142.2053708,873.168584
-81.792774,24.55602,42215.78536,58614.56565,1350.18,164.24,-13.5939816,22.405024
-81.669793,30.66458,15540.65612,6517.91102,607.75,64.93,-5.142882291,10.085146
-86.625221,30.444242,68681.79555,94085.80592,2031.01,379.75,-16.07349124,50.474309
-80.978912,27.516022,28606.26017,4135.835177,519.09,90.64,2.996088902,16.730315
-81.414532,28.458907,443947.4882,843712.8634,10457.39,4465.47,6.969160005,253.090972
-81.434336,28.314142,62616.80592,100837.1654,2025.42,383.44,4.263353333,42.492522
-80.077396,26.766914,302661.0351,1416256.905,16847.09,5488.77,-40.27317694,395.997827
-82.752246,28.205908,233250.7028,291929.5834,6798.87,670.56,-6.554215478,60.557118
-82.842537,27.902128,143441.0618,1078858.975,12619.15,2474.81,-39.62557588,86.639249
-81.72582,27.953305,162151.2876,245146.3178,7712.44,2307.44,16.88690757,59.527638
-81.653723,29.669679,28269.44722,4811.08294,809.45,276.01,6.08033754,4.663692
-81.26183,29.801821,46697.51342,50732.36551,2003.46,196.75,-17.59676372,28.476273
-80.332526,27.417331,23057.13077,90784.33872,2188.7,886.29,3.108713833,29.762557
-87.110906,30.37494,24944.43669,22253.76898,1231.39,129.22,-7.557745225,38.382982
-82.479644,27.218358,112799.3928,251078.4418,4897.67,356.33,-47.31102836,36.691274
-81.340066,28.770304,65406.22994,269889.468,4454.9,1167.59,-21.12927669,112.905918
-82.211491,28.619137,14507.01314,11622.70182,854.11,170.56,-3.840774428,13.96027
-83.0342,30.259093,8512.879683,546.31853,337.74,86.6,1.471901491,1.206525
-83.78837,30.163859,7076.036136,297.48482,187.73,72.75,0.139329176,1.3297
-82.385094,30.05605,2241.981613,185.08647,109.62,62.07,0.89337047,0.741372
-81.012684,29.163422,82361.28847,239854.2038,5777.09,1276.66,-22.09949728,98.031604
-84.529633,30.143035,7292.391144,401.0151,184.12,58.18,-0.866797743,1.659277
-85.989897,30.635767,19884.23362,2762.25895,538.34,52.97,-1.402718841,11.292581
-85.765793,30.520344,5811.234713,437.98798,344.41,92.69,2.318765854,8.549038
-82.270069,31.878009,4399.7825,326.36417,247.8,92.17,1.198209289,0.737436
-83.024257,31.324919,0,51.65146,98.38,37.97,1.185679064,0.887865
-82.483683,31.485142,4266.958614,141.60589,151.41,40.83,0.503579904,0.740459
-84.36011,31.343338,0,10.94605,53.24,45.4,0.241356921,0.236819
-83.139346,33.072776,17445.21777,5607.52891,441.86,413.81,3.503547384,1.557937
-83.588397,34.319869,10897.67792,333.41168,199.47,10.52,0.534875103,1.48082
-83.838488,34.00208,17069.814,11039.7211,918.4,212.39,-0.722508854,5.048887
-84.718526,34.183994,19632.97412,6717.81429,756.32,132.75,1.396785202,6.967609
-83.234283,31.725941,5816.688025,1452.77718,259.52,161.32,2.015786371,1.220249
-83.288638,31.245272,6400.54263,278.48335,310.01,79.24,1.000091866,1.735757
-83.653301,32.797737,121718.102,70812.11495,2334.15,2572.3,32.47238315,10.451881
-83.422462,32.414903,3221.683419,248.76283,162.15,90.6,1.03011461,0.611241
-81.967085,31.199715,5815.855008,134.67363,153.03,11.07,0.526103751,0.827668
-83.503932,30.936134,6774.59151,202.24165,259.02,183.72,1.667956017,11.2425
-81.494803,32.03046,6003.562236,2534.13392,303.14,96.84,-0.464587342,2.078769
-81.622451,32.259871,9127.407888,10752.11748,612.44,367.02,3.657946503,3.908709
-81.90765,33.172795,10054.12118,179.037508,312.25,261.25,1.147776089,1.111039
-83.958117,33.289672,5062.934649,435.37567,139.5,88.7,0.426590824,1.83782
-84.746447,31.531137,219.6830292,50.49224,78.25,121.07,1.418648412,0.61538
-81.620006,30.919963,0,3070.27104,474.92,173.83,-1.864873765,3.238302
-82.129357,32.355221,2599.920636,132.5895,152.13,72.68,1.290888076,0.74139
-85.11931,33.589282,22581.35993,7676.73806,869.54,322.17,2.472599324,8.092074
-85.242621,34.92861,12326.26109,8948.0892,565.57,24.71,-2.698476175,14.423878
-82.154378,30.913598,1862.641525,31.24829,85.89,38.12,0.387151406,0.294782
-81.08607,32.044257,0,197215.8866,3574.96,3051.3,17.97277855,13.168899
-84.939473,32.367272,35.18648839,2158.54898,155.75,84.53,-1.19672849,2.168477
-85.308191,34.550037,7513.53687,844.10275,295.19,50.49,3.404626883,1.246641
-84.494595,34.168298,16617.8955,35020.57855,1316.87,172.95,-12.72913248,24.060208
-83.355772,33.954633,0,77230.6071,1548.02,802.05,2.404511477,8.347366
-84.372822,33.584564,355.6685807,139170.4519,2588.68,3358.06,25.23125284,22.964809
-82.780176,31.068629,1921.799868,20.290024,98.18,72.09,2.172978693,0.329919
-84.495749,33.855709,1301.366861,332108.038,6172.38,3135.8,-45.37393614,43.519687
-82.888781,31.544218,16891.59583,1340.44642,445.34,245.68,2.00170756,2.338134
-83.799407,31.164793,0,4254.82608,506.29,256.71,6.897547478,3.03196
-82.100587,33.500958,27086.31428,28729.32847,1033.52,331.44,-8.633432608,5.797566
-83.379136,31.162165,3424.793173,307.8971,208.14,104.57,1.246406059,1.759319
-84.706379,33.351773,19625.86469,12632.12989,1022.56,320.48,-5.42709441,13.14609
-83.885928,32.73161,6336.924351,124.92487,146.05,76.33,0.931510329,0.622223
-83.760972,31.943146,9804.817158,1242.05253,301.09,253.56,4.342754667,1.300558
-85.526405,34.77678,0,374.73823,205.6,3.19,-0.258426327,1.230735
-84.011803,34.372599,6139.663845,553.32054,150.58,3.1,-1.097305881,1.349658
-84.531934,30.8702,7823.324474,957.79462,365.14,273.92,1.414591697,2.106427
-84.342339,33.954081,0,546400.2538,7444.42,6968.25,-2.000706539,53.143708
-83.201024,32.369536,7659.38286,288.31257,288.17,160.83,0.966472748,0.467146
-83.926369,32.174792,1416.67143,83.79016,88.36,100.11,1.406892134,0.293458
-84.163387,31.576601,3167.396133,35115.56371,1427.84,1876.92,25.82409034,6.517196
-84.752947,33.718008,25946.74802,22199.0984,1050.12,891.94,1.283552804,9.002912
-84.887736,31.32101,5080.974695,111.449457,269.79,250.34,2.792971773,2.20004
-82.847414,30.703963,1756.361302,34.412519,109.3,5.32,0.74147371,0.614792
-81.410128,32.480361,8043.02147,2069.46418,506.09,134.54,-3.116395241,2.023852
-82.747021,34.038976,8216.95071,1030.27704,260.08,148.58,2.138336185,1.504226
-82.308171,32.660535,6689.037,237.82262,305.29,185.67,2.973944089,1.38847
-81.913685,32.221401,943.7751858,201.60539,148.79,84.68,1.575422855,0.228066
-84.518134,34.923219,5117.91629,492.35995,252.53,1.01,-1.177470543,0.899489
-84.578961,33.379942,8122.386182,15880.1054,1025.23,437.94,-12.34848703,13.237793
-85.205753,34.27644,1691.303673,15207.56181,1039.3,308.09,6.426626734,5.695906
-84.1908,34.098965,27936.62053,57717.4219,2260.3,152.96,-25.56260621,35.586226
-83.129994,34.413083,4333.147291,546.74384,254.14,45.28,0.604098239,3.753546
-84.383006,33.784167,290.8157141,892741.3329,10403.28,9549.52,5.754605759,109.857422
-84.328785,34.688592,7112.19614,545.93119,250.15,3.22,-0.66492885,1.196257
-81.470496,31.219015,0,14017.19942,799.02,403.42,-0.22172075,4.719809
-84.997522,34.422155,8765.191746,3858.05999,454.6,32.19,0.445271229,2.497096
-84.248116,31.030772,5159.36345,476.79059,307.66,161.15,0.74506772,1.538866
-83.103617,33.452047,6209.723425,480.64354,349.77,244.23,-0.215516262,2.090575
-84.108243,33.907024,0,341830.4985,5756.47,3110.46,-21.08014281,39.170509
-83.60718,34.604891,6677.153558,2016.34395,422.15,23.43,-1.046032268,2.073455
-83.834592,34.310988,35141.38385,34926.5602,1811.84,256.59,0.685931258,11.441019
-82.944092,33.312792,2392.22029,33.19029,97.18,133.35,0.242033821,0.22741
-85.183668,33.753834,7725.97002,590.39421,256.8,21.91,1.08074434,1.993315
-84.976577,32.710571,2257.428599,412.86106,251.31,85.63,-1.465339284,5.001687
-82.938157,34.42145,4836.335073,550.11275,250.63,86.71,0.294149321,1.391429
-85.155916,33.37864,3312.508686,122.51565,152.38,25.9,0.557847689,1.037278
-84.253385,33.626408,1173.331717,25587.2398,1307.19,1128.09,-3.984385013,16.782473
-83.611163,32.610761,18224.9689,34690.55287,1175.57,802.69,0.329695686,7.821737
-83.209672,31.575069,2474.204086,48.71875,93.6,38.94,0.495821108,0.563553
-83.689517,34.159771,10744.08948,2530.31765,552.87,73.12,-1.60146868,4.368831
-83.611245,33.418219,5414.509365,116.98456,154.03,47.64,0.118614601,1.513692
-82.726911,31.750077,3398.886897,177.916992,154.4,47.05,1.084143238,0.559802
-82.427778,33.020095,3179.788664,120.56916,208.46,198.87,1.612892238,0.544246
-81.936004,32.849435,0,49.40139,106.19,73.34,0.691550329,0.271424
-82.8144,32.723882,691.2800331,102.87454,129.32,87.51,1.578233686,0.359273
-83.664909,32.945233,7839.618354,913.15078,311.73,142.3,-0.510061672,1.650793
-84.214997,33.036095,2373.955324,330.02317,154.17,91.41,0.900084451,1.753283
-83.006223,31.032657,3110.004032,100.97744,102.91,35.51,0.47333118,0.608822
-82.924525,32.546187,16764.26457,4724.88352,685.5,504.16,3.552753699,3.049159
-84.212243,31.73337,10320.18746,1148.37832,252.83,110.44,-0.712620805,2.454924
-81.413903,31.708937,8491.402027,13048.27373,670.68,584.91,1.780794124,3.36297
-82.387583,33.736501,3331.20496,74.83454,106.14,63.45,0.272516911,0.33681
-81.819632,31.796653,2145.929946,104.23223,100.67,49.34,0.196453464,0.663568
-83.290137,30.852914,11572.7751,34509.92396,1216.86,873.56,6.353673271,7.785047
-83.937753,34.633149,2630.732,525.14956,205.45,9.04,-0.649705517,0.9827
-82.550163,33.480617,5718.234655,688.02861,269.57,184.33,0.906832173,0.922994
-81.25583,31.515317,6675.574839,114.30732,148.82,104.93,-0.038253676,0.299558
-83.955317,32.312112,700.257126,144.4192,190.98,237.38,3.421260054,0.855327
-83.309348,34.069827,10511.17595,692.91584,304.17,55.73,0.487523571,1.611539
-84.521952,32.435374,762.1533066,46.3188,104.29,62.85,0.486094367,0.952762
-84.697547,33.023118,6123.066356,198.37279,205.83,168.65,2.086468672,2.131112
-84.823151,31.146019,1411.875224,75.39795,155.94,91.66,1.184861794,1.038406
-84.32413,31.134268,6530.531005,229.17986,247.76,238.21,4.550373234,1.50182
-83.85633,33.100837,7158.22352,448.66374,249.1,119.72,0.012294305,2.374413
-82.548009,32.173424,0,114.13042,151.41,58.29,0.792516064,0.510094
-83.604539,33.609809,1080.571872,262.8552,254.33,87.03,-1.543681785,1.518172
-84.695003,34.7285,1492.44012,1671.81261,406.32,6.63,2.35853096,1.303527
-84.969623,32.480453,595.9002884,123243.4936,2703.26,2699.6,33.02644218,34.54121
-83.869408,33.613691,20335.13022,9742.0865,676.08,540.4,1.693181869,5.139875
-83.391821,33.858036,8239.017042,1606.07448,306.46,29.11,-3.739030764,2.415939
-82.95428,33.953992,8046.029924,175.73247,201.3,75.54,0.533252841,0.812042
-84.744537,33.908161,29765.67974,15335.10203,969.92,361.41,-4.631944751,7.531332
-83.86182,32.495698,5749.38167,1139.98543,305.72,268.07,3.35276944,2.466975
-84.515379,34.518365,8360.211162,939.59647,303.2,5.65,-0.803554271,2.058705
-82.106129,31.3754,6086.310904,241.63575,194.25,34.81,0.554464662,1.431298
-84.438663,33.164295,4643.238476,337.50012,203.66,31.29,-0.465067716,3.449154
-85.345863,34.001733,0,1100.08063,355.01,85.32,1.513833192,1.417631
-83.514513,32.180282,7466.401209,152.85967,171.48,109.53,0.563883429,0.329681
-83.430186,33.328136,6693.228145,358.71214,253.89,117.13,-1.133756752,1.725454
-83.520491,34.813371,7763.22498,231.4093,250.55,12.93,-0.141090167,0.797077
-84.681649,31.798877,1464.082909,31.998639,105.07,111.59,1.362937104,1.109547
-81.957697,33.465915,112204.228,87090.5066,2437.62,2655.41,32.52190178,8.762665
-84.016724,33.564745,29211.70471,15841.9982,787.34,777.46,1.549181077,5.876498
-84.308535,32.200534,1010.684199,62.5926,100.3,48,0.423688859,1.084037
-81.601903,32.899219,5078.1799,130.13822,255.8,205.18,1.105162148,0.919279
-84.806061,30.927856,2926.002719,190.42493,157.78,94.74,1.265610303,1.837221
-84.174813,33.219149,22368.19789,7578.96968,615.22,422.07,3.311296186,6.546818
-83.332457,34.618423,7126.53418,1463.62901,271.59,68.66,1.431391245,0.996801
-84.695331,32.085984,103.2026556,28.01463,76.03,109.44,1.213240524,0.638643
-84.249919,31.992979,4929.540742,3015.81437,368.53,339.8,2.940230146,2.904958
-84.48789,32.701207,3408.463038,49.00194,154.58,170.98,0.834808579,1.779653
-82.121889,32.23241,4008.933472,276.73705,223.64,134.74,0.477017265,0.649156
-84.290981,32.504556,2906.015591,74.15708,155.88,97.74,1.544943732,1.356686
-82.887829,31.8744,0,131.22507,140.9,97.88,0.37625412,0.294672
-84.355617,31.686259,3052.244369,183.942358,211.07,212.53,2.324994534,2.002141
-84.028928,30.963908,13075.05755,3781.38833,580.23,383.2,3.239512011,5.420479
-83.48947,31.439084,12120.54152,4128.52836,464.05,224.98,-0.049820094,2.281504
-82.384811,32.189247,1695.986908,1131.21589,316.85,142.31,3.115518631,0.800492
-83.743559,34.872842,4092.721644,248.10437,158.69,4.3,-0.782485767,0.250643
-82.612531,32.370932,802.1952055,45.96472,48.62,35.73,0.595038174,0.237978
-85.040605,33.028956,13586.76649,8074.51146,727.47,493.78,4.286103469,10.970323
-83.70647,31.726576,979.6669554,58.71454,103.71,73.14,0.666051856,0.359013
-83.441433,32.596382,3066.321388,46.16312,101.7,87.2,1.324763786,0.370779
-83.924418,34.873824,6780.21318,538.62338,308.85,3.83,-1.964111563,1.361672
-84.438397,32.90361,8012.302326,1471.62966,360.13,186.8,0.992000961,2.370897
-85.347261,34.853083,11452.98185,5974.28466,653.2,55.68,0.369021472,8.933057
-83.892219,33.801118,11649.20226,6574.16714,769.26,250.89,-1.717471016,6.018507
-82.360108,31.224913,17121.7225,7208.93094,462.8,319.95,2.996064695,2.603007
-82.720059,33.430554,1773.948715,44.28888,106.78,122.06,1.334885379,0.171622
-82.652052,32.908862,2416.447193,234.664379,247.54,252.56,1.744663242,0.558353
-82.02779,31.714561,18283.80159,1314.07823,299.94,104.69,0.373422988,1.280261
-84.564352,31.989197,324.138877,24.9636,102.62,74.54,0.568602208,0.561249
-82.668503,32.11618,802.3820486,56.96976,74.55,78.84,0.869016752,0.082029
-83.810681,34.655136,4619.814405,717.43245,252.63,5.59,-1.606053287,1.805962
-84.987039,34.747966,23626.76873,14995.77055,854.37,63.89,4.326912002,4.357275
-83.31095,31.96145,0,92.31365,180.86,120.26,0.951972217,0.571001
-82.682509,33.682436,1909.251921,85.36627,204.78,151.26,0.052567225,0.312886
-83.186223,32.859375,1794.983796,79.61452,154.76,115.75,0.612686977,0.589628
-83.891261,31.385674,4745.982875,239.16514,255,123.53,1.296609817,1.851658
-116.295789,43.33301,11813.87985,190130.3732,2949.95,80.45,-24.47648313,117.251123
-116.508274,44.835445,1661.166976,7.152905,96.41,0.65,-0.486495535,2.914887
-112.446333,42.903045,1018.024058,44215.42558,1102.07,17.27,-0.320518607,98.607681
-111.192643,42.257015,885.2341972,12.37162,101.46,1.76,-0.949041862,3.261332
-116.508115,47.189538,1492.687337,23.732842,99.35,0.12,0.205146148,2.60658
-112.701386,43.258067,4001.067054,1097.023656,398.18,2.17,-0.014356223,51.287733
-114.082055,43.590593,635.5254192,75.043878,190.51,2.89,-2.11120071,5.573724
-116.235812,48.168492,5163.602594,3331.538004,445.17,2.11,-2.783806217,15.583393
-112.030107,43.49119,13601.7465,45703.92377,1051.11,10.55,-6.691973956,60.472599
-116.237854,48.856005,809.206902,24.901508,99.39,1.25,-0.625172973,1.811226
-116.685152,43.658336,8250.444807,65761.18549,1465.35,10.25,5.813693769,43.85624
-111.865817,42.706552,401.8991198,10.056661,96.63,0,-0.843840914,3.940218
-113.781889,42.54231,7335.141084,2143.35313,293.28,1.47,-1.156005237,12.625599
-115.628184,46.68261,1516.612031,58.338134,90.31,1.16,-0.61695172,5.9048
-115.869518,43.073931,1512.461664,399.149389,237.12,14.37,-0.775371263,9.879013
-111.717267,42.063286,648.7888638,52.46539,97.3,0.53,-0.7446351,2.445756
-111.507059,44.289165,1352.381502,120.943699,146.92,0.43,-0.895973763,10.519483
-116.366454,44.093462,866.8783776,846.779451,150.76,0.34,-0.062857852,5.780532
-114.754786,42.763027,892.16603,60.06454,97.44,0.17,-0.067995889,3.82308
-116.505649,45.93491,1955.791266,31.939876,137.82,0.35,-0.510870764,15.185771
-111.947607,43.670031,1666.844949,715.510098,197.51,0,-1.736398895,9.395988
-114.14192,42.673504,2722.533427,4479.289845,250.61,1.29,0.749953929,9.729228
-116.530589,47.621065,16562.24009,39801.57533,1264.27,8.92,-8.350394071,70.068802
-116.791712,46.953444,2774.242463,1283.63106,341.27,6.83,-3.043047374,16.256014
-116.402329,46.272814,1286.019268,75.245363,101.57,0.24,0.330941328,17.233689
-111.823974,43.762463,1290.895893,15479.00589,295.58,1.76,-1.293447056,9.489755
-113.835986,42.670687,3456.554613,927.030632,249.69,0.76,0.029238322,7.210239
-116.850441,46.124353,2079.637195,13379.97059,456.19,4,-1.590095602,65.806113
-116.160231,42.568657,2016.520372,168.81702,146.36,1.81,0.063343849,4.190726
-116.796109,43.908784,1783.064202,465.61801,199.4,0.29,0.503233982,9.134409
-112.715336,42.595651,952.2330914,12.80108,99.29,0.25,-0.05312957,6.67932
-116.099342,47.508649,3474.004017,93.626592,150.66,0.95,0.843614847,6.108832
-114.469287,42.556853,4187.279764,18273.87814,709.21,8.7,-3.116763542,45.757017
-115.46694,44.7186,2174.556986,23.130053,145.27,0.22,-1.648407551,4.209157
-117.060986,44.426915,898.0602396,36.211182,153.8,0.44,-0.312825305,4.866047
-91.385655,39.941739,5300.98933,36307.78481,917.56,90.67,-3.335547601,52.425377
-89.171197,36.988689,1603.713115,36.03363,105.68,30.65,1.030003174,5.410552
-89.538264,38.9239,1713.051543,1154.49491,197.95,22.47,-1.296923119,3.235371
-88.850468,42.244078,2438.141973,10302.7264,352.33,12.7,-0.207454248,28.409489
-90.750229,39.961493,258.3748103,8.019825,50.58,0,-0.547229404,1.432638
-89.195936,41.371139,4851.148215,1971.65643,507.66,9.69,-2.571665303,9.312476
-90.709826,39.303999,0,38.12537,99.62,0.57,-0.955145091,0.450827
-90.005863,41.967974,1952.719883,799.01186,298.78,8.76,-2.014788644,15.492168
-90.376582,39.986572,600.205011,5008.53987,250.43,25.27,0.084559426,2.230927
-88.212131,40.10474,11771.62887,231925.7725,2143.69,617.16,-3.981995952,23.945117
-89.074506,39.383256,0,7815.58291,497.8,11.04,-3.38769074,11.33784
-87.694088,39.334188,1113.009789,484.71482,201.71,2.25,-1.097520718,2.286945
-88.476551,38.67039,1656.409731,422.14974,196.45,3.46,-0.205747854,3.818845
-89.314555,38.530417,1539.941598,723.7101,385.63,20.04,-3.673563886,9.748526
-88.374644,39.467577,2740.715077,13769.3138,618.87,43.62,0.209888372,18.397061
-87.728134,42.027956,25964.11859,17892264.49,67172.65,36943.38,375.1442124,1147.668491
-87.740775,38.997992,1820.102564,2367.39326,294.55,31.62,-0.195496599,2.956787
-88.095093,39.256216,669.0425118,94.03167,147.39,0.25,-1.237631712,2.622547
-88.769716,41.934209,2296.72056,33019.19087,1062.5,149.43,-2.618995216,13.56331
-88.949231,40.148101,1087.957695,3163.95355,250.52,2.41,-1.478738104,4.2079
-88.20621,39.827311,792.803208,1406.83648,253.44,3.66,-0.77222309,2.267
-88.091069,41.930012,16648.87439,842776.5545,10933.85,993.4,-103.3398143,169.845567
-87.732004,39.546876,1543.429852,671.1949,253.96,1.46,-0.86076458,2.490377
-88.056486,38.381015,0,39.57677,99.59,0.91,-0.866842878,5.017599
-88.557128,39.151075,3411.611649,1659.23852,403.66,5.34,-3.885777563,16.009306
-88.860435,39.107333,2858.491694,1719.76445,336.46,21.85,2.360837557,5.119126
-88.183974,40.814705,3033.447645,1464.24566,248.65,4.04,-1.153751939,1.579158
-88.91655,37.97842,7745.235731,4430.79681,608.75,10.22,2.57443537,6.782827
-90.007137,40.698775,4621.665679,6429.96511,583.16,30.19,-1.293305863,8.298182
-88.226356,37.691987,1671.534502,31.3498,102.59,0.96,0.205479668,1.68033
-90.514049,39.344592,1201.23644,1131.320029,250.15,5.89,-1.42681021,2.688554
-88.290985,41.171726,2777.435071,4894.51301,491.04,11.34,-4.417498714,7.488811
-88.551903,38.097404,1068.850116,309.56349,150.74,1.14,-1.116630045,3.587467
-91.020438,40.546976,4198.705279,753.54858,348.45,4.45,-2.05379469,16.427159
-88.204443,37.518929,1568.358529,45.8418,100.08,5.43,0.357286867,1.475467
-90.871789,40.991177,0,29.89238,100.3,0.11,-0.827511242,18.409517
-89.931164,41.238755,1416.868904,5529.49626,603.71,20.39,-4.393731665,17.749162
-88.036505,40.622603,5630.35895,1007.06501,459.22,7.45,-2.205992596,6.677589
-89.488993,37.729334,6965.771044,15931.61558,709.42,218.06,4.570920818,8.88294
-88.170096,38.940794,1238.400866,1304.34976,151.85,1.54,-0.649372526,4.255984
-88.933509,38.335128,8279.072068,7360.50897,546.13,116.64,2.975732085,15.6655
-90.31865,38.989315,2925.081123,467.65787,252.09,1.55,-2.719824414,5.711744
-90.427422,42.412152,2441.179591,309.95664,298.83,3.26,-2.84394004,15.431234
-88.768486,37.399695,958.3635339,94.48124,163.25,0.74,-0.444293037,1.488569
-88.324859,42.046982,6448.820392,336761.9959,4048.75,494.18,-5.206309539,95.231989
-87.863454,41.185147,9655.306183,41577.16032,1478.59,567.12,1.752366535,45.303341
-88.360356,41.704336,1923.009285,23186.8353,504.11,65.01,-3.342831543,13.877962
-90.341886,40.956556,6346.075845,15300.21307,801.9,140.18,-0.220024926,16.861275
-87.975773,42.162056,18591.41068,439198.6084,7605.6,1093.64,-37.91732449,173.235652
-88.841841,41.113583,5916.127003,29243.07808,1404.18,55.86,-2.584164845,38.578232
-87.768507,38.640324,204.6570857,1831.83274,241.68,26.46,-0.238282031,4.855248
-89.112126,41.685775,3924.714785,3739.73155,432.57,30.62,-3.077992101,8.474838
-88.610295,40.894535,4342.723701,4037.45504,493,34.36,-2.025024058,5.634557
-89.48705,40.236475,1983.347805,3842.7702,405.86,41.31,-2.517996238,7.362441
-90.655321,40.479483,1401.035451,8095.356375,505.4,50.89,0.050268271,8.809724
-88.361705,42.173566,6877.905419,99194.6489,2609.25,77.15,-23.364422,47.315899
-88.983639,40.478781,3462.099821,123530.5709,2099.73,342.05,-13.11062905,30.055092
-88.968358,39.862027,10003.8867,60767.55825,1785.57,593.41,11.29416107,123.791617
-89.788906,39.011815,5927.180992,4412.16878,656.25,10.95,-2.468119315,12.597201
-89.940141,38.797562,24080.12722,96150.9133,3142.11,655.33,-3.292614716,118.683062
-88.829014,38.551665,6843.219848,8035.06359,606.86,43.85,2.579869829,10.070601
-89.171383,40.974882,1508.961155,675.05952,251.9,1.6,-1.640875516,2.578755
-89.700864,40.192387,4103.520619,1593.95513,304.95,3.9,-0.935521335,3.161272
-88.700932,37.150852,2510.863395,2495.6749,213.16,22.98,1.043741336,1.769608
-89.705218,40.045184,1008.274038,240.1626,153.66,1.73,-1.214089842,6.251757
-90.748827,41.193591,0,273.56954,200.37,2.54,-1.638767882,10.731429
-90.230398,38.432703,701.1284028,1922.77768,302.53,0.94,-4.043382435,33.016608
-89.239146,39.292306,3904.995662,2812.10917,394.33,18.77,-1.743093559,5.777038
-90.214327,39.735713,3534.425211,10802.11338,500.67,65.58,-1.554104144,8.374557
-88.690868,39.598347,422.959336,1743.6987,202.29,3.51,-1.72347357,6.21604
-89.103813,41.903418,3382.678339,1797.3695,553.38,14.21,-2.67510144,9.15493
-89.559547,40.712683,23729.27416,121442.9247,2474.62,1073.38,18.89818313,37.987797
-89.265309,38.023789,1805.860057,1741.84317,282.6,34.48,0.556507139,4.415372
-88.526641,39.906709,2053.460508,321.78152,203.25,2.2,-1.859389295,7.140322
-90.806001,39.611359,1867.625811,446.65426,252.84,5.7,-0.807952916,4.044678
-88.564305,37.491088,0,24.36452,92.25,8.28,1.067843571,0.95732
-89.192622,37.221898,0,55.28892,101.29,61.94,1.057434839,1.644484
-89.219878,41.257591,639.0359624,85.91238,96.45,1.4,-1.091381207,3.521941
-89.748003,37.962952,566.3311061,1155.22555,419.53,62.85,-1.8015721,18.9894
-88.07179,38.741064,2846.103762,4763.70834,256.46,4.37,0.533128039,21.028263
-90.474091,41.515803,8824.830616,105890.6995,1978.79,483.08,3.976993348,99.259115
-90.063664,38.595191,16589.52599,88904.17278,2844.47,1850.28,10.14969766,132.932361
-88.557327,37.720764,5172.812509,5282.71562,457.51,22.81,1.941376585,3.668916
-89.60958,39.826993,20811.54554,112509.4797,2742.55,886.7,3.223274979,42.291647
-90.551128,40.129581,271.8050708,436.545088,143.42,24.73,-0.616108736,2.035382
-90.438231,39.584144,659.120809,39.66313,101.93,0.21,-0.55286737,1.358855
-88.633124,39.413885,1091.756492,805.6002,304.16,3.27,-2.304965154,4.723131
-89.794232,41.040264,1725.138391,38.49031,101.37,1.79,-0.619132083,1.465214
-89.659366,42.278391,4348.120292,11258.65492,669.36,141.11,0.242788745,15.340326
-89.660423,40.557862,0,39775.26551,1524.49,38.95,-10.84522814,41.843476
-89.379478,37.520907,3246.891867,854.93933,249.66,7.22,0.671358742,2.244333
-87.617732,40.126984,15619.75901,18308.67436,1230.45,345.82,2.400748954,8.105604
-87.850867,38.450323,457.67334,1205.16508,203.03,3.34,-1.033950819,10.693813
-90.64745,40.923719,910.4538895,1927.44204,258.43,11.08,-0.578621447,15.939522
-89.286279,38.43267,1703.102467,322.75985,199.37,3.46,-1.711942446,4.524562
-88.535613,38.497247,1264.261487,880.47114,252.77,7.82,-1.168465889,4.241026
-88.168067,38.074535,5779.90508,1512.90516,255.31,3.53,-0.205332819,4.9286
-89.690844,41.719727,3722.683613,18500.96684,909.51,32.38,-5.487580945,27.430826
-88.170483,41.543624,20459.69121,435225.2613,7598.62,1826.75,-38.91150119,130.561254
-89.026623,37.833978,5156.152112,12298.67325,755.86,66.5,0.512049556,10.242647
-89.122441,42.243405,21327.66694,205279.0935,3887.99,1168.09,34.20060541,112.009684
-89.045749,40.882752,2399.20811,1115.54032,450.15,4.59,-4.578009571,12.849817
-84.935663,40.703299,0,2396.64753,352.98,9.45,-1.76442596,2.014262
-85.149967,41.08515,22718.33646,232430.8546,4790.32,1162.49,-1.921403101,102.336036
-85.889554,39.20933,8057.670309,18372.42727,746.3,28.05,-4.071854116,8.803386
-87.180764,40.584586,0,66.18498,149.94,1.61,-1.072761637,1.78873
-85.325865,40.524256,621.1248928,3020.98894,201.9,0.13,-0.480499592,0.691463
-86.262008,39.944887,0,7864.69672,505.92,13.81,-6.401541133,5.614388
-86.159913,39.316399,5087.283144,262.44901,203.7,2.16,-1.540435511,2.189341
-86.441935,40.489238,0,1221.50606,347.69,8.59,-3.659398964,5.258666
-86.41268,40.83897,1259.906791,15331.42328,546.54,13.55,-1.893432559,6.030321
-85.720316,38.308251,13277.76855,47681.01079,1338.06,190.53,-5.963729939,61.678614
-87.100192,39.527068,0,1828.81789,303.19,4.35,-2.455216132,3.025731
-86.499455,40.291366,4914.894485,10719.74119,405.37,7.29,-1.522651193,2.530289
-86.540764,38.333253,2748.925817,120.49167,147.65,1.21,-0.383345697,1.29302
-87.167275,38.741389,1197.564112,4889.9402,297.78,6.67,-1.128538022,6.941855
-84.838365,39.181252,0,3377.13407,499.25,9.14,-3.732098661,58.921355
-85.586541,39.187035,0,4172.61839,301.83,4.03,-2.24125155,8.324464
-85.001698,41.485233,4219.752618,3105.17904,452.16,6.06,-4.154144932,9.666772
-85.272537,40.155357,10953.75494,69742.71939,1553.23,289.23,9.870160999,18.414813
-86.94885,38.292949,0,2986.94672,350.94,10.12,-2.7172496,3.904969
-85.829497,41.652729,2587.554184,55956.83794,1829.46,234.18,0.334727697,41.350705
-85.139707,39.629401,0,7397.45516,353.79,15.49,1.021306851,6.176388
-85.815262,38.311697,7336.840208,39320.81986,1027.1,126.61,-3.891949168,25.126628
-87.279902,40.015868,0,2717.72388,249.33,0.96,-1.390962832,1.575045
-85.238917,39.365705,3308.182354,590.74525,254.14,0.72,-1.253408584,7.318988
-86.054476,41.03435,841.7425548,1827.55789,299.8,5.72,-1.774290212,3.00619
-87.543154,38.425421,2538.098547,2739.05372,346.28,16.74,-2.484092684,7.124414
-85.66248,40.558241,6909.141646,15104.9163,826.78,124.66,1.194797561,4.707666
-87.154937,39.036181,4642.430218,2949.1837,453.61,3.91,-1.849414444,3.975971
-86.032523,40.132804,0,74259.6373,2003.3,129.77,-26.53957376,24.933568
-85.867387,39.741252,2351.986333,9005.25687,504.41,18.88,-5.502085477,16.708353
-86.146755,38.375978,0,618.86482,303.11,3.98,-2.05467156,4.795532
-86.382083,39.689971,0,22858.39333,1057.84,120.16,-10.26597746,17.887172
-85.375674,39.930759,2919.260998,15161.00128,633.15,34.57,-0.093467293,6.252662
-85.934508,40.489107,3464.197572,37413.2288,1032.87,163.88,-0.026613787,13.642439
-85.511111,40.965313,2024.02143,5376.37034,457.44,8.12,-4.427232179,3.208688
-85.868498,38.97193,8144.948115,10202.97811,502.36,10.33,-0.925502419,6.474612
-87.209236,41.212188,0,1224.09306,398.43,5.18,-2.300308108,7.471242
-84.999154,40.431677,1634.154172,1780.06471,303.12,2.62,-1.50598037,0.979699
-85.382199,38.735871,0,5604.86226,366.19,15.01,-0.520799433,15.706824
-85.729644,38.975732,4422.408622,2043.97664,294.23,9.83,-1.986301958,5.706683
-86.124419,39.606181,6482.287486,39701.0173,1125.97,54.14,-10.02766236,26.642894
-87.280114,38.838389,759.505292,16142.85413,492.84,27.4,-1.32164297,9.222746
-85.853769,41.237614,6368.593444,9748.3229,898.65,11.72,-5.035515835,10.45696
-85.566448,41.619317,2695.751034,896.59678,343.27,1.44,-0.804295885,5.64559
-87.358171,41.460309,16166.09011,332606.772,5957.53,3744.62,32.57854935,176.052863
-86.880355,41.705425,13092.90118,39957.89742,1394.2,339.89,-0.973842821,108.800949
-86.499379,38.865505,3575.909789,7210.24706,511.58,4.93,-1.551475775,2.480918
-85.701129,40.105343,12243.87211,53798.33025,1844.36,294.3,5.209102692,15.229637
-86.103163,39.86185,0,806545.9908,11589.53,6691.87,52.37750549,180.76889
-86.142849,41.450089,0,2977.08094,549.58,8.78,-1.893314054,12.556476
-86.903821,38.666197,0,321.62061,101.91,0.87,-0.705010122,0.682736
-86.056703,40.758024,4920.121868,10080.29208,413.62,61.21,-1.125130568,4.927993
-86.477278,39.171937,12374.6938,90360.43077,1559.08,91.68,-5.975985009,9.558349
-86.891802,40.026661,1218.379679,5629.12692,443.09,6.46,-3.359761896,3.99219
-86.302112,39.439067,0,12294.38744,656.62,6.27,-2.850927024,10.525296
-87.356729,40.839862,885.2084524,165.52601,202.35,1.46,-0.372200528,2.045776
-85.265417,41.3257,3583.909108,6182.45304,496.17,4.65,-2.491872513,5.270409
-84.973259,38.949907,0,430.33852,100.64,0.98,-0.876565306,38.898715
-86.566221,38.622031,0,960.70559,299.29,15.81,-0.402207485,3.043083
-86.850181,39.416958,0,375.28105,244.22,2.44,-0.902385608,1.34985
-87.203651,39.871038,0,286.87596,203.84,2.25,-0.746230886,0.915841
-86.757585,37.970347,0,2004.44928,236.77,12.28,-1.679614759,3.63175
-87.321566,38.468392,524.059076,509.04396,200.33,3.44,-0.436162628,2.565539
-87.192013,41.536046,4145.118996,45339.34651,1512.86,112.81,-12.78693529,49.872595
-87.881537,37.939165,1563.969896,3096.99954,351.44,15.03,-1.948452158,18.096015
-86.767174,41.108744,1716.182304,302.99265,197.67,0.68,-0.341956697,2.487741
-86.883414,39.657299,0,1122.67238,333.79,15.33,-2.710572376,3.661058
-84.910765,40.247922,0,1476.75004,405.41,4.55,-0.844435122,3.279152
-85.171352,39.017753,961.6389672,522.16172,304.11,2.83,-0.94449244,15.148769
-85.368719,39.620046,0,1716.86756,257.66,10.17,-1.03642569,6.511503
-86.20627,41.676563,27760.86359,192896.1417,3762.37,1192.33,2.756385364,144.188464
-85.671297,38.655005,2546.564216,2205.84804,254.43,0.85,-0.059548703,5.524389
-85.7823,39.517041,5501.462791,13791.65753,507.81,12.92,-2.254203082,35.428704
-87.16786,37.886701,0,303.29421,250.82,3.83,-1.696043139,4.758012
-86.724066,41.253976,5142.299515,1196.90105,300.61,6.58,-0.494866245,5.861369
-85.006946,41.555232,8441.116098,1930.94083,442.83,2.27,-5.247408402,13.16308
-87.349465,39.201967,2461.357272,578.76922,230.94,22.1,-1.352457626,2.64115
-84.911304,38.847158,0,122.60737,100.82,1.78,0.482453567,29.796955
-86.900997,40.406407,11103.34437,133570.5729,1757.95,194.37,-5.734373306,15.217813
-86.126902,40.36237,360.2541429,316.08025,199.84,0.31,-1.580468667,1.919111
-84.924499,39.678989,0,88.86757,102.37,0.47,-1.198556828,1.632059
-87.461655,37.96835,18125.16123,136871.799,2480.57,557.22,5.829930249,152.421582
-87.402409,39.657324,0,1925.47897,248.66,3.96,-0.950980764,1.144846
-87.415954,39.491378,18409.39707,52411.3626,1413.42,205.62,9.363056235,14.984763
-85.835085,40.784482,2424.753565,5481.19582,409.32,7.87,-1.917131476,2.390726
-87.235127,40.398108,0,47.23329,100.1,1.11,-0.945134232,0.673866
-87.380498,38.001977,6938.442259,10831.29862,558.85,15.56,-5.237695433,25.088632
-86.061523,38.603177,0,2391.5969,301.64,0.62,0.237281066,4.199761
-84.885756,39.831672,5557.819304,20167.51516,870.97,78.18,-0.212437417,10.716877
-85.153262,40.728256,0,2681.4346,355.73,5.55,-3.429324171,2.894478
-87.003032,40.717353,510.9818238,2222.05285,398.32,4.31,-3.381515475,6.031442
-85.368105,41.2227,0,1056.56827,350.24,2.65,-3.968157027,4.229467
-94.502497,41.29751,1491.95261,87.17255,151.89,1.42,-1.126995201,5.918339
-94.673268,41.047708,938.6245982,28.917507,100.04,0.1,-1.031533849,3.401669
-91.506538,43.179437,131.5116534,343.06858,102.1,1.12,-0.994453462,1.599599
-92.875586,40.713242,3339.571366,878.15106,251.26,3.23,-0.472401705,7.177355
-94.932008,41.713621,1267.449779,155.605901,150.28,0.58,-1.533864485,2.796756
-92.265851,41.897961,1660.18685,767.50489,351.1,2.78,-3.437906841,18.708494
-92.392163,42.491362,3581.837491,88272.50447,1857.13,447.73,-2.508428788,106.593295
-93.903227,42.052131,1297.260979,4058.21569,346.87,4.23,-4.219339974,17.071243
-92.102155,42.857201,297.9278056,2147.97913,404.09,8.18,-5.519305086,14.700705
-91.727916,42.554965,2927.343412,1218.38799,304.41,0.98,-3.060009795,18.916617
-95.230374,42.655377,1099.000522,1087.47999,303.29,10.01,-1.178741501,6.659048
-92.802076,42.603268,396.1915022,148.53024,250.48,5.39,-2.192734937,6.984871
-94.763055,42.472289,2062.515506,80.98293,190.3,6.87,-1.945504377,10.014873
-94.866209,42.081349,58.37996,2101.95931,205.66,0.52,-2.23966202,15.73304
-94.991835,41.403312,1269.948947,909.64409,202.29,0.86,-0.876407393,3.236312
-90.955752,41.687614,1404.540547,255.42453,251.88,7.56,-2.746810999,12.487427
-93.189857,43.171309,2059.010478,8343.79179,558.35,17.65,-4.250267294,30.001858
-95.554101,42.76511,650.9861436,292.705877,190.78,7.22,-1.891560262,4.241758
-92.312017,43.068851,907.1024956,347.75813,198.04,4.01,-2.6169474,4.038688
-93.670421,41.028171,1438.149467,692.504372,149.23,0.29,-1.22249791,17.795155
-95.278005,43.081312,666.5389473,951.3214,152.7,3.22,-0.425673088,4.214006
-91.392074,42.864244,1388.416925,154.30304,294.71,4.89,-2.618248405,12.651829
-90.196517,41.865282,2306.532655,13248.1663,611.05,36.27,-2.084791853,44.015036
-95.480507,42.139142,234.4106988,448.65027,246.18,6.88,-1.051182996,10.683211
-93.823991,41.614877,2137.923705,20096.9045,749.47,26.67,-9.290864445,38.769567
-92.526382,40.750382,113.0711037,35.57093,100.91,0.09,-0.653404704,1.415959
-93.921187,40.755255,438.4896,124.579201,149.77,3.85,-0.204163776,7.827163
-91.45399,42.485235,1407.920489,645.15985,200.15,0.74,-2.164659001,6.675871
-91.113543,40.795327,2402.640346,17520.93643,564.33,62.69,-1.650467407,166.915555
-95.279436,43.374271,552.0930432,1298.68943,200.54,2.02,-2.22699081,6.200876
-90.65665,42.523468,4114.2942,63043.22948,1317.75,104.49,-8.204671298,185.538445
-94.754596,43.387088,543.3967324,387.25303,99.39,1.29,-0.40917654,3.733152
-91.911026,42.660488,1275.773086,694.15793,297.57,9.97,-1.875269544,9.119885
-92.684053,43.108001,595.975124,1025.68863,204.18,6.9,-1.560825053,7.583796
-93.21893,42.737474,19.55234759,212.376724,149.74,0.83,-1.064216915,3.375724
-95.74599,40.733505,2829.861175,53.314185,150.67,2.7,-1.353728354,4.267026
-94.533649,42.056036,22.15575496,70.780128,201.28,2.41,-0.835106358,21.581147
-92.914317,42.305174,1822.311783,135.6689,204.36,2.32,-2.574107102,11.383745
-94.619216,41.692955,1214.0876,64.210769,151.17,0.83,-1.392972234,9.306037
-93.822503,42.291593,1063.754364,798.367525,255.85,4.51,-2.570634173,10.663281
-93.557304,43.15736,348.0714957,97.2911,149.16,4.73,-1.49401531,5.531514
-93.071345,42.364988,1431.790926,398.78181,195.75,5.84,-2.086707326,7.94591
-95.76575,41.557418,1933.550516,524.44503,249.73,0.92,-2.499444775,8.722699
-91.541351,41.096175,1612.580771,1031.95853,247.73,9.77,-1.4254039,23.412832
-92.11314,43.374086,1443.650014,565.02446,149.09,0.8,-1.69148622,4.054656
-94.235072,42.720491,1499.41062,731.811821,202.34,1.95,-1.24351475,5.037256
-95.565422,42.502654,1469.1414,87.80425,100.51,1.86,-1.008111356,2.805267
-91.943587,41.773106,1221.387275,111.54478,202.1,3.44,-2.038624301,12.084955
-90.591325,42.223593,513.2918724,1387.62913,298.41,2.65,-1.989967111,18.700301
-92.926834,41.778718,2896.357233,8061.14629,445.07,16.27,-3.221205707,28.378368
-91.835675,41.034819,820.4039576,1336.30744,204.13,23.29,-0.470977545,6.896592
-91.525946,41.656651,3589.915126,96351.27832,1211.67,184.91,-8.378152347,45.967795
-91.187618,42.233179,0,1233.15149,242.51,9.9,-2.632411426,12.011674
-92.26227,41.43364,1385.624675,100.4233,196.47,1.82,-1.687872955,10.71295
-94.083499,43.08153,850.0604145,872.304403,247.91,4.58,-1.852746425,11.595054
-91.395424,40.399815,2653.533543,9568.7155,549.8,30.49,-1.49611409,52.075881
-91.588554,42.041351,4983.69973,98869.81072,2284.11,293.73,-16.79278229,102.758704
-91.38869,41.251339,1940.387276,88.46616,146.38,3.52,-0.673296811,15.35589
-93.319625,41.048697,3122.577509,604.378654,198.29,0.33,-0.981751073,7.383616
-96.385752,43.379645,1435.372914,65.97779,148.71,0.28,-1.843093023,1.515814
-93.941262,41.408148,700.2876057,901.13738,148.5,0.73,-2.115439424,11.665474
-92.657797,41.309236,2434.318467,3979.64937,348.34,9.73,-1.534317787,10.484429
-93.049608,41.332332,1919.366431,6193.93105,406.64,8.49,-3.289660212,20.559652
-93.053793,41.933724,2108.905884,7735.67196,491.66,12.63,-1.399096562,32.905092
-95.756301,41.051027,3165.788445,1911.18668,250.16,3.51,-2.273520115,7.793767
-92.915156,43.356579,47.23219347,638.59966,151.57,0.85,-1.482931182,4.707654
-95.872539,42.142584,1485.979781,455.204652,207.4,1.36,-1.413081514,22.869048
-92.97507,41.028343,1126.121282,66.032106,150.01,0.07,-0.971668279,3.258286
-95.210616,41.010869,0,1348.574691,206.4,0.41,-0.585212897,3.591722
-91.022611,41.452909,1794.595805,15217.06,504.14,24.48,-2.427100227,24.265762
-95.837498,43.182545,1731.367337,498.56445,204.01,5.3,-2.221639535,4.282543
-95.570127,43.360416,2137.22391,36.80111,98.88,2.51,-0.717174383,1.074325
-95.367322,40.771527,1291.417048,2196.015606,290.68,9.98,-2.029628412,4.322896
-94.73949,43.07446,1257.577088,233.405808,102.28,4.77,-1.193112003,16.751346
-96.024306,42.668074,910.8544002,1030.50521,304.99,6.8,-2.986204238,8.351571
-94.734212,42.859763,1241.354431,39.249141,153.57,2.09,-0.771648237,5.385021
-93.611311,41.53364,11724.17452,314633.7276,4916.26,755.22,-13.85915607,248.559556
-95.879993,41.27177,8991.636501,67269.97038,1515.12,45.96,-6.421875551,87.483678
-92.653806,41.68976,330.1886793,1254.05156,257.69,7.66,-2.082753836,14.884203
-94.266349,40.791452,756.8180228,20.590892,101.07,0.14,-0.979075668,3.106416
-95.14066,42.482783,1362.03132,133.56321,202.62,2.77,-2.031149349,7.838094
-90.511725,41.546609,5138.9883,133467.3894,2371.39,381.04,-12.86979511,139.36495
-95.198827,41.682881,532.7891548,186.667732,202.09,2.92,-1.887324736,4.70367
-96.175555,43.077091,836.2090611,2314.78399,348.63,2.44,-4.231142954,5.425252
-93.64448,42.027588,2423.263718,58460.1223,954.22,47.97,-7.660731707,24.45049
-92.598441,42.005831,3182.93037,450.89743,301.94,5.24,-2.395801044,47.484998
-94.810954,40.74286,601.0603046,32.38317,101.62,0.05,-0.433853999,2.98031
-94.365639,41.073182,1314.371756,1470.540903,202.22,1.56,-0.71782851,11.362762
-91.885724,40.814368,550.8464716,17.30419,48.93,0.38,-0.246357809,1.593314
-92.41166,41.058584,2458.472754,4262.56202,402.41,22.34,-1.082711089,14.169491
-93.551549,41.349901,4192.116722,9121.79308,614.52,6.4,-5.482289876,32.720849
-91.634801,41.45906,2057.592388,1344.3934,250.53,4.31,-2.059976627,21.897569
-93.265733,40.647712,2300.907026,38.032355,151.67,0.77,-0.688769581,3.33618
-94.18541,42.512301,4031.185573,11638.50759,589.36,50.52,-1.160811164,21.745624
-93.833384,43.371402,0,669.62972,151.98,4.55,-1.101272633,12.830753
-91.965349,43.167575,646.4872685,476.92416,250.6,5.96,-3.14282019,3.432372
-96.365308,42.471043,3415.096833,71555.83435,1263.83,113.54,3.396916852,49.878909
-93.143736,43.335544,1362.553891,68.45856,148.66,4.84,-1.304206483,25.677008
-93.903582,42.662177,823.7004855,453.502691,244.18,3.21,-2.113984984,8.219982
-95.397434,37.944889,3032.975053,547.943787,249.95,4.01,-0.966931956,9.522234
-95.320278,38.183837,1116.181407,44.871492,100.01,1.11,-0.661818609,2.520787
-95.124632,39.564951,521.4890976,4101.52639,157.22,8.72,-0.857109607,7.326844
-98.684009,37.362609,761.499735,8.809928,99.38,1.97,-0.605052817,3.794136
-98.765185,38.379749,1537.975337,8522.498386,403.38,9.37,-1.049789301,10.549838
-94.661514,37.82691,3244.359513,2134.172963,254.02,11.93,-1.625395748,18.54299
-95.464705,39.757321,822.1332051,161.134195,151.92,2.48,-1.466358133,23.044862
-96.975981,37.678799,8641.42525,10723.68267,649.33,26.37,-4.576661209,31.765168
-94.831833,37.170936,5645.850766,783.548345,298.43,4.25,-1.396668217,51.170834
-97.166586,39.34881,353.4074036,240.956716,100.05,1.68,-1.092922733,2.06221
-97.67985,39.563091,3089.298401,545.786823,197.75,7.16,-1.971845645,3.901674
-95.623724,38.236916,703.6884897,134.089718,147.2,2.38,-1.187581297,4.544887
-97.016523,37.252553,4201.530624,5496.576206,496.6,29.78,-2.706150331,82.698304
-94.742019,37.425959,4329.596129,10537.75372,550.11,27.43,0.177384627,61.049896
-100.458387,39.783916,0,98.072749,99.59,1.28,-1.252253694,1.074252
-96.949289,38.674782,4368.627498,1306.13872,293.94,9.02,-2.251271635,7.129251
-95.109771,39.745087,975.67698,69.16976,145.81,18.15,-1.609808062,13.909107
-95.251304,38.942427,0,56598.22233,1111.4,94.7,-8.205834035,22.524231
-99.418938,37.929477,1538.013606,110.069376,100.19,0.65,-0.718249874,7.16156
-99.308738,38.87819,1421.094361,3352.341259,300.09,6.57,-2.459518544,11.09627
-98.349681,38.775677,1367.821705,25.83759,90.6,4.81,-0.827546523,2.219835
-100.859893,37.98383,5539.502106,19231.89395,579.61,40.79,0.742542302,17.230866
-99.962035,37.784565,1770.506316,2616.076578,333.1,9.5,0.43087434,32.515774
-95.240349,38.502737,3859.167697,1815.92635,257.79,5.53,-1.461308409,8.960234
-96.829036,39.021107,1202.721642,10002.18431,374.22,162.93,-1.802718011,9.607602
-99.846726,39.365331,154.3805481,88.71978,49.97,5.18,-0.596151224,1.40291
-101.306963,37.561969,468.8529724,393.536718,95.75,0.05,-0.507482603,2.584443
-100.443691,37.650201,2322.81746,15.59387,99.58,1.74,-0.771011744,8.751415
-96.276688,37.826835,4407.612828,187.117149,148.91,0.57,-1.159373825,3.920625
-97.933054,37.276889,1225.172161,89.221705,146.42,0.52,-0.86995632,8.972958
-97.437255,38.108785,1161.862564,2667.57392,301.55,10.65,-2.3963959,8.720535
-95.727535,39.469243,2845.730143,206.11569,150.81,0.59,-0.910020433,29.121571
-95.378663,39.358152,4603.46548,153.13829,197.64,3.04,-2.157833618,8.375272
-98.237352,39.673237,208.4056964,4.38235,50.93,0.53,-0.535232553,1.573721
-94.658209,38.944007,6178.835239,397999.5717,6493.24,598.69,-81.03904928,212.722104
-97.950326,37.563733,2251.870217,238.677742,149.16,1.22,-1.384930483,6.540984
-95.264983,37.337155,1800.759587,2503.517876,410.25,38.58,-1.440505256,32.66382
-94.928709,39.323708,4895.773131,20808.51596,750.75,141.9,-5.867593565,41.348321
-94.847039,38.111051,680.2019994,33.35135,99.7,1.67,-0.242296089,5.373917
-96.185281,38.411292,1959.603613,13157.44434,407.86,16.52,-1.635351157,9.450977
-97.669201,38.36955,1297.734114,3054.400794,354.93,7.89,-3.775152791,9.590553
-97.113501,38.514661,1990.231452,65.641533,200.29,2.64,-1.989618357,3.279664
-96.63245,39.833796,421.2017754,110.00575,99.97,0.87,-0.72643082,2.073372
-100.366355,37.236085,0,53.860947,100.99,1.33,-0.776079054,3.686107
-94.758976,38.68101,5553.106417,989.00652,395.86,9.33,-4.419608539,16.251927
-98.027969,39.393087,521.2732502,21.222981,97.15,1.02,-1.018113255,2.038447
-95.62894,37.04457,5093.890341,9444.218496,656.95,86.76,1.009838155,33.844026
-96.474495,38.706604,1128.156131,102.524012,100.48,0.42,-1.036759574,2.319969
-95.843695,39.88884,1609.904193,61.63819,147.44,1.97,-1.996664168,12.647532
-95.216281,37.618599,2324.353373,648.531378,251.62,6.58,-0.83529337,14.654349
-95.835147,38.804254,2300.98122,480.086691,250.22,3.06,-1.654061222,8.879837
-97.793661,39.128829,2021.720508,16.309658,97.67,1.51,-1.198891371,3.613485
-99.087552,38.178396,582.5629266,99.480092,94.11,6.03,-0.963244193,1.907805
-99.337952,39.748892,321.0294449,114.322,51.83,1.06,-0.400162141,0.793367
-96.324755,39.198828,4222.546556,382.217599,202.22,4.87,-2.319164617,6.374131
-98.751236,37.65694,1542.022402,600.730487,151.31,6.3,-1.344949709,5.405182
-97.931119,38.070352,5726.631234,23345.64629,834.51,49.26,-3.440404181,45.092637
-97.630487,39.826067,1167.450011,7.187268,99.28,0.13,-1.560891071,3.086565
-98.198682,38.255741,1688.385887,121.390548,148.38,5.46,-1.248019127,4.956178
-96.795045,39.410474,0,42502.62683,619.51,70.76,-3.603289282,8.819363
-99.352156,39.219611,501.1108095,8.421724,56.06,1.93,-0.474423928,0.706211
-99.18505,38.539157,3671.292312,20.982988,99.34,0.32,-0.682169202,3.072554
-98.847972,38.892195,1410.630531,83.391407,100.18,3.4,-0.561462324,3.445101
-97.616894,38.86162,2795.261992,24490.81407,601.93,35.78,-4.643770416,13.259853
-97.241457,37.675892,7901.135146,355756.537,6279.81,1309.06,0.203055828,319.459773
-100.914341,37.059551,461.1071073,4101.694458,244.81,20.04,1.30907438,5.303504
-95.75237,39.057113,24254.10688,96295.43761,2203.47,424.07,-8.109947136,118.009521
-100.446707,39.364006,0,1.476214,47.22,1.31,-0.311083834,1.861484
-101.707585,39.342827,58.16133789,95.69246,47.95,2.44,-0.485986301,0.534062
-98.790845,39.779483,194.2825423,63.504513,101.09,0.65,-1.07122019,1.1979
-98.617473,38.052323,1375.787292,11.114605,98.52,0.57,-0.664511689,2.930702
-101.343711,37.180185,0,168.38929,98.51,3.29,0.007461088,4.475651
-97.247111,37.16935,4649.272646,378.973951,301.27,5.59,-2.003358222,40.399859
-101.056532,39.389102,442.3544723,81.30316,51.91,2.94,-0.180089081,1.073134
-96.132673,38.878623,1840.803984,17.649784,98.08,0.83,-1.189387376,4.580403
-97.093178,39.907557,734.3436546,12.626851,97.76,0.33,-1.213151875,2.019902
-95.84356,37.532321,2121.127192,299.161394,154.43,0.97,-0.07212585,5.774573
-95.740454,37.887026,2358.101912,85.667045,98.41,0.88,0.205091815,1.287741
-94.672946,39.052819,3016.770217,169825.2872,3015.93,1463.21,25.82982864,232.674321
-85.259547,36.991382,753.614757,441.38609,353.05,17.9,0.730635902,2.978785
-86.169435,36.851185,4066.703746,450.83662,296.72,6.12,0.41305034,1.428787
-85.043201,37.950417,948.75263,1710.67203,254.09,10.27,-0.641465793,3.362157
-88.958588,37.108128,1628.620316,73.78233,102.18,8.58,-0.227203124,0.894781
-85.960297,36.835657,2873.507795,2055.44909,511.45,28.9,2.363150669,3.208461
-83.619803,38.084355,647.5734978,125.6871,149.68,5.61,0.659214121,1.111133
-83.725371,36.617649,5648.081267,1823.78677,457.1,22.86,8.297979853,1.207242
-84.675521,38.998653,15841.46974,34715.6005,1059,58.65,-8.565440918,74.869886
-84.097967,38.182627,2157.175991,2159.65356,306.01,31.92,-0.642097707,5.108616
-82.634695,38.471082,4159.433028,16841.34885,609.54,29.84,4.752095763,3.76213
-84.714014,37.638482,973.3968132,4594.16426,351.23,54.99,-0.101015407,4.437669
-84.08914,38.638318,1572.037532,128.34975,147.83,1.68,-0.368642303,2.32675
-83.475894,37.427155,88.58218704,229.096837,186.74,2.07,3.795574765,0.716619
-86.439188,37.776122,982.0405578,214.4099,298.06,8.19,0.392953342,1.455016
-85.69098,38.046855,9956.444125,17533.71926,846.71,16.67,-5.235515047,21.085295
-86.848685,37.157035,2024.038523,154.08267,243.72,2.7,0.683769889,0.918667
-87.932124,37.238367,1102.708624,119.75505,152.27,16.6,-0.345130744,1.000156
-88.319931,36.616708,5779.62966,8803.73685,473.82,37.61,-0.621375227,3.446712
-84.501031,39.089166,9.926724422,80890.6485,1170.17,77.87,-2.347833429,62.060468
-88.876364,36.893706,1130.040409,77.19722,153.1,2.51,-0.548938921,1.077203
-85.033226,38.676706,624.3417945,392.48297,149.34,7.61,0.950589431,10.473194
-83.136491,38.422068,1312.667388,517.59276,306.5,3.81,2.351616883,0.975048
-85.06615,37.338619,656.2024208,154.26838,202.43,3.5,1.276532164,8.137523
-87.386601,37.044886,7711.903503,20843.79813,852.12,387.96,4.33447283,7.292566
-84.157372,37.971622,5602.345228,8286.10775,510.51,49.66,-0.045762259,4.57981
-83.62305,37.155429,2346.303917,343.59726,243.39,13.64,4.842151609,0.205985
-85.077668,36.675474,642.0544203,155.75072,150.17,1.21,0.933980092,0.397729
-88.170461,37.250105,657.5615484,132.94117,145.29,1.77,-0.621359115,0.428045
-85.350097,36.728109,250.5330272,43.70324,101.99,3.52,0.417751422,0.232078
-87.112894,37.774768,9745.902833,42565.57867,1180.9,107.02,-2.363367578,22.238805
-86.340299,37.258464,736.862673,145.2798,151.53,0.93,0.777952,0.563221
-83.015641,38.098234,0,61.18808,92.45,4.68,0.499971233,0.382728
-83.990613,37.770495,382.6308168,189.54215,145.98,0.46,2.77308488,0.852262
-84.463117,38.049813,0,344236.1595,4169.46,1219.46,-14.95626088,84.120447
-83.624768,38.31003,604.894702,193.38775,201.34,8.88,0.42026657,1.790122
-82.774479,37.545025,1496.630416,1054.84709,512.28,6.97,6.217147755,1.347645
-84.866559,38.208945,5830.06495,13708.11009,572.91,112.77,-1.87491641,7.328594
-89.298145,36.557706,357.428262,62.93275,97.9,48.6,1.689450744,0.793387
-84.901999,38.736145,893.7009138,173.95151,97.19,2.83,-0.124172768,10.265716
-84.655502,37.731099,380.0747578,364.78844,203.71,9.09,0.643504706,1.367277
-84.568565,38.529079,1935.739576,402.78848,201.57,5.03,0.410807197,4.444146
-88.665008,36.763155,6782.022971,1352.81034,458.37,36.18,-0.763418131,3.251977
-86.128784,37.414194,2351.601886,491.56827,347.88,5.6,0.385591881,1.314189
-85.595487,37.359719,217.5860308,174.27236,204.86,7.46,0.528947465,0.341483
-82.919543,38.492186,992.9206629,5361.20648,461.48,10.77,-0.490482818,3.590364
-86.738956,37.878013,439.7042556,150.67572,143.31,4.55,-0.346599577,1.624693
-85.874699,37.701667,3002.98866,22796.08955,1059.33,285.34,-2.430029269,12.466992
-83.291458,36.934434,714.3733212,567.92169,361.03,13.56,6.182409969,0.461686
-84.437993,38.468587,2152.594028,418.10952,202.05,8.56,0.676358399,2.52617
-85.990995,37.300269,1402.868803,225.54519,255.73,17.6,1.350472668,0.514535
-87.58613,37.851038,4207.509189,20112.86351,576.39,110.13,1.127789108,16.99678
-85.011008,38.406397,315.5763574,379.11572,251.7,13.76,-0.658693975,9.273224
-87.402071,37.327392,6755.255051,5089.8327,620.81,84.63,0.325032114,7.740897
-83.967908,37.323241,1642.914264,115.11996,150.18,0.79,1.890501562,0.129924
-85.819711,38.201245,16.39275152,725142.0447,9756.32,4410.42,9.156812318,187.147745
-84.584022,37.868599,4071.026058,9452.18643,462.06,43.48,0.450612732,8.036499
-82.709215,37.83967,1539.836131,618.66562,304.22,1.98,1.361039996,0.843485
-84.610706,39.016853,198.4635796,127330.1623,1961.68,223.69,-5.456186939,102.40232
-82.937183,37.441041,454.381232,205.60065,210.36,2.63,2.543601945,0.528272
-83.83603,36.982382,3495.294214,955.28864,406.84,8.52,6.102657136,1.164283
-85.599958,37.510807,933.3395352,234.51764,194.34,17.63,-0.205840378,1.421521
-84.250642,37.024075,10987.67707,4011.07485,660.96,8.69,3.6172634,3.366228
-82.891443,38.029154,1213.866102,181.0675,199.51,0.4,3.112752369,0.464868
-83.610353,37.579209,89.75670148,69.44558,94.44,1.32,1.992202081,0.294725
-83.432839,37.176951,148.2343847,47.81221,103.74,0.3,1.87518308,0.070526
-82.979607,37.084018,411.4012912,408.90028,205.96,2.05,3.368805825,0.365597
-83.166782,38.576589,500.3795576,123.00087,198.76,2.36,1.383104122,0.882243
-84.712737,37.558716,1729.327235,503.96339,305.63,12.77,0.76969104,2.185027
-88.367975,37.283209,704.9564805,50.17324,48.93,0.52,-0.098222659,0.26859
-86.996073,36.8419,3361.864777,333.5587,307.49,37.9,-0.480781483,1.327595
-87.983715,36.998747,968.147478,102.15985,99.13,7.2,-0.900138563,0.479257
-88.593771,37.071556,12509.69268,17741.4683,836.85,205.63,-1.033417866,6.654338
-84.449997,36.736893,1021.066544,185.48858,143.3,14.6,1.585073276,0.283645
-87.241126,37.445184,1706.72402,126.49637,151.81,3.52,-0.259832006,1.408301
-84.291728,37.74848,7061.045857,24797.55092,978.61,74.54,1.620795418,8.589369
-82.965843,37.600609,503.5009592,162.64994,196.78,0.24,2.664213713,0.554267
-85.339911,37.586818,1426.440504,402.2693,186.14,29.37,1.213405486,2.329463
-88.30026,36.948772,4019.880183,812.87276,307.38,5.35,-1.90988524,2.71412
-82.56382,37.814009,332.822524,148.50244,90.89,9.05,0.704544801,0.054648
-83.733929,38.6267,2612.280937,1123.65043,249.13,30.19,0.483762486,2.322616
-85.989068,37.902153,2892.85477,2328.62028,301.3,28.27,-2.013405673,2.115329
-83.675992,37.926589,681.4129118,62.62294,93.9,0.39,-0.066220558,0.06176
-84.890269,37.880911,822.752935,580.3704,253.95,19.9,-0.174179005,2.752474
-85.565925,36.966222,1985.766512,104.57761,150.6,4.59,0.405097752,0.551731
-85.760693,36.785787,262.0183395,139.16414,200.33,8.25,0.67442183,1.439587
-83.993902,38.05719,6438.541878,1126.0776,305.01,13.01,0.284407599,2.058763
-83.10175,37.939697,114.8869587,23.67085,49.73,1.72,0.329907552,0
-87.277808,37.221745,2099.19246,891.35485,448.45,34.39,0.988076679,4.119279
-85.540338,37.629834,4003.957212,2734.17972,450.54,42.22,-2.515119217,4.264902
-83.979768,38.29159,208.0521672,70.82082,103.39,3.51,0.687268654,1.077051
-86.751998,37.627979,2812.449388,271.98444,302.05,4.04,0.527963177,1.551658
-85.449636,38.348712,111.3378387,7251.52396,663.18,51.37,-8.448641337,15.251876
-84.892892,38.623322,1071.111223,92.74385,150.59,1.48,-0.202241567,7.503575
-83.689776,37.399407,804.2981002,69.31619,109.56,9.42,2.447360322,0.141434
-84.421796,38.646326,1380.39367,152.57025,147.13,2.43,-0.176579719,4.665987
-83.388543,37.323324,588.3420648,673.48515,200.41,9.2,1.963987088,0.590487
-82.48613,37.621341,1940.425688,3705.13309,773.34,14.05,7.140441134,1.881714
-83.922241,37.845158,444.642293,144.69753,102.21,0.67,0.715591067,0.365175
-84.586141,37.090224,8516.264165,4197.23534,719.55,11.57,3.694939885,4.837406
-84.368332,37.28524,980.009254,239.184,201.92,0.5,1.461184762,0.505058
-83.463211,38.281232,1317.366849,418.00033,208.19,3.83,0.704931211,3.073881
-85.090546,37.036685,773.2425524,384.45156,207.62,1.25,1.180379234,3.085687
-84.569913,38.204074,4980.793499,12421.4575,707.79,61.48,-5.580004196,13.009853
-85.244188,38.215128,6465.4542,7287.87689,458.41,61.16,-2.616522396,6.931431
-86.528177,36.772732,1347.390306,345.79681,203.53,35.53,-0.615514918,1.343406
-85.339201,38.09742,1436.847448,529.86926,196.67,6.67,-1.803412496,3.080506
-85.199818,37.394697,3362.136795,1171.59378,256.43,18.3,-0.053611126,2.007147
-87.166662,36.966037,1647.89347,134.48424,203.15,38.42,1.807329535,1.512086
-87.823183,36.926643,1787.431952,139.5811,149.02,21.02,-0.005521577,0.60511
-85.376221,38.682915,269.3254102,119.46381,101.16,0.42,0.080918157,3.991641
-87.827834,37.679404,1360.799881,170.89835,194.71,46.88,-0.557063364,2.930373
-86.44143,36.98579,9466.367633,58649.47553,1218.31,238.41,-1.368733922,7.409996
-85.267745,37.718312,912.9177069,117.00221,151.76,10.34,-0.454046173,1.058588
-84.760662,36.744131,1061.151123,526.01749,251.54,9.09,1.635762971,0.80788
-87.697548,37.54099,624.8535776,169.07021,201.96,13.71,-0.100751648,2.074672
-84.253353,36.84815,3622.951732,2599.45344,406.34,5.65,1.986279855,1.000717
-83.420741,37.739657,466.5603202,67.74636,99.19,0.09,2.364364715,0.151171
-84.726678,38.070286,566.4059778,4369.22378,420.77,35.74,-3.219705322,9.406647
-92.442096,30.284048,14833.33196,3847.70669,619.05,212.42,5.092272668,53.869667
-92.82684,30.517553,1934.635394,1098.59118,226.25,98.29,2.094325659,40.871434
-90.937643,30.311431,34262.81638,11884.5932,710.83,336.22,-0.467969705,49.404084
-91.033419,29.973459,8615.605782,416.8045,312.04,189.44,2.635053465,30.577045
-91.867494,31.136949,13186.08412,814.312841,454.12,209.87,3.137541395,139.505542
-93.320467,30.556493,3910.280641,1406.952266,340.19,105.07,0.878364518,23.795691
-93.178383,32.293279,10259.0021,223.951491,264.83,206.02,1.664050038,15.23999
-93.728247,32.51758,10923.0838,33396.02305,1122.65,643.3,3.078254435,192.428006
-93.802953,32.456907,18727.34217,113624.1875,3331.31,3347.26,36.17096183,386.274882
-93.198989,30.232058,100698.8185,64836.43687,2157.32,1258.82,4.931858114,390.393426
-92.000344,32.128313,7878.675708,63.62842,142.76,45.69,1.1261183,6.150995
-93.584265,29.890585,3312.331596,10.097185,102.25,4.52,-0.170772868,14.971402
-91.804183,31.801744,3461.580255,240.04584,151.44,109.52,1.382170908,6.87475
-93.107998,32.891536,1237.063527,24.45753,99.59,74.28,0.973557604,3.378852
-91.676297,31.36123,5445.057474,867.60827,159.96,144.83,1.730120455,9.919245
-93.727151,31.917654,11245.93187,417.37671,361.43,324.37,5.087094263,24.851484
-91.064499,30.426718,153188.7831,224320.1062,4646.98,4469.38,17.324637,258.260599
-91.24786,32.655547,476.1210708,24.47012,79.66,111.93,0.697916219,4.315967
-91.139295,30.777658,4547.89886,183.27063,190.83,144,-0.434344378,8.346682
-92.511416,30.583944,8211.482208,1190.44835,297.67,164.68,4.293775564,25.443869
-91.826667,32.03641,5251.325949,725.19824,311.34,168.2,3.862380802,28.595462
-92.496248,31.682989,0,297.11614,228.22,85.19,1.094645918,23.928146
-91.835101,29.672389,0,24845.5021,770.3,557.92,8.130398489,69.96628
-91.313085,30.170811,15502.62496,2178.94386,352.12,338.48,3.325077826,22.314347
-92.603378,32.229845,2338.404428,356.442986,250.56,145.9,0.506253653,7.389976
-90.126348,29.89254,336937.8299,650279.0784,6328.12,3179.02,0.573395019,341.83365
-92.708204,30.142247,0,2291.24595,354.89,142,2.549108751,41.19972
-92.108249,30.223186,32675.37368,86688.9564,2144.62,1277.33,0.974760476,139.920005
-90.807758,29.790726,49496.53838,21763.18608,1161.91,345.68,3.518013923,166.759879
-92.169593,31.599941,1951.081066,178.30094,143.08,30.74,0.315818984,8.520673
-92.798543,32.576208,5512.83429,5897.85481,519.7,436.4,2.703798958,17.23982
-90.610033,30.280684,43314.44023,9521.7564,870.39,84.15,-2.809025158,55.347839
-91.326504,32.366914,1006.022145,17.416001,85.01,73.89,0.76011636,27.321901
-92.001818,32.857422,6171.276188,4298.14876,414.77,378.46,3.552264814,12.803994
-93.288729,31.818144,10446.58708,5297.812159,472.74,357.48,12.09187556,23.649439
-90.001377,30.017143,0,1205625.178,8456.19,8985.64,72.72283185,346.721386
-92.123243,32.520373,76668.11429,45841.50982,2002.4,1594.72,19.11441214,78.5223
-90.028928,29.81959,7352.049518,1815.44284,412.43,235.54,4.391876355,15.10324
-91.690927,30.809623,9194.39172,1068.68721,260.69,153.26,1.676102314,20.15651
-92.204802,31.381002,35830.52109,31017.5866,1498.92,986.11,6.588727104,149.907774
-93.34176,32.102665,3973.71691,115.49655,105.89,80.03,0.688927684,32.057
-91.858688,32.289284,4119.212276,618.92913,252.68,180.59,2.14418181,15.446381
-93.416148,31.436445,6008.761665,490.4228,352.76,115.97,4.157729856,13.257023
-90.003771,29.958383,55457.86702,46399.7756,814.23,356.7,7.704985827,48.314171
-90.383137,29.958526,26008.97688,11399.73266,659.2,386.81,1.080312125,40.20539
-90.710348,30.732924,2766.616576,50.48832,104.6,97.77,1.229351612,9.377209
-90.703477,30.050851,10385.44501,2299.22888,369.25,376.11,3.897293676,22.329477
-90.485199,30.085789,26911.06706,14351.4271,560.4,610.21,6.019339736,32.346757
-92.074388,30.541524,22271.54899,14145.463,879.18,645.52,7.708884644,103.005754
-91.629118,30.225903,13409.74882,2482.149863,557.9,317.01,2.193942984,61.108278
-91.470618,29.628605,22680.90966,14714.0489,705.1,421.4,2.486659555,136.067288
-89.795219,30.227355,31150.14024,50684.41729,2167.21,521.09,-8.076353388,153.304279
-90.473155,30.51021,50184.41602,13814.50438,1037.91,665.73,6.241224592,52.529635
-91.410503,31.999186,1547.334111,36.776427,151.75,155.66,2.9460016,10.079661
-90.744996,29.630712,52911.59704,24134.04152,1062.17,405.78,7.042420151,131.494242
-92.227456,32.744161,2995.333778,583.31244,300.06,149.01,0.571740432,11.410423
-92.123169,29.968714,17022.26566,6793.603257,613.81,170.18,2.305719421,34.959725
-93.446256,31.054154,12219.61604,7034.02885,482.42,147.58,-0.562024076,19.131934
-89.886056,30.791117,19481.2271,2791.31651,557.01,368.34,6.89445442,21.267089
-93.408545,32.845157,6824.49186,5543.15058,560.35,410.97,10.84556728,63.980486
-91.278686,30.383193,10194.60932,3407.06438,254.56,217.59,-0.526929522,25.233743
-91.391628,32.928987,4633.864368,95.68051,145.53,49.83,1.415587108,6.663683
-91.404981,30.896862,1509.426471,88.9265,88.39,86.28,0.022655444,2.619303
-92.784661,31.892092,1069.743624,20.642554,88.18,35.25,-0.027660394,3.957867
-70.199449,44.083502,3478.601336,53056.16723,1432.63,78.76,-1.122715604,38.206067
-68.431757,46.649841,1684.94686,1128.489859,907.68,16.97,0.017644113,5.330198
-70.262803,43.660326,10694.43921,189235.026,3401.35,236.74,-31.29604005,50.650462
-70.652298,44.943021,1522.030859,414.606893,400.82,1.12,-1.740324583,3.444097
-68.668471,44.214072,3509.57903,1138.748036,831.92,10.78,-5.709942741,14.030221
-69.637609,44.572054,5117.856672,13001.29181,1585.2,25.7,-6.403925026,19.766719
-69.23149,44.122526,4600.887497,2738.37084,507.2,3.43,-4.5990516,3.896753
-69.46854,43.956593,5467.769127,889.41868,460,3.54,-3.956481872,3.165152
-70.488325,44.244513,9777.026939,946.500487,855.29,6.52,-3.415840644,30.99685
-68.71339,44.840689,8084.284956,36038.87656,1998.5,33.42,-3.253101207,53.646848
-68.9412,45.368799,1817.734133,144.11529,246.83,2.35,0.301184475,2.522251
-69.870556,43.727935,2125.15867,3158.18352,408.28,6.24,-3.890270223,3.784085
-69.404132,44.975048,11200.2568,967.96822,752.43,8.69,2.13917079,5.240566
-69.018688,44.316451,2871.336821,582.21362,405.65,4.17,-1.87342617,6.022737
-67.588212,44.65168,3352.090135,325.380207,453.91,6.75,1.927962068,9.357171
-70.785991,43.148848,6362.843848,30036.51164,2058.26,33.87,-14.7329626,39.860496
-78.809909,39.651968,10602.49463,26027.6865,1122.83,146.7,3.166499975,7.17249
-76.601381,39.212589,7.28913828,337519.4538,5169.1,1519.3,-40.77038577,119.546244
-76.614816,39.438754,0,959632.6418,11078.29,5542.7,-44.94338818,213.032535
-76.574154,38.557713,16833.22887,10951.5153,908.33,217.42,-7.564314814,14.936023
-75.877214,38.961861,6081.666983,1965.87242,458.2,125.1,-0.647455327,23.504929
-76.979212,39.616033,20002.32367,31505.08381,1924.15,132.87,-20.67378248,58.902615
-75.835586,39.608944,11131.84611,10833.54953,947.98,120.15,-3.759964263,34.754223
-76.884275,38.602869,52741.10653,43943.93783,1490.36,1265.13,-9.917631139,26.752298
-76.02112,38.387743,5106.352103,5977.011965,421.72,221.6,2.444040035,10.79809
-77.440833,39.379738,38122.28476,129723.4382,3084.43,535.76,-26.18542479,74.02668
-79.212994,39.440433,6637.442202,336.86534,349.25,6.03,-2.260547789,2.138331
-76.306373,39.48243,53528.26099,115188.3852,2902.39,703.53,-22.27684621,84.180075
-76.925801,39.19507,3.377444785,161790.689,2806.57,1020.26,-30.87332497,56.957877
-76.070932,39.227646,2831.853152,922.40735,260.87,75.19,-1.270393527,7.475979
-77.28375,39.182814,28.64789537,1408193.255,11132.67,3705.79,-80.25886794,188.738566
-76.910616,38.966501,383.6005285,1187379.748,11332.03,13878.15,17.50498124,230.645796
-76.076493,39.077115,10705.21032,3478.53273,552.03,72.08,-5.837584035,16.646531
-76.760934,38.277273,24319.7233,8480.216,837.78,248.27,-6.421567436,9.127053
-75.743453,38.229413,1183.180925,725.96143,325.07,178.95,2.253131508,4.871043
-76.18374,38.728758,3988.091957,5951.51554,473.16,100.11,-3.37729543,10.840715
-77.720829,39.646624,32601.48309,66351.89346,1594.24,282.12,4.384011164,23.366577
-75.556539,38.357459,13064.7665,30686.78206,998.87,542.99,3.541918696,25.145142
-75.085894,38.348629,7020.349983,12083.97374,755.04,182.25,-4.313712997,45.041631
-76.55772,39.324799,0,2224193.552,10403.2,12392.18,154.3384157,129.142199
-70.503019,41.762826,97393.15849,44498.72649,2822.75,157.24,-26.18784499,25.129367
-73.120454,42.621279,73733.3806,38060.05616,1797.4,94.35,-7.66703607,10.754055
-70.93348,41.669124,232285.573,666006.9851,6393.9,593.72,27.83269141,218.537907
-70.721652,41.393003,7431.618188,1498.64468,202.65,19.01,-2.344173725,1.305872
-71.155728,42.714975,255701.3717,1105636.865,8395.29,733.43,11.60017253,162.020155
-72.560585,42.596701,25112.6197,14646.99494,923.4,28.31,-3.728121247,3.546048
-72.625417,42.207721,301866.2574,422607.6144,5316.77,941.39,51.67742109,32.42399
-72.639786,42.318177,46790.35029,72517.45159,1916.23,89.89,-11.62801878,7.333375
-71.122608,42.400037,383025.8335,2582069.066,16153.69,1713.86,-131.9323359,357.024159
-70.105022,41.284971,10718.33105,2309.10192,192.69,26.95,-2.578064575,1.629405
-71.220123,42.234155,150782.3222,610388.9826,6756.14,903.29,-54.69307726,176.398567
-70.951575,42.136896,135287.5117,239885.6294,5103.23,1089.34,-18.23309875,90.902451
-71.057267,42.352423,522373.9369,4720669.806,9788.94,4183.39,60.56534792,284.447336
-71.688496,42.427842,296079.9897,533650.1652,8646.13,908.63,-11.04011092,132.422086
-83.367501,44.551412,4785.091056,135.437042,244.93,2.2,-0.531157255,5.226096
-86.890996,46.423967,136.203922,30.720093,133.33,23.69,-1.190072345,9.538524
-86.148943,42.763004,13459.34547,8905.27453,1204.46,33.83,-11.18978524,56.782595
-83.73843,45.014894,2157.639737,7675.87669,458.59,5.6,-0.246695077,8.924208
-84.958682,44.911667,5859.583506,537.21927,351.8,2.86,-2.961989202,15.387007
-83.721419,44.044372,3830.877351,236.31233,247.16,2.08,-0.252532537,16.28606
-88.476776,46.599481,563.3876626,18.812313,89.62,18.33,-0.234986423,2.501159
-85.366869,42.507814,6332.363915,1383.29204,543.22,8.69,-4.0972794,37.441791
-83.989954,43.628257,14830.17872,52746.7669,1324.86,56.43,1.759899874,48.91181
-86.216166,44.643018,2777.331736,400.56199,253.98,1.42,-2.17623483,12.466602
-86.375091,42.191121,22463.87032,50002.76714,2448.47,809.25,2.537239439,60.060688
-84.985336,41.941771,2732.04952,5931.16371,590.69,19.31,-3.627457649,28.881037
-84.891442,42.378024,18793.80108,45774.68677,1981.05,482.27,1.361013466,210.806456
-86.020289,41.785273,6072.07606,1694.39869,550.62,53.51,-0.987792346,19.70323
-85.547837,45.683871,5324.222398,4367.06564,605.69,5.68,-5.623014068,38.541591
-84.351342,45.553989,2207.996246,864.83956,399.24,5.48,-0.714044983,30.803068
-83.713785,45.999325,942.8976128,9834.558947,476.67,31.02,1.513942685,66.370343
-85.048436,43.842619,13382.50616,1302.10814,453.96,5.47,2.174413632,7.088461
-84.425724,43.07417,4523.814832,14554.91586,1109.49,44.02,-10.55032671,23.872062
-84.467806,44.605823,1576.031697,70.43173,102.55,2.15,-0.124146795,3.527012
-86.620045,45.89522,1921.58222,12448.28754,551.89,4.07,-2.613317299,96.867802
-87.861197,45.883624,23.37482222,3742.57159,300.87,4.21,-1.316677811,23.537317
-84.624631,42.74778,30171.80757,28691.56226,1426.05,190.95,-6.383854627,57.543727
-85.001523,45.361258,3853.120388,2450.68901,406.14,8.19,-2.440294083,29.56028
-83.714467,43.200308,13189.44158,217828.6648,6546.31,3015.61,55.04486844,101.580272
-84.490254,43.970232,5417.143339,563.32831,393.67,1.82,-0.457147536,7.808111
-90.060095,46.588541,3045.730147,2775.176835,327.61,26.8,-1.046737149,29.981352
-85.610201,44.751289,12482.49141,11176.48139,814.83,16.07,-7.613538136,35.661664
-84.59246,43.415042,6986.212358,3224.87865,459.33,12.86,-0.750790765,4.230486
-84.620561,41.928645,4646.002584,4362.25827,600.86,8.19,-2.452408077,14.701254
-88.399533,47.160232,1975.643366,6583.036656,476.19,5.92,-1.654351403,7.120751
-82.992225,43.804653,3300.292841,869.74236,456.13,3.56,-2.968070251,5.729304
-84.458505,42.726905,16712.44451,231355.2823,3639.42,907.75,1.763579548,65.022964
-85.220773,43.093269,6100.778138,6046.89612,595.26,28.08,-2.101825164,17.268015
-83.359378,44.488184,192.6260256,1639.3904,452.61,5.63,-0.861786652,10.075579
-88.754642,46.248647,897.9342835,216.94958,253.03,2.73,-1.191900842,14.422783
-84.774443,43.593606,6929.356896,22870.38012,766.18,41.91,0.188706147,10.409937
-84.400874,42.237526,17876.21139,59332.52464,1860.62,355.89,2.411786983,82.363826
-85.58621,42.178153,57715.95055,118619.8279,2907.01,746.03,-6.858025062,117.929383
-84.968309,44.811884,6406.259345,180.87842,244.33,4.14,-0.041514805,17.459666
-85.671984,42.909788,54843.21848,431403.1264,6481.9,1334.97,-15.42545638,173.10073
-88.864502,47.997213,932.6433565,6.313573,48.39,0.85,-0.390734301,0.627079
-85.696339,44.038722,7840.18812,96.97135,195.03,30.45,1.180470114,5.757482
-83.043337,42.920722,9102.71167,8845.70878,1151.38,7.43,-1.764689004,15.380212
-85.663327,44.965353,1467.432683,497.45263,301.76,3.82,-3.810158064,12.443318
-84.017079,41.902047,5590.040111,20154.59654,1147.72,46.35,-6.046990665,23.744417
-83.835726,42.615871,17426.59118,44852.18493,3037.88,39.77,-38.2739357,71.253972
-85.603214,46.492497,2817.231138,19.925039,85.49,9.81,-0.213351137,2.425412
-84.340554,46.004201,4342.937996,125.352784,244.34,14.55,-0.138588919,27.50515
-82.924783,42.505936,38459.65954,858465.7492,10867.34,2771.51,-21.68594718,237.207405
-85.961572,44.440603,7541.886408,3261.14399,435.09,20.7,-1.88076622,86.406266
-87.95088,46.495492,5448.562764,36696.26118,1198.92,38.89,-6.08953226,51.977896
-86.434871,43.946992,5046.57741,4534.19968,399.7,7.5,-1.700621508,25.576815
-85.480545,43.686235,13120.37652,2508.16828,500.34,22.84,0.255079789,6.703638
-87.623407,45.118292,2226.320927,5020.530131,294.36,1.93,-1.896261574,26.647417
-84.329882,43.611959,8057.994063,22254.11503,959.53,25.38,-6.493138568,16.324531
-85.080484,44.429045,3781.544825,174.52755,195.47,2.53,-0.831462074,4.986034
-83.478981,42.043261,42189.7139,37912.201,1914.21,97.18,-7.04094222,58.376499
-84.943313,43.172143,5029.583122,1798.02571,637.51,22.6,-2.702154717,7.310273
-84.026077,45.125593,775.9575126,50.49619,152.04,0.74,-0.402133829,2.74295
-86.287336,43.27683,14708.90941,70072.32594,2121.62,709.95,6.392815539,64.556176
-85.722778,43.555937,6888.715229,1587.86978,547.77,13.63,-1.886065205,12.744131
-83.182894,42.673069,1864.896949,979729.078,17120.1,4801.74,-142.5461125,368.080321
-86.338091,43.688314,6598.092056,411.27676,339.86,7.5,-0.821735143,10.520268
-84.185537,44.28256,4979.743045,373.60506,346.93,1.78,0.331395461,11.731538
-85.507515,43.857971,4851.64497,316.52534,296.61,6.43,-0.05965664,6.280348
-84.245485,44.670467,4557.776667,65.848,145.84,1.87,0.678973711,2.135167
-84.512909,45.110747,1343.461585,899.47656,299.18,3.2,-1.443889083,11.432844
-86.204616,42.829548,53636.30973,78367.81039,2668.27,68.67,-29.64156814,63.978194
-83.777526,45.388902,1776.081089,266.02302,300.92,3.22,-1.752441753,8.360065
-84.737002,44.31612,4907.933442,1358.98721,402.84,2.43,-1.343255289,14.239248
-83.986957,43.435316,18035.27877,90226.13724,2884.55,1276.87,17.09468947,50.097006
-82.433186,42.992721,30845.95835,63073.89452,2457.09,104.86,-5.6696569,31.48491
-85.403465,41.812925,6993.057879,8585.30909,857.25,52.2,-2.386457212,22.245809
-82.906197,43.615023,4882.147718,1181.86759,554.99,4.97,-1.245767079,6.408079
-86.075788,46.246565,86.56344471,426.562965,152.73,1.24,-0.382173468,9.715362
-84.318772,42.818837,3687.039679,19216.09874,861.4,12.77,-4.166872713,13.692815
-83.246274,43.4619,5851.392053,1433.34727,645.39,13.45,-2.768888409,8.540852
-85.826663,42.231602,8492.744442,5173.61677,759.31,70.34,-0.439432824,18.136501
-83.553415,42.232941,56258.49453,344160.6894,4845.42,1232.68,-36.77531911,68.44627
-83.3038,42.359434,211.6409825,2661810.162,28305.07,23957.84,337.2799428,924.578503
-85.393249,44.239878,6391.917411,5418.60197,400.01,6.82,-0.122969783,19.287983
-93.196707,46.49104,8585.858886,152.104393,293.96,2.9,-1.189766215,22.103509
-93.238345,45.323249,24232.71394,193506.3537,4144.32,533.18,-31.46696279,207.027009
-95.847293,46.797945,5934.632564,2511.347473,499.84,4.44,-2.961650928,35.204354
-94.91831,48.212172,8596.625123,5056.860503,500.41,13.84,3.251001369,42.519604
-94.163102,45.605846,3536.792483,6326.34884,445.36,27.68,-2.582198823,21.177777
-93.994277,44.137528,2993.367184,34158.48775,788.87,59.98,-5.625082656,22.492479
-94.733856,44.34248,733.5398882,9161.17233,352.61,5.54,-3.300393452,5.992225
-92.608664,46.715001,3896.482155,1932.671441,338.33,10.83,-1.113395813,70.703264
-93.535629,44.884044,12090.38249,19227.25288,962.17,32,-14.11769674,36.683285
-93.922628,47.079583,17095.32087,247.731074,489.1,4.46,-1.77687471,44.351634
-95.740061,44.954074,581.2588168,363.19267,201.1,2.52,-1.497482999,15.859083
-92.848222,45.397795,2971.032966,2661.78558,482.26,11.43,-5.154032115,41.710563
-96.691349,46.876974,1586.868456,26351.4685,655.54,41.68,-4.665706324,38.759615
-95.446084,47.546438,3196.793721,53.737858,146.56,0.57,0.272905957,11.110955
-90.538352,47.907489,2951.737488,38.638734,100.68,0.12,-1.084253648,9.65829
-95.285423,43.935864,881.0229772,85.22618,200.33,3.65,-0.767659314,2.618158
-94.283046,46.364486,8279.248517,4130.885213,798.45,10.5,-6.975976224,60.009778
-93.196703,44.744153,2715.976756,258394.3114,4803.48,634.69,-41.79399313,197.288549
-92.746785,44.024716,2660.311605,962.27358,246.76,1.97,-2.826571714,4.967622
-95.338581,45.884235,4718.721323,2705.34952,449.01,2.93,-5.102944191,12.526827
-94.094162,43.639888,3136.516058,579.48439,297.4,1.25,-1.897086015,12.767133
-92.24639,43.771814,2089.877492,168.15221,298.11,2.9,-2.799434278,3.304481
-93.523501,43.589608,3512.463148,8987.74831,498.85,10.43,-2.688176634,33.922827
-92.549982,44.552211,3943.209509,4836.69058,501.75,11.43,-4.697589869,7.600672
-96.033955,45.873122,673.6452722,23.787676,98.77,0.59,-0.46772089,4.8279
-93.235004,44.982607,1949.956084,1756015.889,15078.03,4165.62,-37.54686769,451.782244
-91.496222,43.578928,1115.995777,1131.66045,249.7,6.7,-2.906845152,2.708199
-94.918646,47.32352,7349.363392,800.90544,344.11,3.89,-2.456810674,21.377752
-93.440907,45.498731,5993.411298,1509.37647,395.36,3.78,-2.966638463,31.137513
-93.349946,47.632915,4309.42279,944.328448,539.01,5.65,-3.117565401,38.894488
-95.189152,43.575699,1940.819947,372.161289,194.64,1.61,-2.542843918,2.977024
-93.231583,46.054145,5268.962996,597.30163,197.94,0.92,-1.211257292,26.87231
-95.043402,45.120145,6091.102546,13151.45887,595.9,56.55,-3.204302225,25.720498
-96.990045,48.778132,330.8610776,7.827458,98.93,2.79,-1.056187981,3.993229
-93.396586,48.572963,1408.292996,888.200421,200.36,2.24,-0.634302676,7.367511
-96.309774,45.002746,966.2206104,32.227574,149.93,2.25,-1.80598373,8.227882
-91.448219,47.651384,427.7674362,564.843589,147.75,1.95,-1.205875693,5.638315
-94.958331,48.802087,236.8908671,2.542368,48.39,0.05,-0.576630249,1.942457
-93.62651,44.238183,2023.447392,462.504,300.21,5.53,-3.009265676,18.089527
-96.272115,44.260627,548.5328072,25.258748,99.23,0.87,-0.797705486,3.653955
-95.613645,44.238881,1141.194356,3359.22884,350.84,19.46,-1.733024811,13.287009
-94.137154,44.932628,1720.021911,2837.54131,349.16,4.7,-3.735667255,10.616349
-95.958479,47.352838,3509.5135,21.0603,98.68,1.09,1.375664414,34.833624
-96.924121,48.403383,1206.738284,28.228573,197.34,1.34,-1.91830863,14.547364
-94.548701,43.715806,441.9577187,941.43267,248.28,2.99,-1.627431896,5.388221
-94.533712,45.140729,3170.081592,1438.14034,292.56,3.12,-2.879040136,6.916858
-93.640138,45.611937,13254.2667,872.63246,345.47,3.32,-0.214137381,54.050134
-94.472634,46.086861,4523.093073,1888.19513,395.83,3.37,-2.389042437,32.135525
-92.981004,43.658277,2631.200224,18599.43649,549.08,36.25,-2.851712447,13.489392
-95.87149,43.92372,1009.727815,38.040376,149.6,1.03,-1.588438433,5.315198
-94.111673,44.333711,1415.05763,9043.39211,348.24,17.05,-2.98937641,9.437871
-95.629768,43.618301,986.5533618,2197.57414,289,20.1,0.631152593,4.925298
-96.677178,47.366623,54.62286735,27.385434,146.81,3,-0.892848204,18.666607
-92.492692,43.854726,6894.597161,78915.79874,1699.84,210.97,-12.02830591,20.818356
-95.365527,46.352298,9686.813452,1617.35189,833.59,23.37,-7.193816457,32.160014
-96.196745,48.109178,1954.325792,2306.676419,249.99,5.22,-1.855540839,23.761609
-92.603084,46.060633,24773.96683,565.767291,374.5,16.05,-1.181933432,83.027784
-96.30375,43.996228,3365.902924,1136.142709,207.06,5.61,-1.486540125,13.623736
-96.688054,47.678925,4738.317146,3101.820008,490.69,17.49,-2.515196612,40.1612
-95.248718,45.604691,1673.849917,345.679351,196.94,1.63,-2.478853755,8.615458
-93.110859,44.952925,28927.74129,756697.006,6916.72,1721.86,14.39070014,196.731943
-96.290349,47.905747,341.7377326,14.44201,50,0.05,-0.325810436,2.583298
-94.991086,44.408363,2141.47078,876.278432,296.86,4.4,-2.421663445,7.925696
-95.04611,44.761626,3611.960447,140.161883,294.73,2.06,-2.036032033,13.053048
-93.172197,44.437015,3396.931,19174.46939,642.17,64.61,-4.691764708,20.242777
-96.218567,43.569836,2740.915997,761.134996,152.32,2.99,-1.803970359,4.359653
-95.443883,48.726788,1532.158367,81.904935,151.11,5.64,-1.419952264,4.497636
-92.064283,46.739905,23792.83522,126119.4808,3190.47,117.9,-10.26694257,212.507946
-93.3784,44.754281,850.9883495,33408.2899,1059.34,89.4,-10.24625901,116.246969
-93.601027,45.306346,4578.75914,5094.04868,533.43,28.52,-6.628693439,26.098883
-94.504047,44.56822,118.2156273,108.03895,196.35,4.45,-1.994751489,6.464622
-94.176972,45.516287,6670.905838,43043.11448,1433.39,181.6,-5.741567592,46.580632
-93.211432,44.109672,1960.842148,9110.12274,403.52,22.81,-2.803603444,16.999435
-96.044874,45.605893,1180.386766,155.88775,148.28,5.33,-1.62205153,4.125375
-95.377625,45.27621,479.1263048,563.184862,197.58,7.02,-1.097679259,9.252104
-94.765708,46.152157,5572.647204,397.91346,387.73,5.11,-2.477765009,14.416839
-96.519787,45.666268,693.2294742,7.282085,48.38,0.84,-0.449270227,2.412932
-92.167582,44.1661,1283.500404,1993.20113,298.37,3.17,-2.912640946,4.074406
-95.098587,46.419092,365.4733833,161.87959,152.42,1.71,0.306707497,4.134641
-93.493533,44.087561,1809.299846,2177.50799,257.54,10.96,-1.774425892,11.038865
-92.959349,44.956115,14750.95139,89300.0582,2442.4,196.56,-30.40770921,79.21831
-94.614537,44.065454,1145.028869,653.845497,149.38,2.73,-0.682881109,2.097408
-96.467598,46.357701,786.2896524,624.499516,96.86,0.79,-0.689594553,6.465499
-91.540831,43.921728,1435.710377,12773.16898,506.92,12.5,-3.306955917,5.856632
-93.874679,45.163131,21288.86166,7985.01559,842.97,19.95,-9.206627367,31.079951
-95.666252,44.806119,1311.922054,44.742655,149.72,1.43,-0.861136335,20.292264
-91.2594,31.478343,0,7424.05184,457.3,567.44,6.828283131,29.934885
-88.621295,34.806456,0,1393.95023,353.82,80.87,1.217648365,4.546808
-90.942763,31.259192,0,53.91536,155.01,127.47,1.537831678,3.679972
-89.661131,33.167535,0,1411.64787,314.26,245.25,4.619197614,16.583376
-89.196563,34.676497,0,40.79028,101.2,58.18,1.424447139,1.705691
-90.718925,33.729042,0,4234.82858,426.16,570.21,7.804902246,10.184158
-89.305054,33.855925,0,937.54227,264.63,153.73,1.475593461,6.064652
-89.945513,33.581565,0,33.20865,99.29,67.85,-0.010308813,1.917078
-88.998031,33.907352,0,238.98385,207.03,175,1.366514744,5.037886
-89.262036,33.433837,2010.134064,367.92014,149.81,94.25,1.471986739,5.235512
-90.884197,32.028658,2399.233886,35.002002,106.73,171.78,1.806656017,9.551161
-88.80933,32.132647,0,201.43839,214.79,156.46,1.180753072,11.491151
-88.654323,33.609521,0,3162.08254,265.12,311.16,3.168909616,6.573969
-90.527859,34.115194,0,6608.0019,376.36,531.56,7.911370138,24.345215
-90.279677,31.789843,0,756.68328,256.76,228.41,0.940021842,9.126387
-89.564501,31.639997,0,642.2808,205.82,169.73,2.408712965,8.454235
-90.014968,34.991083,6682.818064,49630.82882,1716.74,933.85,-3.508304798,138.523681
-89.341412,31.34196,2775.729485,25159.37084,875.18,692.5,8.554044602,32.442543
-91.038958,31.477689,0,26.78191,104.67,82.7,0.26078692,2.812219
-88.724415,30.806441,2285.714285,719.19731,247.73,48.5,1.007853547,10.596901
-88.639266,31.300355,328.2572286,37.67068,86.6,45.66,0.589915846,2.748578
-89.947065,33.769102,1477.8326,1488.09669,211.51,163.49,1.221675853,6.98936
-89.343521,30.308362,8360.39554,4117.24483,362.85,54.01,1.249957736,80.286013
-89.084905,30.382411,19496.84604,63688.96887,2192.29,1126.06,14.48465657,528.072087
-90.567355,32.352446,13431.81255,123784.425,3336.15,4795.37,51.34371695,158.929048
-90.048086,33.198831,0,125.79912,261.83,419.65,8.26774045,5.335468
-90.456141,33.210274,0,919.932992,158.65,222.32,4.545179075,1.951318
-88.314425,34.386917,0,622.20246,249.91,44.03,-0.170972907,3.287466
-88.591723,30.394195,24282.08938,29139.11631,1324.3,672.09,5.59503624,166.325156
-89.028195,31.924126,0,169.5767,205.8,223.79,1.210887191,10.747843
-91.065491,31.708418,0,10.97843,53.11,84.66,1.033899064,2.620724
-89.681078,31.502857,0,86.20389,156.76,181.33,2.292632797,4.315344
-89.010618,31.677208,9488.24006,5056.08049,662.24,412.82,3.184239445,33.506332
-88.519126,32.754531,1226.679473,25.86434,97.88,119.35,1.183252865,8.274601
-89.544587,34.363608,0,8582.70602,524.47,252.48,1.455429437,13.07216
-89.378573,31.327,10375.93473,3059.82482,412.19,164.37,0.974498393,19.398412
-88.709217,32.385393,12981.76924,18176.27169,910.98,950.32,6.218631218,53.697959
-90.029804,31.599966,0,91.87862,153.25,94.93,0.990175071,3.418123
-89.642187,32.823795,0,290.18484,197.75,161.82,2.409179575,21.210965
-88.747584,34.276867,3909.144197,11192.65946,949.02,580.94,3.346202284,20.412609
-90.371457,33.419432,3179.221518,6499.483906,420.9,572.06,7.530644596,5.038434
-90.445342,31.597225,5184.639601,1790.09279,315.84,208.23,1.188187211,10.768237
-88.401414,33.514464,0,6618.26016,686.95,658.13,5.019361348,20.230971
-89.893596,32.641291,4523.736018,22200.16982,1045.58,779.26,-3.691879708,38.387691
-89.7269,31.145006,3685.975554,1147.54616,312.48,208.25,1.84130632,7.979848
-89.44916,34.654376,1160.3493,1071.36799,304.43,319.65,3.39575552,7.976129
-88.600724,33.779298,0,2144.18157,470.78,328.59,1.936787301,11.152246
-89.745951,33.495329,0,203.37414,157.95,125.16,1.735004186,4.758598
-89.112884,32.78703,0,1752.5401,366.62,162.47,4.681990497,108.991951
-89.092169,32.296028,0,537.24195,264.2,158.33,0.317102384,27.856362
-88.564067,33.119215,0,936.87133,159.98,220.75,3.219408482,6.959968
-88.82863,33.458127,7909.141719,6434.44283,405.53,308.47,2.294124362,10.591546
-89.910792,34.444658,15127.31323,1094.73855,306.1,293.1,2.448684007,13.598567
-89.649289,30.86149,0,2560.32136,457.86,125.74,2.265006893,28.853106
-88.967526,31.370407,0,67.50863,153.9,60.07,1.265817673,5.534951
-90.391788,31.142683,0,3107.59627,420.94,424.54,3.708695436,10.246388
-89.159714,34.304314,0,747.12494,310.23,95.11,1.251000972,5.562613
-88.568,34.657043,0,1026.96351,253.52,75.43,2.114534047,4.484888
-90.282457,34.251296,0,659.33369,160.34,225.12,4.905402636,9.71401
-89.970442,32.282186,8968.690275,21305.30727,1311.89,434.44,-6.010875243,73.287858
-89.658604,32.348596,3886.956038,1248.1402,301.62,233.77,3.555598518,14.965769
-90.883167,32.90508,0,5.64022,53.22,71.99,0.572789773,1.265201
-90.053049,31.970483,312.2474469,818.10282,259.76,192.25,4.148847766,7.332758
-89.572068,31.917528,0,84.4891,153.33,69.44,0.076520641,5.05743
-89.134584,30.8522,3642.990603,508.44098,146.35,60.08,0.688301472,15.0049
-90.642725,33.458948,0,2301.15871,296.64,424.45,5.461536712,4.353545
-90.05808,34.020195,0,1632.350059,187.1,226.34,4.341591505,3.279656
-90.099988,34.692079,0,1144.93225,259.2,153.17,0.694079291,17.207564
-88.909567,34.660484,0,869.1498,209.15,86.59,0.802624117,3.060421
-88.234543,34.584891,894.2544152,395.55043,204.32,10.67,0.399852258,1.940282
-90.373081,34.64864,9063.934704,142.31772,107.41,157.05,1.209002515,44.896683
-89.147091,34.538048,0,1053.05156,305.63,94.61,1.513315366,5.530581
-90.155149,31.237842,0,516.74064,154.15,137.36,1.22838972,2.852914
-90.817973,32.476949,4980.284439,5464.68624,528.23,507.12,2.197534883,145.751092
-90.831874,33.299338,10098.91486,19839.46753,901.68,1283.38,20.16566201,41.351843
-88.561609,31.735809,0,464.94797,201.7,160.31,2.358709138,11.060041
-89.130935,33.637387,0,496.72576,153.03,75.66,2.156104446,4.775148
-91.410474,31.131867,0,26.12219,91.14,140.71,1.538138082,2.411284
-89.195726,33.046456,0,504.30839,256.73,232.11,1.798867543,16.332464
-89.600343,33.997931,0,252.38699,154.7,118.56,0.671422975,3.500529
-90.218532,32.88064,0,3290.452431,264.66,355.21,6.083440765,8.180525
-92.580608,40.185169,3187.535437,14506.55717,362.87,19,1.316820008,2.095263
-94.726341,40.018919,2315.053216,288.56014,198.51,4.14,-1.682020691,12.296913
-95.31155,40.417491,387.3253202,19.0606,100.88,0.87,-1.022365544,1.752396
-91.494059,39.305959,3016.799794,1768.23488,371.08,38.74,-1.107095044,1.931266
-93.926021,36.825293,8433.857887,741.88507,349.87,1.46,-0.72711629,13.806654
-94.454629,37.507621,1341.61485,319.10338,150.67,0.82,-0.297410555,6.864482
-94.336321,38.260423,3581.747913,424.28272,203.56,5.82,-1.054666077,4.494898
-93.216226,38.159419,7680.731658,188.77509,300.48,1.33,0.081557877,3.883019
-90.064697,37.174303,3178.026237,69.77561,151.77,1.1,-0.061718574,2.372557
-92.315646,38.955674,12761.97681,63331.57203,1475.33,271.69,-6.937577662,9.896492
-94.852158,39.771319,7026.048565,55487.69526,1245.13,128.34,0.647946673,70.562637
-90.258076,36.639452,14981.9471,4916.35564,510,70.15,4.147709174,6.800372
-94.092213,39.655046,2170.244576,42.0288,100.17,0.94,-0.520536162,2.235374
-91.763399,38.831226,10139.0293,1713.27316,395.31,33.77,-1.726676592,4.453946
-92.963326,38.14508,12667.02713,2014.75832,514.55,7.9,-3.289276386,8.216983
-89.669083,37.524052,5553.75449,26364.49903,819.28,158.15,-2.307091157,43.84182
-93.354627,39.437731,1351.628521,205.128224,151.77,4.85,-0.279995864,2.527094
-91.081989,36.950902,2998.384066,24.909502,102.41,0.17,-0.564910876,0.653377
-94.345887,38.793457,8106.79094,15713.75165,1015.92,66.69,-8.14225218,33.444488
-93.850953,37.734046,2488.74499,227.85572,150.25,0.18,0.294579221,3.517748
-93.042956,39.437342,1389.628686,32.730816,150.94,7.68,-1.274683343,3.411806
-93.318549,37.007373,5857.609132,7446.93533,717.23,11.38,-5.971893704,28.125543
-91.818364,40.442134,2312.163945,80.221427,147.25,0.95,-1.214813257,4.039672
-94.539371,39.202503,4938.214864,81665.488,2242,289.62,-18.03930973,147.084064
-94.277656,39.588211,2169.967301,732.86143,201.61,6.82,-1.983153576,8.527506
-92.179536,38.563013,6258.001664,13164.85447,746.06,193.83,-6.068543606,7.475745
-92.919531,38.848075,2387.440734,1510.38919,232.91,31.41,-1.420480758,1.474341
-91.416415,38.163231,6132.997458,385.94012,303.82,2.2,1.400060879,3.732049
-93.94138,37.426599,2096.29569,32.78697,97.64,0.67,0.158345461,3.010526
-93.020696,37.548731,1698.94421,135.96802,153.61,0.29,-0.14572329,2.796684
-94.004786,40.028641,1239.867797,31.56037,98.87,1.41,-0.211598215,2.392686
-94.312608,39.914622,725.2084994,59.61869,81.39,13.46,-0.695265503,2.968832
-91.516199,37.641556,1979.199191,1598.81313,200.45,2.2,0.653100319,1.566007
-92.721633,36.935413,1613.43086,134.658725,150.44,0.68,0.291659981,2.859431
-90.10412,36.535338,4877.911242,2281.58797,467.81,61.85,4.715102138,8.2853
-91.217846,38.335397,8768.50742,4872.48072,850.14,11.89,-4.650254554,16.445111
-91.511576,38.630649,5293.123615,604.94904,248.11,3.14,-2.219599654,2.069114
-94.516238,40.219053,1079.605687,27.45407,103.9,1.19,0.086283762,2.85543
-93.311991,37.116042,28961.85231,155893.3853,3180.76,219,-11.030249,93.167153
-93.482061,40.130099,961.2639176,905.751491,203.68,1.02,0.082243308,1.525789
-94.111775,40.360276,1578.601617,423.262928,150.8,1.68,0.00840615,3.236357
-93.625603,38.403534,8656.725852,1601.80764,304.99,6.54,-0.786617348,3.352704
-93.316456,37.928738,3244.173921,101.70568,151.91,0.11,-0.024074223,1.937719
-95.24488,40.17645,3413.16978,35.447276,151.99,2.97,-1.157298346,5.092485
-92.712015,39.061431,2084.603648,83.56481,148.39,17.05,-0.482309561,0.799125
-91.892325,36.745978,6901.293158,1697.98472,409.43,1.74,0.493731718,3.577815
-90.656851,37.393757,2971.972574,167.78587,202.27,4.89,0.944671356,1.931688
-94.395218,38.898686,14006.37456,611182.4672,9968.81,5529.3,13.89107237,382.937665
-94.522937,37.069722,11837.01376,27683.43561,1129.6,45.47,-0.760663245,133.275646
-90.426098,38.486427,51562.67059,40938.90045,2117.48,35.87,-8.779387832,93.616861
-93.746745,38.767795,5098.215019,6123.22322,431.82,40,-3.254032706,7.541498
-92.113906,40.103244,634.3192028,22.112609,99.64,0.91,-0.085984366,0.79225
-92.750459,37.72436,5819.492074,2729.69174,306.55,4.66,0.352495216,6.552521
-93.785363,39.144118,2938.394869,529.28879,351,12.94,-2.471632987,8.424381
-93.703755,36.973455,5086.70227,2000.4786,355.98,3.01,0.220977375,20.066008
-91.808088,40.167284,1746.430984,115.53505,198.22,18.07,-1.359936737,11.094682
-90.915948,38.914786,3540.351182,1033.58994,352.04,13.42,-1.708289237,13.549567
-92.941651,39.730951,1939.142362,524.383518,257.5,2.03,-1.677428759,2.753881
-93.56653,39.787354,1242.631471,3794.49182,273.13,13.36,-1.507758086,2.887818
-94.398102,36.634934,7434.319472,201.35598,195.23,7.02,0.039075948,22.539296
-92.472542,39.736201,2965.039127,395.592968,247.83,11.67,-0.976500422,1.993018
-90.290593,37.560453,1337.280923,403.27872,152.89,1.87,-0.528104781,1.862033
-92.003344,38.215224,1342.146032,56.43019,148.61,0.93,-0.479606496,0.521977
-91.394844,39.695639,3065.357566,4888.92951,315.03,21.41,-1.798103546,6.723559
-93.63949,40.367038,890.59213,17.38501,99.04,0.93,-0.516634247,2.419596
-92.634558,38.282451,5010.879625,905.53857,251.55,1.16,-0.422008507,3.273144
-89.282648,36.736061,1618.418394,1288.945757,180.46,85.85,2.077092414,5.240724
-92.500989,38.717554,708.6103212,865.65287,188.63,10.2,-1.093487808,1.04906
-92.185143,39.503452,1387.215403,27.45644,100.58,3.8,-0.864138971,1.382615
-91.335696,38.937754,2664.03945,95.86879,200.75,5.81,-0.642985589,3.122865
-92.8526,38.520073,5642.94527,475.75399,254.73,4.56,0.717816714,2.13188
-89.589873,36.795903,175.7469244,792.094078,211.34,77.97,1.51876417,14.091556
-94.570495,36.830669,16168.89402,4137.66597,605.87,12.67,-3.630134619,80.705705
-94.744291,40.315847,1676.196902,2731.921903,247.93,9.68,-1.7140733,4.379228
-91.349973,36.585074,2355.490695,54.248059,152.13,0.43,-0.188832425,0.942007
-91.824778,38.593522,1863.923187,92.54981,194.36,0.59,-2.458842717,1.773719
-92.611492,36.632428,1931.114308,24.90014,102.47,0.13,-0.036161811,1.479414
-89.763923,36.318419,4054.308786,1313.098747,317.33,158.32,4.172068599,8.33515
-89.967355,37.695796,2136.439421,1984.14448,252.47,2.77,-1.755127812,8.024094
-93.221929,38.705997,6327.303455,12475.03004,551.78,49.16,0.708712781,4.44995
-91.615703,38.044544,5504.152939,6965.54373,480.82,24.26,-0.885115442,6.777722
-91.166978,39.451003,1194.57282,1264.12042,235.84,32.44,-0.688255928,2.393221
-94.643365,39.202587,5926.221815,27967.62632,949.69,135.12,-11.31810367,64.397744
-93.273994,37.523741,4689.416664,201.1437,204.17,3.25,-0.696816157,4.00892
-92.237473,37.809726,6734.969019,5696.80187,384.11,85.56,-3.389890762,7.921881
-93.015714,40.482768,478.77529,48.576959,100.43,0.25,-0.52904742,1.704699
-91.316079,39.606246,2748.977493,85.88379,148.52,3.96,-0.849957422,3.586136
-92.461181,39.527936,2368.638535,2969.34703,290.38,32.71,-0.759662134,2.499502
-93.972501,39.275927,2470.821639,509.94926,202.65,5.18,-1.183210312,6.283109
-91.017983,37.469871,1306.003592,15.949854,95.17,3.9,0.290164483,0.847044
-90.682513,36.562582,4831.995428,170.582884,199.95,2.18,1.138974784,2.329262
-90.498688,38.777341,8.09742687,216808.6279,3967.17,350.22,-46.84368499,243.344238
-93.602339,38.034124,3919.043964,45.1752,150.12,2.2,-0.704370755,2.049407
-90.13974,37.795024,3359.588914,364.72156,197.26,7.45,-1.525136152,5.916088
-90.432541,37.801637,7153.107449,8220.88581,520.05,40.29,-0.509010117,12.668531
-90.391285,38.726893,0,645817.4263,10461.81,5154.18,-51.43869119,519.08014
-93.202318,39.112553,2001.678289,8047.18764,343.83,33.53,-1.498808102,3.083566
-92.59486,40.453656,981.9228648,14.27316,52.2,0.47,-0.184506936,0.304551
-92.146666,40.452548,1038.382768,267.680952,104,0,-0.266988325,1.313398
-89.616707,36.876462,0,3590.48428,516.4,113.79,1.043743197,18.095859
-91.384136,37.236738,1281.754708,19.995247,102.32,0.32,0.440325595,0.365652
-92.215977,39.78658,927.1331391,39.509578,147.61,5.42,-1.33562267,1.919798
-89.969809,36.802405,4053.475025,2048.99139,410.51,14.05,0.815337558,7.290176
-93.509748,36.721263,8326.369104,776.8571,307.15,1.32,-1.96701291,12.988957
-93.120101,40.213048,2483.029307,54.210105,149.86,4.33,-1.059131088,1.965342
-93.081303,36.565554,7499.821429,2224.517683,511.67,16.74,-2.183986884,17.862865
-91.983554,37.528078,2822.226776,92.03246,191.79,8.18,0.67181688,1.936369
-94.337153,37.832467,10967.4785,1582.475333,303.72,2.37,-1.061462247,9.108458
-91.193764,38.703487,3859.665389,650.88365,248.37,9.52,-1.564036309,6.642922
-90.954902,38.055497,8254.32705,551.81582,241.56,11.18,1.875184592,2.837473
-90.480782,37.148243,7119.814192,103.47816,202.46,2.04,0.988647023,3.179006
-92.767551,37.117782,5138.189822,820.32225,386.44,9.08,-0.819113729,11.631708
-92.319848,37.095991,2144.14732,204.37509,204.94,1.98,1.469132348,1.852084
-90.221078,38.659155,0,660261.4406,5446.67,5510.73,57.78843482,171.291603
-112.714473,45.23518,410.9498763,480.094842,148.15,0.18,-1.541927312,74.00791
-107.391028,45.209581,6916.48626,15.943748,200.35,0.29,1.658619918,83.759695
-108.674553,48.364228,355.495338,2.807701,48.93,0.82,-0.520259127,19.625661
-111.495355,46.332356,2033.717862,326.160751,98.89,0.22,-0.60491258,56.780396
-108.999523,45.510737,3554.877616,226.698036,246.4,1.77,-1.599879621,230.122783
-111.301672,47.499644,4263.722275,23257.386,644.1,7.98,-4.16580524,575.5262
-105.838581,46.403761,2178.285979,9516.155593,300.1,3.32,-2.193133758,243.403275
-113.083172,46.058436,9718.986717,248.813225,142.8,2.17,-0.349463051,91.659722
-109.223995,47.26399,1097.111675,720.599107,96.57,0.27,-0.731288067,54.595118
-114.314957,48.195702,26701.02777,14502.3007,952.88,8.03,-8.359206808,328.065698
-111.160365,45.530311,10925.20804,38833.12755,1066.6,8.09,-13.51525674,178.295491
-112.910501,48.689388,1129.039673,527.330438,152.02,0.96,1.702757282,68.514919
-109.667387,48.537044,5705.16937,2668.40705,244.05,1.22,-0.835159618,64.033261
-112.118815,46.276648,3206.541834,84.184571,148.13,1.17,-1.588373501,51.238488
-114.12792,47.49178,10314.18129,200.787906,399.38,1.88,-0.762940007,116.386251
-112.279299,46.813917,9758.957372,8667.493912,654.57,4.16,-6.618605404,305.288356
-115.39106,48.53439,2174.729035,16.145487,148.12,0.2,-0.761375347,21.634316
-112.132422,45.621256,2122.146112,10.012686,145.29,0.61,-2.198381506,22.01951
-114.766038,46.974456,316.2568954,7.008173,96.99,1.58,-0.20838841,44.720676
-114.390402,47.104401,8924.431332,44517.13965,990.03,12.45,-5.859638656,240.908178
-108.39726,46.496787,4473.632416,207.862254,100.46,0,-0.526416359,45.636046
-110.467402,45.12824,1240.487747,2036.01176,151.2,1.35,-1.319077035,24.935652
-112.569407,48.282634,98.36151822,5.10572,49.88,0.21,-0.319066218,22.25885
-112.752629,46.390054,638.9825254,16.749135,79.76,1.15,-1.00431325,11.498644
-114.318722,46.186541,6371.31145,290.785125,459.85,1.1,-2.524847108,103.006691
-104.607386,47.974614,1775.767929,73.75688,149.23,0,-1.812504856,75.220939
-105.071566,48.320626,3558.718884,17.173736,150.57,0.66,1.786660825,53.937515
-106.890975,46.602957,425.4699724,2.523072,47.51,0,-0.388742886,22.122753
-114.524175,47.469209,1730.509327,14.464353,144.96,0.8,-0.623113802,21.685124
-104.690086,48.822506,1385.708586,2.902827,51.33,0,-0.464128215,12.313907
-112.534799,46.011592,40868.24155,18393.45508,397.77,4.1,-0.783842107,195.610539
-109.330694,45.607362,2258.434183,21.189861,150.42,0.28,-1.930987243,127.543209
-112.588987,47.861075,898.1820408,6.888895,51.76,0.25,-0.405740175,57.307797
-111.894166,48.502961,3917.370642,5.173985,96.93,0,-1.094888029,63.196136
-106.851889,48.367995,375.4475242,3.71948,49.29,0.13,-0.23545921,31.968539
-108.675325,45.982192,16631.98906,77361.66109,1625.39,25.35,-12.79869766,1430.311497
-98.389292,40.588716,1854.419309,10576.77141,444.27,5.3,-2.940447699,25.532112
-98.097562,42.032141,1375.71824,190.338523,149.22,2.56,-1.352386688,10.048815
-98.068073,41.707423,293.009007,156.487183,102.07,0.49,-1.421460927,5.480166
-102.812363,42.046125,370.6689867,206.062645,148.66,3.26,-1.001526817,4.834545
-99.073318,40.706364,2283.012873,17179.57471,546.94,11.13,-4.819475671,8.107416
-96.434258,41.792179,1349.535526,40.4653,153.77,1.4,-1.203638698,6.696182
-97.10999,41.249456,885.4680903,122.878598,149.68,0.38,-2.091899938,2.474786
-95.913811,41.005389,3569.113852,565.40394,296.27,2.04,-3.802171381,12.059272
-97.272932,42.718589,430.469978,22.9912,98.13,0.3,-1.468698132,2.990548
-101.093394,42.456002,463.2895536,6.969804,97.86,0.02,-1.209500092,4.767612
-103.001342,41.135457,660.0108348,970.392289,151.04,2.12,-1.557722917,3.716723
-98.066663,40.451886,285.1259,22.517608,97.87,0.44,-0.87114319,3.558523
-97.093083,41.538696,593.4951315,267.860569,136.23,8.46,-1.008335235,1.616063
-96.644805,41.824012,292.3739269,61.00113,150.11,0.34,-1.439024666,2.815057
-99.971208,41.339535,1709.557096,280.720694,200.9,0.89,-2.108415607,2.569235
-96.409994,42.47687,1688.482703,5334.64101,198.24,17.35,-0.213212696,13.207205
-103.005304,42.796896,216.8514784,222.871505,101.97,6.59,-1.394947245,3.244249
-99.728913,40.787055,1773.655127,2460.243717,340.37,30.73,-1.550774826,3.743236
-96.865797,42.591199,1329.410736,24.742449,97.78,0.79,-0.899715395,7.80852
-96.490577,41.444838,2662.887883,15350.65001,458.15,8.14,-2.000870813,6.928846
-95.961526,41.234012,16970.41647,634056.186,7859.86,1970.8,-23.89088615,189.599362
-97.705752,40.521342,635.850561,19.175586,100.23,0.64,-1.242994376,1.230955
-98.949265,40.108342,873.8589082,10.681665,100.9,1.02,-1.089405278,1.918666
-96.738466,40.260846,2638.839678,5492.30114,348.82,4.49,-2.895819633,10.103446
-98.347232,40.913089,3697.008217,22106.52378,695.85,33.58,-1.111109437,12.478878
-98.005597,40.861785,1031.948231,214.319096,152.51,0.69,-1.856433343,2.673637
-98.657878,42.472359,210.632881,123.747764,201.48,0.34,-2.846868994,6.140676
-98.624897,41.215892,247.371676,23.208087,99.02,0.32,-1.222853506,2.43204
-97.157365,40.152038,1842.876684,933.208712,156.13,2.83,-0.64437515,3.723141
-96.304724,40.410502,835.828496,40.765036,84.37,9.64,-1.029065431,4.354774
-98.95168,40.495689,1350.593318,187.5025,101.49,0.21,-1.312340679,1.602878
-101.743571,41.138451,716.5316976,4035.73456,148.17,3.11,-0.863396935,2.052042
-97.664225,42.517466,1152.609248,24.750046,151.44,1.26,-1.484254762,22.493126
-96.618164,40.831587,3749.761,281187.2192,3531.99,288.78,-24.0877165,64.082184
-100.750674,41.13238,2067.841651,10730.77824,407.04,10.88,-3.615234335,6.351091
-97.385281,42.043086,1532.048604,12302.24349,454.83,11.84,-2.870695557,11.046703
-97.997589,41.109417,425.0289417,284.72243,147.42,1.13,-1.482118763,2.465428
-95.829756,40.373896,1264.535592,140.528663,99.97,2.95,-0.711155034,3.919527
-98.046868,40.18136,0,109.43243,100.69,0.27,-1.052241717,2.208849
-95.858108,40.677702,842.377516,3360.669158,254.59,1.64,-2.583696946,5.296776
-99.406785,40.46148,693.2104149,372.326341,149.45,1.09,-1.772651258,2.811585
-97.459929,42.260325,410.697332,26.662638,100.46,0.42,-1.186299002,3.944629
-97.39385,41.431771,1444.592681,6073.3771,338.24,3.79,-3.464938385,6.481756
-97.576146,41.255208,857.339617,23.703236,102.26,0.28,-0.935336843,1.970015
-100.638122,40.223142,361.5928926,646.957809,149.91,1.39,-1.293395081,2.492025
-95.870237,40.110123,436.563156,108.632262,149.19,0.44,-1.05724983,9.506725
-96.970556,40.647258,889.8667844,240.102749,195.49,9.12,-1.081614608,3.329791
-95.961072,41.124919,15010.9667,110400.0764,2141.9,171.44,-25.67263769,93.653154
-96.612937,41.213579,1579.953169,465.59359,248.76,2.29,-3.030970492,5.844387
-103.6628,41.867349,2464.475701,8771.833696,559.25,9.35,-1.373212232,69.395847
-97.109535,40.899697,672.9533996,1094.93175,193.54,2.14,-2.295155334,4.432874
-102.438118,42.450352,776.9763651,3.731541,50.23,0.58,-0.495403482,1.948318
-97.250151,42.019668,1343.3289,43.787767,99.01,3.39,-1.25151362,2.379201
-97.64588,40.22137,1250.782633,18.22389,99.66,1.04,-1.207014823,0.950256
-96.594244,42.223694,472.0701236,35.99092,101.61,0.41,1.802034304,12.826742
-98.920774,41.571067,351.1418308,81.909985,102.92,0.93,-1.385818796,1.555487
-96.158374,41.524742,1561.401183,781.608,253.73,5.14,-3.420452755,5.386706
-96.998356,42.235442,225.9174854,359.72916,97.44,2.45,-1.217235269,2.525364
-98.494303,40.252765,1516.992913,12.445953,98.92,0.58,-0.9376728,4.214605
-97.599011,40.941327,755.3834488,541.112687,201.06,5.51,-2.240252315,2.7812
-118.145353,39.570334,6090.321549,4719.572786,346.53,48.01,-1.773197505,160.690436
-115.09622,36.092998,0,3244125.961,24263.08,5622.79,79.71772987,13498.72798
-119.732984,38.887065,27425.29618,11531.28683,792.58,11.49,-7.260414905,397.853225
-115.795563,41.101876,6429.283339,7194.95435,660.84,11.48,-3.378908514,334.460671
-117.727223,40.961124,1173.398756,53.646882,95.36,0.77,-1.13375682,71.93318
-115.075291,37.368174,1976.227289,6.247376,93.23,8.54,-0.229403717,3.946537
-119.454553,39.185105,13834.0911,5042.761552,493.77,5.4,0.216665602,291.760651
-116.645615,38.141085,15430.00617,1333.663055,392.94,11.16,0.605670543,250.963991
-119.742941,39.560521,20772.90238,406938.1603,5258.35,236.94,-12.94635358,2839.086954
-114.79138,39.567054,2321.73355,63.866587,81.84,9.81,-0.457651731,36.382205
-119.754606,39.17528,25540.13301,42120.46544,632.74,25.73,-0.280993708,323.366405
-71.363469,43.427433,0,6312.00659,754.89,11.17,-5.260419724,12.336584
-71.111043,43.900479,1400.401907,751.79568,558.33,5.8,-5.511399759,4.318044
-72.059679,42.829369,172.4422061,6834.41353,817.49,14.06,-7.232711127,4.35133
-71.134125,44.342267,0,1221.264121,480.08,18.91,-0.809787642,5.009633
-71.641982,44.224108,127.0534124,3699.26983,959.92,19.93,-8.971392728,6.163201
-71.482523,42.995047,0,302577.9149,4272.91,283.79,-23.5526147,163.922287
-71.339129,43.214836,72.13138708,26220.59868,1819.89,49.53,-13.24443558,20.631251
-71.300235,42.864066,161.8479081,58210.45369,3180.72,50.38,-36.92645848,99.483082
-71.042401,43.213933,141.3791968,30013.87824,1275.33,25.37,-8.734228104,14.354274
-72.200141,43.364909,0,1602.68016,504.15,7.63,-3.355524764,2.656333
-106.704504,35.081648,58818.44443,640672.961,7796.8,435.13,4.385196565,419.688765
-104.034748,33.576309,4524.963763,14403.09896,554.84,17.96,2.110016515,26.348383
-108.199321,34.935964,2032.044905,4029.601623,245.15,5.17,3.54220681,24.170531
-103.23174,34.426648,2756.457098,18101.86878,569.98,58.12,2.508934951,35.394374
-106.788105,32.311998,10123.52064,77028.8832,2029.4,63.25,37.09652295,72.670296
-104.307355,32.756506,7421.575829,13356.22021,587.8,23.15,-0.141996781,43.329216
-108.253322,32.777142,4616.848105,1763.097105,401.73,7.8,0.403257529,5.976891
-108.714793,31.91343,1176.058508,487.652466,100.72,2.44,0.533637,2.378063
-103.135616,32.703881,5163.900552,13294.5849,732.33,55.22,4.025435313,84.436833
-105.652989,33.9092,2904.112964,484.646478,197.33,3.1,-1.409149012,58.188326
-106.279217,35.804831,0,708.1994,195.66,2.47,-3.054709374,9.260878
-107.766562,32.258746,4770.80056,3420.467101,201.16,6.28,2.453437036,4.945122
-108.415994,35.569151,7659.400629,4785.583005,781.69,11.43,17.59718381,93.906877
-105.965451,32.798875,9805.529939,20190.18374,723.54,59.95,0.280436506,35.843836
-103.7417,35.205759,1015.715244,462.474122,156.69,4.97,-0.05931508,4.436183
-107.220393,36.6354,4745.661952,1819.94575,404.89,3.66,1.298529162,79.357152
-103.706297,34.22032,0,4289.510364,250.96,12.86,1.754229735,7.35404
-106.668067,35.230465,3681.497077,38632.1171,1162.32,52.17,1.729050728,123.748967
-107.969505,36.31794,25504.65981,23625.53902,1611.34,28.4,11.22506064,206.542446
-104.569764,35.501887,105.8250892,3198.503974,349.97,10.77,4.798335403,12.753341
-105.97174,35.633823,17769.59087,76565.33663,2556.16,52.41,-11.82258868,154.39229
-107.588125,33.090664,3661.307355,2001.392438,201.53,1.38,1.404844739,4.514303
-107.294856,34.016591,2329.975137,1978.117069,234.51,3.1,0.377923946,10.54257
-105.533022,36.459476,2570.069711,455.256032,304.19,2.23,0.369097878,12.219848
-106.156691,34.998958,5435.710588,128.504641,187.7,3.17,-0.114457646,10.123919
-106.685687,34.818021,28120.83924,8954.232309,844.91,27.45,3.272265448,58.18818
-73.766462,42.670296,3496.285541,309658.9991,3739.39,942.18,-14.4580823,86.872591
-78.303322,42.2317,90.04020431,591.95467,542.01,14.38,-0.725731693,16.09746
-73.914883,40.843094,0,20494250.46,16806.06,10676.34,453.4366607,325.084755
-76.027958,42.113198,16381.18995,154937.4248,2695.42,356.6,15.80459948,83.295711
-78.419351,42.075517,6195.357362,9642.27881,805.5,23.43,-0.545397023,87.003774
-76.546557,42.930289,4445.552918,26946.0497,878.29,78.27,-1.886625302,26.337275
-79.339714,42.452483,11582.19691,53312.43576,1721.17,91.54,3.883714976,75.084502
-76.806408,42.080894,7963.704355,48786.74963,1090.44,136.63,3.032848875,40.555651
-75.422352,42.589654,5811.622618,6869.26737,554.26,12.7,0.882757423,25.705635
-73.466179,44.691309,659.6845599,18420.89595,840.01,58.74,0.764467,8.632868
-73.788171,42.247925,10048.34709,7806.29403,943.59,82.33,-5.335019438,9.091758
-76.17347,42.599325,8346.21556,31220.47849,612.59,24.11,-1.144165436,21.927131
-74.92658,42.272173,4291.98834,449.69076,599.01,14.58,-2.097504187,6.644017
-73.541586,41.944615,7829.120848,118178.3784,3876.78,713.62,-20.63281485,54.254204
-78.673779,43.021243,18090.07055,1077266.518,11910.22,3650.84,9.787193138,582.103928
-73.679617,44.1794,98.96566424,379.92388,532.56,22.83,-2.52176291,4.569674
-74.166656,44.932576,0,289.5994,209.55,48.82,-0.803337187,1.423612
-74.343697,43.062806,8481.830148,23355.57764,750.09,28.22,0.255583101,26.518066
-78.213229,43.088018,9858.525858,19854.35802,701.01,40.16,-2.359007823,11.485188
-73.858855,42.41899,865.8689698,2494.36231,709.13,37.16,-3.042281119,13.268273
-74.572964,43.523275,527.3018376,13.180113,194.25,4.57,-1.196271762,12.875646
-74.865462,43.049546,60.2300866,16336.48065,954.21,29.31,-2.03535893,111.120122
-76.223308,44.091333,5811.665659,26015.99363,1154.86,139.87,-0.915047043,32.037049
-73.951513,40.59944,0,37192506.97,38651.59,23881.61,310.7793187,771.842233
-75.241256,43.637749,1390.277666,143.70735,299.88,3.47,-1.685453953,8.574131
-77.875247,42.723684,6755.933085,6377.35306,655.73,26.64,-1.795160273,8.399705
-75.542318,42.814563,1471.063542,2344.97704,352.55,18.79,-3.528970868,24.462803
-77.627731,43.039367,44957.50254,873605.9901,9794.09,3995.59,82.41512917,162.909118
-74.208542,42.950532,10388.02352,31109.60475,823.49,43.34,4.314289083,31.464456
-73.625246,40.666393,232446.2587,2136171.882,14133.85,2962.56,-121.8918531,389.725581
-73.973117,40.801829,0,25071566.75,14392.41,4165.14,13.2658008,360.846201
-79.037254,43.091818,19750.49785,167188.5613,2991.45,549.73,3.254492662,246.105744
-75.448505,43.23957,11664.34363,201875.5905,3319.24,498.59,11.64834821,657.086267
-76.250216,43.064593,45723.21748,531409.9339,7137.12,2013.19,20.18978741,591.79918
-77.295473,42.893533,17897.3027,25983.46132,1228.99,74.09,-6.975880777,35.459075
-74.007635,41.492708,245.8428461,159028.6378,3673.16,863.69,-17.81204902,105.694541
-78.391592,43.212493,4869.280527,5185.83644,502.99,47.87,-0.661393968,7.356446
-76.401992,43.314449,8357.895602,30973.17648,1397.09,29.17,5.772366888,91.803016
-75.297644,42.49738,1615.167448,30904.54221,884.94,40.84,-4.791664558,17.971004
-73.774007,41.396117,3812.95306,15142.7146,960.16,54.69,-9.450155118,18.765391
-73.877947,40.752686,0,23291642.66,32318.59,12583.76,114.3725106,995.462614
-73.69219,42.718167,6155.700108,107555.0926,2006.77,293.31,-6.856848134,37.032622
-74.135329,40.617078,0,1417293.842,5470.96,1266.32,9.061725958,209.655925
-74.045419,41.107394,560.0989693,342192.7055,3218.43,745.66,-13.56837643,64.388482
-74.964602,44.691301,824.586157,16934.84227,992.32,50.09,6.133041949,6.759114
-73.644074,42.946791,24556.53721,63394.26849,2430.85,79.93,-25.41676703,66.147049
-73.937732,42.81949,433.9081517,185486.4279,2131.1,495.03,5.596945726,131.445535
-74.500832,42.673115,791.7720195,479.98026,349.1,6.08,-0.978045146,6.61924
-77.039813,42.376873,668.983217,311.7458,250.58,5.49,-0.423026582,5.461665
-76.883197,42.926001,1142.385645,1855.40326,435.89,33.14,-2.36276915,9.39393
-77.658535,42.332399,2229.871381,20268.06891,1296.13,37.58,-2.734111444,25.532492
-73.271111,40.831068,1085.163053,1071169.524,16308.8,2285.82,-118.6322018,447.480033
-74.921263,41.834086,9463.938257,3364.47707,1078.53,137.47,-1.714818529,90.280383
-76.479304,42.214545,3418.073013,5588.29214,505.79,7.62,-1.282555356,30.119934
-76.618059,42.519008,3098.946428,69540.95281,1151.97,94.75,-7.495197351,18.330077
-74.003251,41.933689,5457.537189,50730.24782,2326.08,274.96,-5.508946316,39.719704
-73.65739,43.317069,15292.86236,24949.1204,866.82,22.41,-4.796194632,12.614825
-73.53742,43.345984,3616.868662,8577.26088,781.25,36.66,-4.068316217,7.623471
-76.828903,43.168125,8661.737264,8561.79828,1108.94,64.26,-3.574926782,27.64597
-73.777098,41.023025,0,2106209.58,11253.23,3531.14,-30.07343968,290.292006
-78.132083,42.739047,3736.907853,821.29038,475.7,28.01,-2.148473258,7.959442
-77.116661,42.596193,3447.411496,444.46776,261.58,5.11,-1.448223785,3.537548
-79.397998,36.077289,14724.18394,42109.70591,1875.91,653.53,-0.024137599,12.612042
-81.095897,35.863142,8802.43028,1397.78675,343.01,37.91,-0.137966167,4.055444
-81.226665,36.490468,1623.726262,196.96858,153.49,7.65,0.141350106,0.594816
-80.23512,35.037999,5191.792146,376.20037,293.27,312.74,3.103934287,3.451344
-81.369487,36.458028,1529.243098,480.62154,302.05,3.9,-0.640944672,0.931132
-81.979996,35.988624,1870.099295,388.7759,239.14,14.19,-0.776671117,0.920979
-77.014238,35.642285,12224.35739,2918.05296,577.28,265.29,0.268821254,1.872999
-76.870646,35.959254,1482.182277,113.13013,200.81,254.6,3.10983576,0.456095
-78.416129,34.62728,3337.204328,339.78476,311.16,204.6,1.675367325,0.851938
-78.581509,33.944951,0,12613.96711,1563.43,283.34,-9.449669331,12.101427
-82.559069,35.578768,41424.27617,63235.96939,2886.74,396.96,-21.93238573,9.58222
-81.678666,35.615758,14064.57562,7630.70709,901.31,112.67,2.298946917,5.754049
-80.614852,35.464088,12413.77394,48645.99164,1893.37,689.85,-5.348405344,254.486665
-81.488732,35.797095,21673.99251,8475.83486,862.19,79.24,3.377028301,5.756937
-76.306716,36.457846,1122.624552,91.68025,94.48,27.62,-0.243346551,0.432155
-76.318987,34.845783,12246.48425,25332.98728,1838.12,173.76,-9.997160702,11.437686
-79.218422,36.495156,6156.756354,335.72517,304.53,194,1.413390381,1.114431
-81.332463,35.721066,27131.43095,25249.3919,1580.55,265.22,2.664690928,38.266785
-79.278926,35.608759,11982.78154,3496.42458,674.65,147.85,-3.393638862,4.38685
-83.89644,35.184397,10547.10882,511.48647,353.35,7.23,-1.154757946,0.97962
-76.627336,36.059199,2777.587241,672.52494,159.52,102.97,0.436476152,0.538876
-83.708889,35.067689,5720.581894,146.58133,105.02,3.98,-0.675270994,0.480934
-81.553117,35.292215,8472.6048,9575.00211,1139.54,474.29,7.663761936,12.228521
-78.858297,34.411005,12802.7705,1232.62012,664.18,385.17,3.606591418,1.855304
-77.067206,35.105018,13269.57979,17114.01299,1034.63,464.52,1.757916997,4.150062
-78.996377,35.07395,33598.55404,117960.0776,3220.41,2450.03,12.80447832,18.611185
-75.856871,36.503541,10149.91949,852.53427,350.81,35.83,-2.701537518,2.94764
-75.641789,35.852206,8246.447396,5155.511849,454.48,16.77,-4.170592495,3.211613
-80.072366,35.89865,35439.75798,21961.97933,1737.69,338.96,0.833040586,38.73146
-80.518361,35.824779,10013.81763,1419.97709,360.25,35.56,-1.896093099,6.351383
-77.942096,34.952147,7840.682696,971.03232,567.9,267.83,4.017267431,1.281494
-78.968087,36.018099,10366.90652,161163.6231,3031.06,2160.14,-1.027656337,11.112161
-77.633203,35.879538,10382.23985,5263.3194,745.12,788.07,8.839081569,2.380163
-80.309265,36.162799,29818.12,157867.9254,4794.51,2492.87,1.598219288,135.225645
-78.489976,36.127819,9496.324553,1991.27607,598.66,331.98,0.964290928,2.810442
-81.059309,35.25098,358.136884,71392.3553,3376.1,1077.76,8.001672833,67.425791
-76.713826,36.463827,0,111.72421,153.73,100.25,-0.188280195,0.296166
-83.905394,35.296975,2636.100641,54.31043,49.32,0,-0.317297699,0.138781
-78.727318,36.389549,9090.82072,3478.36062,601.68,396.04,2.228158088,3.552053
-77.564818,35.475924,4600.6424,331.32578,176.52,135.29,2.124346339,0.432736
-80.024298,35.968062,23963.83902,269131.3283,6189.47,3981.99,7.561047144,77.99859
-77.662791,36.467192,15496.07413,7353.20189,615.94,637.59,7.496326571,3.066877
-78.948914,35.242225,33399.46721,9353.16789,1366.86,563.19,-1.177255121,6.79581
-82.995654,35.493177,25051.71795,5508.63755,774.66,15.94,-3.231696437,3.257516
-82.408899,35.275655,6427.588656,18101.32224,1351.99,98.67,-10.76658309,4.874639
-77.038093,36.463518,5079.187145,491.29045,256.31,295.2,2.76749649,0.563198
-79.227384,35.115129,15680.9299,3111.58413,404.95,260.77,3.556765961,1.564915
-80.874167,35.794246,29160.83285,30816.07694,2226.18,569.01,-6.336070295,83.694816
-83.1285,35.186227,13149.67633,1112.86795,452.85,11.2,-2.29358623,3.966421
-78.360863,35.336356,23924.35514,10014.14662,1289.59,427.38,-0.756944787,9.199461
-77.176595,34.938679,0,61.43088,151.5,91.08,2.088578896,0.289383
-79.174031,35.469082,8151.146003,9334.1709,664.25,277.34,2.464775064,3.022592
-77.592403,35.279874,9920.329885,8445.86583,738.99,643.37,12.24677903,1.534502
-81.253564,35.468238,19667.58759,9490.0765,908.61,87.39,-1.260994439,33.421746
-82.025794,35.806191,18575.55555,3926.5857,500.09,37.69,-0.032072798,2.070813
-83.569805,35.203101,8851.589271,1297.40999,465.1,14.56,-3.131989619,1.618693
-82.855831,35.833797,4806.382939,384.15091,313.49,5.67,-0.024426744,0.828758
-77.265635,35.950246,8172.406056,564.08867,320.63,275.17,3.067584798,0.691468
-80.768057,35.360859,0,722710.8548,11967.63,7507.9,-37.82570149,474.680405
-82.241039,36.085956,507.885592,348.84992,199.8,1.32,-0.334456759,0.515454
-79.780642,35.385382,6823.959876,373.92129,311.31,127.14,0.568334781,4.281387
-79.481058,35.323337,10134.79018,7247.937,936.08,210.79,-5.872585544,4.047885
-77.804796,35.94951,0,10653.43676,939.15,732.29,2.64625987,5.263377
-77.862985,34.229677,34966.40434,97998.7815,2248.99,706.37,-5.389287973,9.015804
-77.686079,36.511212,6816.44895,290.03995,259.81,253.85,1.244728521,0.675346
-77.318795,34.851242,10038.4969,34054.41415,1350.63,464.42,-0.339625256,6.378072
-79.084357,35.909718,11049.84857,67269.28832,1469.08,309.74,-11.65290218,5.664715
-76.646396,35.110802,5671.949508,154.25253,197.13,69.09,-0.579371326,0.365472
-76.218014,36.304259,7564.811467,10294.17903,516.25,385.43,1.965151522,3.308882
-77.610693,34.378803,19938.43737,3040.14428,759.71,232.25,0.698105415,3.386071
-76.53371,36.178248,2057.138166,196.17661,155.41,74.02,0.237116432,0.921139
-79.03979,36.472012,6865.18178,1852.48849,364.18,200.57,1.728134957,1.364299
-77.351942,35.580511,20575.71475,51355.49583,1678.35,1140.7,7.272288925,6.9168
-82.206261,35.325063,5963.69019,870.24723,314.6,29.34,-2.745612358,0.756765
-79.985348,35.913371,0,16045.0538,1424.47,190.61,0.722781637,14.239168
-79.823589,35.10233,21236.41796,4630.14456,558.65,352.92,6.467443089,3.685901
-78.991319,34.623987,14701.96278,12763.71932,1500.38,761.54,16.74100967,3.775593
-79.685573,36.318072,19860.66005,6897.73578,1090.59,400.25,3.48801518,6.460063
-80.488896,35.674725,19584.485,21861.74471,1513.64,561.28,5.088066435,81.979183
-82.038834,35.450775,20947.70448,3452.01958,668.54,131.21,1.618987002,4.390328
-78.251445,34.757171,11776.9638,1182.07445,557.97,284.32,2.827662966,1.663702
-79.464284,34.911032,5532.88509,2426.60979,355.42,277.34,5.446264994,1.029133
-80.18826,35.354829,8151.2895,4170.34837,654.21,144.98,-0.612574687,34.730322
-80.30572,36.307751,15501.25995,1831.42952,457.63,35.53,0.244637086,7.372913
-80.844509,36.492345,25885.16073,7262.36206,1129.04,91.06,0.488672218,13.412725
-83.574601,35.362332,4192.42539,378.69125,153.9,1.15,0.743811974,2.276017
-82.845979,35.202352,6442.761942,1311.7103,359.04,31.98,-0.994501624,1.061649
-80.744653,34.866284,32776.50288,37098.21823,2077.07,473.77,-13.90457987,56.238227
-78.402841,36.300086,5022.26713,8123.17451,533.92,527.5,7.711252987,1.475176
-78.648182,35.790637,25443.99134,484860.8284,9491.13,3403.36,-83.95162393,58.181724
-78.16525,36.294883,2594.901424,316.21368,305.34,263.69,1.945426668,1.005199
-76.765403,35.792879,0,157.14518,158.6,120.24,1.274737131,0.546734
-81.662993,36.197836,7368.553323,8843.45842,653.79,16.59,-3.076285874,4.706678
-77.979093,35.367685,29267.02509,15282.88258,1349.58,908.63,6.372834448,6.439206
-81.166203,36.321321,17537.63382,3234.87162,717.75,63.94,0.868877434,6.066257
-77.936775,35.741703,8877.608408,21206.78774,986.99,806.8,11.99730926,4.379814
-80.497649,36.190644,11392.33088,819.70417,354.19,24.37,-0.344235732,4.883779
-82.406854,35.962933,2005.438579,330.70831,252.45,3.44,-0.046630401,0.978599
-98.228879,46.936463,898.9389138,1775.180734,153.23,7.91,-1.65050396,4.623416
-99.153666,47.942313,374.3201254,12.64264,52.86,0,0.962583791,18.948692
-100.446328,48.820841,3267.011874,600.268869,143.35,1.83,-1.379048888,14.773053
-103.399706,46.193617,202.6721235,1.605262,46.88,0,-0.635793604,2.185941
-100.764492,46.810704,4202.296842,41597.29895,944.04,43.27,-10.35234399,65.045541
-96.89169,46.873509,3169.406841,111770.6811,1605.88,198.9,-11.8338908,144.28123
-98.376174,48.761235,564.7835754,319.7483,48.93,0.1,-0.47198336,2.671629
-98.515959,46.005156,375.760627,176.25599,102.85,3.13,-1.353015786,2.820403
-97.073889,47.923778,2651.333241,48299.75577,815.55,66.18,-5.563238376,80.841351
-102.669405,46.459364,1009.125428,2.37686,55.05,0.72,-0.17766254,2.467597
-98.190919,46.451297,342.7039096,7.329323,96.13,2.08,-1.101085674,4.365556
-100.65306,48.396948,1745.137242,7.280091,97.42,0.75,-0.87075436,8.036798
-103.778578,47.697943,6504.458904,732.683086,178.44,6.02,-0.368956698,74.550142
-101.429744,47.692751,2354.289042,13.253211,96.13,1.36,-1.386612882,6.587641
-101.83451,47.309674,1042.664109,385.953754,146.85,2.77,-1.631882148,7.483103
-101.004956,46.621626,2067.595917,4347.989987,248.59,4.17,-2.242318689,18.329002
-102.467378,47.889773,2277.800495,35.795146,141.9,3.32,-1.08862451,47.45214
-97.750475,48.678472,2246.502082,310.687287,150.63,0.67,-1.542474288,9.106361
-100.030055,48.109842,1161.536201,7.946559,98.43,1.69,-0.690611643,3.843576
-98.717194,48.271962,861.8639742,1308.76334,145.87,1.42,-1.783223589,27.656691
-97.414209,46.471086,1470.436651,289.581607,151.4,2.02,-2.147793073,14.414383
-97.005702,46.530358,3593.082205,2258.195357,286.86,2.98,-2.66187834,29.312606
-99.788569,48.848881,752.8927108,113.48814,101,1.24,1.289721322,45.478627
-97.560531,46.065496,525.093868,5.409249,48.5,6.26,-0.722202316,3.624074
-102.778997,46.884138,1266.631596,9871.089888,390.06,16.17,-2.780998034,26.831175
-98.700753,46.925658,1540.188748,4888.620416,286.41,7.14,-2.729369941,10.353358
-97.044771,47.412154,2403.254966,359.888293,145.95,0.18,-1.702083627,10.208538
-97.278399,48.365235,4226.318371,810.256493,241.37,1.41,-1.818042861,20.613506
-101.314935,48.239309,4385.409868,20140.25986,618.41,42.48,-7.642403968,70.376133
-99.921963,47.767588,282.6638098,2.642471,48.2,0,-0.64967474,1.805158
-103.852975,48.333013,4585.470086,8307.534819,319.73,19.98,-4.457844768,126.663848
-83.582948,38.840594,4164.782445,353.59804,302.31,2.3,2.410642078,1.487213
-83.937041,40.775441,24725.78699,59793.08733,1629.25,487.93,8.27890193,17.491648
-82.37017,40.883654,4003.254589,8386.93769,563.38,8.82,-2.927044938,3.201392
-80.807409,41.851031,17415.97215,19582.69595,1259.1,94.61,4.534042917,25.804266
-82.092558,39.331714,8999.502873,39469.77261,704.21,39.45,1.832383071,4.881017
-84.39992,40.538655,1416.643968,5647.31681,551.95,6.92,-3.399892358,7.642987
-80.737269,40.092666,9759.373676,15510.93182,942.47,70.52,-3.111392602,47.717753
-83.905073,38.834381,3754.855223,908.4507,449.73,7.08,-0.54705724,10.305707
-84.378766,39.521292,17175.72889,200770.0615,4093.02,715.05,-7.23819427,138.311484
-81.073583,40.585233,632.8800378,712.61207,348.08,1.66,-1.914219812,3.712153
-83.628443,40.183264,6405.136054,3465.81908,503.3,17.54,-1.143176241,5.872967
-83.771174,39.916953,31287.75381,88371.44563,2272.98,462.9,32.90053178,39.642406
-84.303706,39.076022,23802.99079,46328.3853,1979.04,56.97,-11.77755488,94.806102
-83.980147,39.29497,1168.307127,5395.50733,456.02,17.11,-0.054457221,10.020656
-80.655557,40.599754,3612.345905,21754.03538,1201.65,50.64,2.162016346,48.691694
-81.855843,40.271698,12776.81042,8781.17503,504.64,11.83,-0.296557445,6.18305
-82.976139,40.806357,3681.699403,11247.11006,663.6,14.44,0.919305182,5.831983
-81.601978,41.526525,0,2004860.73,20867.36,13905.83,150.4283308,309.439528
-84.514386,40.049216,0,3530.23434,603.44,9.63,-4.571613378,8.442776
-84.765862,41.2887,3397.428025,4132.6453,451.92,16.79,-2.529607815,8.30821
-82.906095,40.138948,20818.46508,53590.97817,1762.26,119.95,-23.22427193,46.115563
-82.688821,41.425501,6607.035368,30532.09911,865.83,162.18,-2.751304296,16.788303
-82.432374,39.737704,20459.09145,43525.35044,1405.55,163.52,-7.996678339,31.358824
-83.378146,39.635397,11219.70483,1964.36322,357.45,16.54,1.317898469,5.011173
-82.978109,39.94737,0,1400002.764,14391.72,7264.97,17.48086167,351.726638
-84.001258,41.57216,4987.933943,2937.42929,454.07,3.69,-3.281963578,9.246225
-82.221342,38.799943,7873.592377,1063.78937,356.55,14.89,-0.264896607,3.353976
-81.244411,41.386407,4169.031201,6748.39542,1054.41,30.08,-10.62827378,12.554834
-84.00719,39.835469,8164.4803,51128.77138,1778.11,253.25,-3.574917242,35.657112
-81.616518,40.019662,0,7530.27969,503.64,12.68,0.976980552,10.354957
-84.576536,39.087435,77837.61714,919161.064,11354.42,6321.23,47.66658203,503.127712
-83.639073,41.071749,2915.891764,15358.18282,659.59,23.18,-5.646698465,10.995977
-83.84202,40.769236,2826.339025,1962.07914,352.77,3.94,-1.564185294,3.198875
-81.039254,40.224775,1391.053504,244.76378,249.06,13.08,-0.460856036,5.783724
-83.987808,41.210812,4137.880976,1355.57427,355.45,6.18,-3.308103937,6.074499
-83.537181,39.099214,7509.238364,1518.76843,461.04,13.2,1.745285707,5.531057
-82.263689,39.518663,9666.968913,980.80246,358.75,5.18,-0.277396225,3.75289
-81.701377,40.599509,1948.901424,1013.06494,402.17,0.96,0.762157174,2.173716
-82.817,41.269336,0,5402.665,656.8,17.41,-1.289770694,7.102349
-82.619526,39.069782,5480.25837,1232.60075,359.85,5.18,2.689005869,3.847654
-80.6176,40.351796,2009.706301,32008.52623,1177.49,155.48,2.380160369,34.482321
-82.470267,40.420363,9199.178051,4402.62702,616.18,11.59,-3.549493215,4.786386
-81.279498,41.667791,12804.10767,135969.8071,2909.83,256.15,-19.06253298,41.06841
-82.697966,38.546902,15299.82405,17756.3974,718.22,31.75,0.689818333,6.481771
-82.421973,40.080933,11655.7722,39063.70979,1639.84,122.98,-0.993310605,27.813471
-83.784138,40.454513,7201.708714,5921.65157,554.73,17.05,-2.31422054,7.257158
-82.193355,41.448087,15535.74078,165872.8767,3682.21,713.47,12.62989122,38.10388
-83.715548,41.696482,28981.44205,449208.4649,6491.85,3334.7,66.40240769,221.374949
-83.499357,39.955433,9211.796348,5001.99413,566.57,15.43,-2.996464328,19.192745
-80.681815,41.034475,2533.520002,133683.1405,3359.13,1425.46,30.36045987,105.343663
-83.13588,40.578381,26639.91314,41202.89245,860,59.43,4.485411988,8.460084
-82.123992,41.064349,2151.260311,43689.89606,1858.47,49.44,-21.99952744,35.344996
-82.060551,39.007385,6346.435764,998.46344,300.11,6.67,1.439088185,2.014841
-84.627145,40.690968,2677.162441,1942.97952,443.51,7.38,-5.003410989,5.256181
-84.287668,40.122167,7812.975305,12993.40379,1059.35,35.95,-6.78836539,22.551489
-81.129973,39.815067,1846.937603,154.73669,201.41,1.47,-0.68671651,2.322547
-84.228483,39.804715,44407.02809,455260.0828,7910.8,3703.74,29.76998253,209.954166
-81.849645,39.652629,4470.391732,219.37795,199.62,19.23,-0.216584809,0.668618
-82.784926,40.387602,534.5840223,525.58733,299.25,4.89,-2.241807489,4.151512
-81.987079,39.913043,17769.82861,18551.02181,982.56,75.96,3.251371297,10.971361
-81.487592,39.697383,1327.955113,237.04104,124.66,11.71,-1.085594639,1.070524
-83.135846,41.517051,5091.752408,6257.79338,560.51,14.85,-4.357621352,13.8537
-84.45765,41.055491,2134.675469,393.16038,249.01,3.84,-1.64436303,3.114942
-82.277026,39.787324,2983.473242,885.74324,300.45,2.15,1.532934978,2.64797
-82.93685,39.597105,14117.50817,12765.30203,606.14,18.84,-0.868625961,23.103567
-83.207056,39.14164,8449.830408,644.2149,304.32,9.65,0.885940707,4.173089
-81.244884,41.31094,25609.70382,40970.78812,1775.83,130.09,-5.763230825,22.961643
-84.631972,39.728916,7088.958204,2750.25067,601.92,8.26,-4.38728524,10.740626
-84.053741,41.03589,1678.65839,600.71391,348.45,2.71,-4.365791167,3.90557
-82.526769,40.752916,24491.83158,37929.51289,1484.44,273.81,5.859737614,9.869244
-82.995643,39.339253,28906.95781,17035.83175,816.26,90.52,2.511137919,16.080681
-83.146242,41.356118,2233.271532,17523.89249,758.76,48.62,-3.485530506,12.758485
-82.976123,38.74278,23505.37818,26951.74916,1019.75,65.46,8.417299671,9.330095
-83.130312,41.09675,4354.111395,11188.48953,700.74,43.69,-1.195520645,9.69473
-84.155767,40.285093,3775.001809,10198.69549,495.54,27.3,-1.006256549,7.981239
-81.404374,40.792012,40510.21463,182644.5805,4361.15,775.37,25.74868565,46.284698
-81.513967,41.060659,26177.66536,395403.3294,6972.43,2515.08,40.56738904,84.433839
-80.64688,41.147961,8597.789338,72985.2303,2824.23,472.71,1.264411415,61.515872
-81.332086,40.344377,5903.35674,11509.45534,1069.18,17.01,-3.9898807,11.935957
-83.393063,40.458751,3744.293312,4971.75979,505.99,19.57,-6.803243786,8.074574
-84.532319,40.765718,3999.716824,5087.41732,454.59,13.34,-2.503193468,4.627686
-82.506237,39.226612,3328.370844,122.03921,149.26,0.73,1.027795471,1.180075
-84.341881,39.311726,13287.84939,42969.87534,1630.17,59.05,-17.55187426,58.686411
-81.573001,39.276996,6449.790664,15586.36689,807.36,22.01,-4.047132861,5.348591
-81.815425,40.750165,15455.43813,24789.57923,1601.71,45.89,-9.066391376,11.890934
-84.534115,41.470811,0,3398.7839,452.9,9.68,-3.501272816,7.660924
-83.603128,41.538497,7908.232744,42631.54284,1416.42,64.22,-9.787250246,48.316148
-83.414063,40.80969,324.8040993,997.77147,304.03,1.05,-1.944887104,4.603256
-94.662199,36.116239,5488.736815,419.77035,252.16,0.88,2.21256662,17.169055
-98.448471,36.741143,1515.372179,24.722663,127.06,6.6,-1.010916559,9.028816
-95.917862,34.520038,2218.399613,95.225823,184.39,16.41,1.345560092,29.621053
-100.471905,36.645368,911.3302644,214.424198,103.36,1.72,-0.356669887,2.438507
-99.580304,35.244102,1832.978114,254.413593,186.81,14.99,-0.240780873,21.536548
-98.564002,36.044115,3696.678028,162.763514,250.59,12.42,-0.661887685,76.123296
-96.338712,33.923692,4336.470841,7741.903744,556.96,19.46,3.039947992,51.38751
-98.336776,35.37954,5358.357309,320.95246,388.57,14.77,1.215548798,66.540505
-97.689157,35.43518,3624.642732,55481.55664,1442.5,99.34,-8.745567528,185.350107
-97.501555,34.225946,4584.946654,7661.10235,562.23,76.36,0.3495353,130.145974
-94.952194,35.905843,10480.47758,3039.85462,456.06,11.45,0.984693209,23.82201
-95.507529,34.008367,4811.248715,442.49041,261.97,57.76,3.631960519,33.47871
-102.502911,36.738674,147.7407682,1.151785,49.21,0,-0.375746793,1.154205
-97.443583,35.365522,7370.801409,166334.6618,3083.44,302.18,-14.90075265,352.542298
-96.392005,34.592092,1654.945605,21.669049,99.57,0.29,0.62864224,16.81344
-98.483444,34.630801,6564.668261,55875.48914,1508.7,516.14,6.154578284,200.928361
-98.368097,34.208151,734.1004966,18.716647,97.62,6.11,0.462767326,30.610488
-95.189674,36.888443,3621.590549,507.714282,245.11,13.61,-0.301867117,31.987815
-96.106014,36.000514,13216.83029,7433.96483,1058.44,42.81,-1.837558439,146.080498
-99.032638,35.57036,1634.443075,327.293733,249.96,15.53,-0.594731205,49.937467
-94.725326,36.406186,6316.370485,950.71904,456.39,4.39,0.260111809,79.345261
-99.073423,35.917455,2343.227353,16.917771,151.62,0.6,-1.609459899,36.433687
-99.81128,36.412704,2305.33024,6.89565,102.77,0.58,-0.148708162,12.178196
-97.917127,36.419842,2887.942246,16788.28247,601.63,28.44,-1.623660094,47.016854
-97.618199,34.838794,10064.97232,912.29976,453.13,20.36,-1.556116983,111.036066
-98.016272,34.988115,6545.945101,4519.56294,498.03,31.17,-0.11282197,75.80726
-97.7325,36.836796,1478.358949,9.863046,99.64,1.7,-0.954232863,12.511563
-99.564037,34.848591,0,18.411217,80.92,13.39,0.535509618,5.926319
-99.525548,36.800342,219.7669366,2.910299,53.45,0.06,-0.222381383,1.782471
-95.296557,35.182266,1565.671374,72.951,148.8,2.74,0.602105737,8.875879
-96.279131,35.078347,4730.630692,594.283251,239.22,25.22,1.033600984,45.170626
-99.558508,34.541002,1559.152477,4894.750627,300.02,33.87,-0.760657497,24.527993
-97.964468,34.202627,1315.585741,19.979674,97.33,2.2,0.580204685,24.682652
-96.66907,34.363076,2284.429007,50.74696,151.84,4.96,-0.086103154,29.034622
-97.064909,36.738715,2563.048894,9419.65572,552.71,27.38,0.596108013,151.633842
-97.880497,36.06353,1652.546118,217.775323,204.16,4.59,-1.25664802,27.674737
-99.062902,34.84901,1194.568139,35.269828,149.91,8,0.360919281,8.371834
-95.270891,34.768648,2731.392875,47.402481,145.33,3.42,0.784422555,30.638668
-94.721729,34.84063,8991.355478,1401.951434,600.4,22.89,3.373523584,60.917687
-96.820507,35.673852,5472.775872,283.20545,353.19,13.41,-1.0184175,70.434908
-97.408574,35.885118,6498.197543,2758.60203,412.08,87.51,-1.643278344,28.254807
-97.100259,33.931945,2577.617042,162.425759,150.69,8.43,-0.345099308,61.011298
-97.499844,35.060362,4361.952977,831.01616,298.98,8.3,-2.132460862,66.512966
-94.735371,34.349482,6855.668793,431.490388,352.94,59.99,2.162474996,38.678825
-95.69648,35.3051,7195.18368,571.664345,303.36,16.28,0.437003917,42.320083
-98.481059,36.276076,1601.33648,68.252378,151.83,1.12,-1.216463367,27.865364
-96.782521,34.084094,5173.951064,577.90953,202.9,6.36,0.161926831,48.33178
-95.079711,36.327577,7148.420789,2784.6109,450.42,5.24,0.684603671,48.007378
-96.99608,34.501647,594.2540955,191.09432,148.51,4.01,-0.610373902,69.170269
-95.230011,35.434458,8730.280758,13299.14599,821.68,238.02,9.446997976,90.648678
-97.29474,36.305702,3218.633302,614.333815,203.73,1.42,-1.101337416,43.337431
-95.616579,36.702842,2063.022155,167.116447,198.87,8.01,-0.290701837,27.477607
-96.302127,35.424107,3942.864272,187.285149,185.3,28.62,1.186780561,27.882627
-97.543505,35.413471,7245.001652,772236.3356,12101.71,4005.24,38.70442208,808.630624
-96.037701,35.6496,7107.599384,2258.34639,505.1,94.06,4.373470533,91.413233
-96.742902,36.572941,9406.552627,2490.433732,547,100.27,-0.694577633,119.986075
-94.884398,36.884336,3574.156962,8412.08475,457.24,11.25,1.729416913,173.255164
-96.79318,36.355662,3893.999653,522.169509,249.79,5.95,0.083026136,55.421471
-97.111586,36.103469,6736.721126,27060.52024,826.31,68.1,-0.712580091,106.303985
-95.805512,34.948707,12718.77221,4025.392343,610.09,22.59,0.755374813,41.008787
-96.678232,34.775976,5626.548036,8393.92487,506.77,24.12,0.89589953,163.565094
-96.920986,35.354458,12070.8982,17752.99348,833.26,57.31,2.932006561,232.471454
-95.277197,34.576182,1837.939171,31.284095,151.78,1.95,0.969982723,27.475919
-95.624314,36.315198,18714.31789,16270.43698,1413.61,25.48,-9.18796985,236.040572
-96.645417,35.24103,10488.71741,1784.62449,454.73,40.6,4.035677088,112.569791
-94.814822,35.462268,9500.196474,1288.10222,455.18,21.1,3.775114074,36.262121
-97.960459,34.507353,4725.633574,6304.77941,565.13,20.6,1.204337318,88.61899
-101.396252,36.688906,1244.105449,3148.566274,234.53,9.72,-0.82357419,12.524958
-99.019405,34.413632,2330.654039,253.480946,200.87,30.21,0.729008242,33.10247
-96.064958,36.141989,31454.66858,490802.1302,8978.65,2113.84,15.05639746,1000.872138
-95.690181,36.04629,14988.39721,16099.96087,1109.3,69.69,-2.37783832,144.821557
-95.91738,36.749745,0,14172.9184,661.49,49.34,0.422290367,70.25769
-99.196779,35.204232,3243.211281,50.849753,200.94,3.64,-0.703528054,24.843888
-98.743655,36.581983,1132.566371,394.020131,143.88,7.45,-0.679489359,7.947714
-99.122425,36.517856,1964.709534,1047.146923,238.76,5.37,-0.371269856,26.014542
-117.794372,44.907809,2317.843572,1736.396056,290.17,5.53,-0.689435511,7.952997
-123.327912,44.385221,4057.968134,54740.0829,892.72,20.13,-4.780446754,14.128145
-122.512661,45.418898,106438.303,209881.579,4006.65,71.18,-27.76360065,82.581163
-123.813262,46.059869,4757.803332,10382.46372,550.64,8.53,-3.306620264,10.143577
-122.947172,45.877127,987.008,6844.0826,494.09,4.58,-2.048408248,10.452012
-124.185595,43.196565,7260.60367,10744.52177,653.3,7.43,0.519094026,132.006989
-120.233092,44.051757,3405.121879,88.482935,200.49,1.84,-0.525794539,6.919105
-124.172115,42.719944,3539.232853,1387.64645,204.24,2.07,-0.860087815,18.70279
-121.725189,43.716355,10238.25773,29293.69083,1209.38,13.61,-8.586740069,25.437887
-123.376768,42.922008,22188.36314,6183.556831,1115.33,9.33,-0.931617106,127.509039
-119.260118,44.281127,187.8914405,8.670345,96.56,0.13,-0.146557305,1.679903
-121.681936,45.490768,2452.492042,3066.51509,198.53,2.27,-1.328786702,4.188489
-122.890308,42.351327,25168.53399,95605.88139,2102.46,29.53,-1.223935867,81.342627
-121.502106,44.513841,3939.743006,1367.151179,239.2,4.77,0.351333621,9.580209
-123.590453,42.631478,7845.419867,16906.48508,810.57,7.76,1.967381346,36.566893
-121.783789,43.26982,6907.416386,22362.91378,992.19,15.32,2.966094321,42.323944
-120.567619,42.205577,1337.930097,9.45187,93.56,0.54,0.055153452,2.95239
-122.974779,44.049893,19923.225,243622.0141,4251.63,90.91,-2.79698917,121.778156
-124.060781,44.63178,12622.92455,8648.32251,827.42,9.33,-1.764283579,128.119887
-122.673038,44.367056,15900.15179,32652.87488,1062.52,9.24,-0.155714963,37.03579
-117.642093,43.169061,2527.205425,2146.252796,326.31,6.16,1.945659367,13.213481
-123.026341,44.956925,40616.75683,187105.2223,2913.32,66.62,7.225700653,53.645336
-119.74767,45.763692,1810.512888,27.24202,49.62,0.19,0.220838922,2.902322
-122.761525,45.59146,36512.39185,1249024.854,8548.76,900.4,-15.77550029,146.195918
-123.057383,44.944508,4806.277139,21367.202,613.7,9.89,0.008871529,14.648716
-123.690685,45.722905,7377.106023,426.314615,405.2,3.06,-1.970868126,27.692174
-119.113208,45.617725,8043.007428,4328.132566,683.01,13.03,3.746731692,130.848922
-117.855932,45.375369,4058.743426,248.07942,246.03,3.02,-0.372374238,11.709522
-121.151189,45.110716,4107.198123,9213.11892,396.24,2.88,-1.193069212,9.543793
-122.891077,45.50197,47534.26217,471534.0677,5258.98,195.45,-35.98708088,83.49218
-123.217648,45.200807,9005.757934,28865.35889,852.38,14.24,-2.423913743,19.403708
-77.021817,39.818882,10264.76271,21886.5666,1161.44,32.23,-8.858040205,11.033103
-79.954901,40.624149,461760.0637,1829257.937,19800.68,6237.09,-17.49953751,604.929792
-79.532673,40.769346,8817.775958,17514.77904,801.51,18.02,-1.462625725,15.911491
-80.271522,40.687815,69475.77602,92752.61296,2631.56,349.68,-7.263319491,104.586557
-78.593097,40.151301,3950.153295,3087.33279,556.06,7.37,-2.743710037,2.475807
-75.919185,40.346166,89204.77627,525365.3017,4517.82,538.25,18.37346843,86.422836
-78.412879,40.504049,34608.41116,98682.52135,1745.82,65.8,1.811233113,8.831794
-76.447208,41.770658,8299.01877,7588.24982,709.67,7.14,-2.456178136,29.055654
-75.122933,40.256161,94912.48404,367927.3062,7240.08,562.1,-64.51732339,413.862616
-80.13756,40.68898,23318.27297,56186.59663,2176,49.09,-17.73178473,47.151958
-78.911027,40.311298,31673.95254,65452.35546,2091.55,181.73,3.157704029,24.769467
-75.662251,40.850068,8913.244142,6932.72023,551.89,26.76,-1.460549922,17.164973
-77.621866,40.828989,12108.28039,131241.6717,1457.37,69.58,-9.986949553,10.712086
-75.757563,39.841496,75349.89395,226664.9565,5799.83,687.12,-53.91197098,124.841982
-79.380305,41.210621,13655.92209,4051.86752,510.65,10.61,-1.335905993,6.160415
-78.174726,40.999835,12848.52194,13492.002,969.3,40.31,1.373241334,9.821729
-77.43455,41.1342,3087.967637,7588.62797,405.46,13.32,-0.505538612,2.91171
-76.450213,40.992952,10469.58778,19621.40326,778.79,23.16,-1.960764583,7.602967
-80.377911,41.784469,10814.39751,14573.02668,1172.41,32.23,-2.266157579,23.237306
-77.212962,40.193856,28078.19923,119256.2765,2475.2,190.03,-20.14845128,16.734637
-76.890709,40.268107,87992.85345,258821.0432,3361.55,1447.29,5.092347317,29.937149
-75.301014,39.908767,1420635.237,962883.7722,7419.66,3476.39,-8.09852247,143.605173
-78.622212,41.571519,4082.92026,2808.9591,443.24,6.87,-2.871294909,13.208942
-80.126182,42.118091,55995.66202,236472.1608,3565.81,640.63,14.21872988,137.343313
-79.891038,40.018803,16406.49163,35907.9461,1840.84,149.93,10.25043308,44.901879
-79.38019,41.564205,0,45.101828,121.05,37.49,-0.838738507,7.417058
-77.549362,39.815074,16038.49738,33451.48173,1383.56,110,-5.7638297,12.583489
-78.181788,39.808407,0,119.61459,148.45,4.43,-0.260603968,0.814128
-80.142367,39.901635,2410.829855,5905.05199,430.25,25.82,-1.042376117,3.537312
-78.107316,40.402013,2277.029424,4355.00077,589.46,44.37,-1.708282679,1.967662
-79.159724,40.540322,16633.07984,48031.00415,1149.31,45.34,-1.607097249,11.648151
-79.120659,40.994732,2991.066771,9887.44835,656.73,6.97,-1.684192932,11.074863
-77.327688,40.634978,0,325.77182,201.5,4.22,-1.255908626,0.921804
-75.654836,41.405385,71569.83342,222099.8416,3021.57,192.82,-0.775783245,55.388279
-76.012352,40.008895,80312.18206,347786.6227,4998.44,479.72,-8.876260638,49.656769
-80.368153,40.877878,28814.25504,45947.1594,1445.71,134.15,7.135717868,84.342735
-76.223172,40.33193,41159.85639,69806.0398,1581.66,80.88,-4.461530228,23.51952
-75.709879,40.605149,128117.2777,453919.7363,3878.3,587.98,7.239191779,167.683843
-75.869507,41.239816,106863.8179,328920.5244,5236.74,541.55,15.2409735,66.213622
-77.014147,41.243132,33241.08035,49804.38499,1409.02,137.6,-1.422655318,8.121603
-78.645746,41.950869,9486.711282,9024.54238,586.74,21.28,0.246241104,40.22133
-80.498841,41.240978,32450.96031,43034.68602,1533.8,209.8,1.049127028,29.002899
-77.488159,40.756568,10385.5516,15475.23315,565.2,6.23,-1.033749687,2.451244
-75.242667,41.202056,13464.03257,21770.6822,1667.11,449.75,-3.774986256,106.054054
-75.282163,40.259116,182284.3567,755842.6079,10852.49,1962.88,-94.32978029,353.186673
-76.600559,40.964727,1632.939483,3639.35736,209.74,7.7,-1.78021307,1.094428
-75.203319,40.680204,37999.56437,242778.9298,3445.2,381.27,-7.471630927,215.212193
-76.407731,40.796425,19201.35297,75285.95283,1204.24,55.44,1.967825258,8.905811
-77.191345,40.47664,3030.273629,1163.10494,492.73,8.76,-2.505924088,2.362146
-75.14842,39.976071,0,7385045.2,19523.43,16060.84,311.9495076,766.917954
-74.801136,41.323785,4605.343855,7902.28578,883.48,84.17,-4.01577173,27.26113
-77.968726,41.776612,732.2104935,115.236228,251.08,1.53,-0.310810638,5.759296
-76.191447,40.820643,20860.25556,67757.95816,1927.9,96.12,-1.205925358,22.540884
-77.276381,40.755829,2763.585294,9711.91339,407.29,12.67,-2.914589609,2.22488
-78.818081,40.11343,6557.644642,5841.38277,774.37,31.36,-3.696140691,8.66638
-76.384507,41.460747,0,20.09903,46.56,4.28,-0.00764712,0.61165
-75.567277,41.956142,9815.968712,2628.04022,546.82,9.71,-1.522235573,6.353364
-77.100751,41.808957,2354.929831,1078.87626,505.9,7.37,-2.035380948,7.952292
-76.89102,40.964853,348.2112564,11761.73187,405.1,14.15,-3.366779396,1.889499
-79.708264,41.425454,22083.50016,16322.14762,815.63,13.08,0.817330375,9.656706
-79.263198,41.72284,7872.619686,10254.91352,596.92,6.11,-3.615909086,16.09477
-80.232041,40.165696,62088.06556,96210.02454,2945.87,210.96,-10.11181156,44.615046
-75.398956,41.639407,1522.322733,2331.22152,675.67,28.4,-2.696450556,11.355105
-79.760969,40.570048,79551.35153,195692.9899,5028.09,350.01,-20.79714321,96.124459
-75.84116,41.486602,11247.21139,625.60093,348.16,7.35,-1.654260837,3.685295
-76.7431,39.953906,98217.13131,273027.0814,4547.74,678.49,-7.225465589,45.394486
-71.25689,41.73056,10212.29824,31954.7689,572.46,12.42,-3.36019679,14.155144
-71.55846,41.67143,59086.412,101168.6147,1963.45,73.46,-10.93461774,65.676959
-71.189153,41.666648,37054.84495,58754.7816,1106.25,105.68,-5.871571376,34.752043
-71.363885,41.892371,291285.317,1033280.52,7250.35,1450.13,52.64728708,371.039191
-71.453661,41.56204,28743.33076,24780.3951,1448.12,35.54,-10.29538934,22.187766
-82.41126,34.32681,5340.221276,311.63368,311.4,156.34,0.897296287,0.721562
-81.804015,33.530943,53230.88445,19972.70917,1651.14,774.54,0.986802552,7.082037
-81.432828,33.028886,230.2025783,20.88843,53.53,83.82,1.512227805,0
-82.731618,34.539778,126299.8705,27510.86637,2029.59,716.68,1.26980638,7.744659
-80.97495,33.237563,4478.94962,140.65384,205.95,206.7,1.029056492,0.508597
-81.396382,33.393707,8317.489255,369.20305,259.65,238.25,3.162318561,0.863265
-80.720646,32.586034,48676.64066,31195.76747,1965.48,608.9,-19.19318806,12.834427
-80.01012,33.207592,53774.82383,77645.55441,2203.04,1107.96,-6.611393278,9.498117
-80.645553,33.620174,6193.10181,122.87029,155.36,122.1,0.510899643,0.558048
-80.06119,32.979901,13622.39086,224505.384,4385.72,2499.09,-14.62549988,19.226813
-81.639762,34.931683,22777.35049,4214.75562,675.29,260.51,3.099762438,4.87968
-80.903426,34.574612,22795.63352,4373.01679,564.83,414.63,3.609581731,3.280908
-80.335986,34.64442,10981.55944,750.20309,352.8,209.85,4.016959084,2.352746
-80.081687,33.886628,23544.91085,779.81201,525.09,466.02,5.56371882,1.465945
-80.760889,32.800853,14179.25614,1281.613724,473.4,337.41,0.926053134,1.529823
-80.075633,34.354217,53189.8853,7195.41267,850.3,695.77,7.861571087,3.185496
-79.208391,34.327912,16068.3204,732.84444,316.54,295.25,4.342009538,0.762209
-80.641832,33.145795,14207.77894,47631.21741,1281.25,636.7,-4.041177384,5.816774
-82.083518,33.797232,0,454.91265,281.47,214.39,1.275474265,0.878552
-81.175131,34.287112,11486.61594,331.18284,206.2,226.12,1.315752124,0.968175
-79.790493,34.179747,63873.1975,24508.09052,1713.32,1392.19,8.37118588,7.453794
-79.22637,33.556352,26914.71169,3712.24015,684.76,413.8,0.833995121,3.131055
-82.364727,34.870968,234797.9383,206357.1059,5659.93,2240.59,-10.42970206,22.402829
-82.159515,34.225709,27186.44211,8440.96176,743.47,394.58,3.21235734,1.798326
-81.272607,32.653262,7449.386335,174.18974,244.94,279.09,1.21781521,0.894913
-79.008358,33.580568,166.6980796,76942.92734,3617.59,896.45,-12.50490117,73.344491
-80.904806,32.047304,4214.966384,215.30544,198.9,164.69,1.008271154,0.934249
-80.815631,34.175104,21850.61778,3361.04607,766.9,333.57,0.78522843,4.758979
-80.759031,34.718506,31455.21289,7031.64544,733.29,383.55,4.535924886,4.832708
-82.128164,34.699868,25502.141,2912.85509,873.44,375.36,3.602342786,2.055514
-80.226442,34.197065,12519.87546,252.74965,309.55,383.12,3.171771246,0.851687
-81.241492,33.88129,117295.0613,75521.01236,3758.83,1145.94,-12.49743168,22.809168
-82.24727,33.923027,3501.352521,77.70876,138.68,113.29,-0.068580347,0.442294
-79.471603,34.155277,16650.16298,725.79372,428.08,452.05,5.701627668,0.564554
-79.553807,34.561698,14505.84521,617.02123,340.75,346.72,5.569920256,0.839662
-81.619103,34.425432,7333.428206,1112.39209,409.66,246.89,1.948612977,1.261436
-83.176995,34.821045,33618.98803,4495.48143,759,96.35,-1.507032226,2.147235
-80.843882,33.498712,70908.42656,9720.3868,1076.91,1282.06,14.61179005,3.786369
-82.780377,35.015025,42010.8143,16985.13352,1412.67,169.23,-2.786334309,5.658252
-81.070467,34.068936,242203.199,203879.2322,4472.69,4170.08,19.01531867,31.855695
-81.747224,34.114892,5820.783805,236.5464,247.73,120.39,1.548102107,0.751923
-81.939801,34.940032,136284.105,66351.80657,3574.25,1741.55,9.516733318,17.531283
-80.248602,33.868148,47042.89151,16145.13046,1190.99,1180.07,10.36138768,5.374091
-81.708118,34.632512,19258.33218,3015.56851,467.01,298.82,2.796665329,1.580312
-79.832019,33.495295,18108.21787,445.80309,545.09,638.29,6.826213901,2.613118
-81.030978,34.939632,46303.06293,54085.96936,2330.99,1073.08,-4.071733625,25.981589
-98.242024,44.391017,475.3503015,4353.526528,293.43,4.68,-2.375275383,6.575183
-101.663591,43.195111,384.783549,186.583636,101.47,0.12,2.344029739,7.042162
-97.993594,42.970292,109.811706,24.62893,84.59,2.69,-0.713315251,10.035784
-96.773511,44.277404,996.0233826,3720.78087,294.23,7.73,-3.384355286,20.22054
-98.430538,45.434443,1052.850948,9530.418313,406.45,16.69,-3.989219801,11.297715
-99.299125,43.79413,126.8394235,90.189554,100.84,0.94,-0.694045888,5.478436
-103.942418,44.648637,1223.662008,70.571198,96.27,1.23,-0.260412902,9.365198
-98.227689,43.050905,1562.201967,26.439548,149.27,0.24,0.214425345,17.482297
-96.97941,42.925883,1222.065451,5254.940214,151.96,4.53,-0.931378653,4.185361
-97.083672,44.900184,985.5285412,7564.953003,346.92,4.69,-3.035275144,35.202759
-101.409206,45.696489,1254.818954,5.865074,98.3,0.6,5.601453344,5.717189
-103.448109,43.675522,1895.05792,95.862678,101.7,0.72,-0.889029113,4.958692
-98.003704,43.709547,439.6703516,2275.443255,202.37,4.65,-2.219794234,11.974254
-97.759812,45.382221,454.7689282,94.019496,97.79,0,-0.540331129,6.880591
-96.690085,44.752153,781.3955496,102.407974,95.61,0.07,-1.480558001,4.708548
-100.869993,45.157387,59.2818428,3.794256,48.22,0.1,1.329075418,1.09902
-99.452131,45.418801,45.40795624,4.140933,51.26,0.04,-0.79694926,0.972392
-103.529503,43.233852,0,94.351547,100.58,0,-0.369333358,6.790053
-96.710551,45.271836,0,32.486541,95.49,0.65,-1.232323627,6.071784
-99.092092,43.10813,95.3241634,3.410746,48.56,0,-0.552711134,2.984223
-97.002078,44.671106,920.1475594,24.37407,97.57,1,-1.303529093,5.072935
-99.006302,44.548602,104.4604617,50.07264,99.19,0.28,-1.339830628,3.146529
-100.279314,44.375112,364.0002955,1474.113313,201.06,0.7,-1.986651932,7.661846
-97.556857,43.353711,174.4636326,28.316893,101.98,0,-0.791646042,4.035247
-97.692608,44.370656,81.09781648,11.81473,97.66,0,-1.252351546,9.687888
-97.109452,44.007678,883.1400003,489.824955,139.96,0.87,-1.79358656,9.007015
-103.948535,44.547581,2123.671613,2255.9233,252.67,4.7,-2.661436656,85.415783
-96.879681,43.471416,4935.815052,8116.08198,550.73,13.88,-7.40527595,33.697606
-99.87572,43.853512,219.2927659,2.634029,47.21,0,-0.769510967,4.784163
-97.367626,43.58277,1330.6987,19.21008,100.35,1.25,-0.852567665,3.046699
-103.096544,44.157955,2725.997026,785.325454,227.11,16.88,-3.169682123,24.156364
-96.667407,43.55036,8391.975598,115757.7314,2070.59,244.45,-15.30632337,127.224296
-96.610692,44.047583,388.506592,50.557527,99.45,1.02,-0.891729725,14.628343
-103.747268,44.004783,10183.11448,37643.98752,1085.6,28.21,-5.443103377,68.878345
-97.039662,45.65158,596.1827668,184.826338,195.12,2.19,-0.369882295,35.742436
-98.536609,44.912331,2067.261716,187.363964,149.69,0.65,-1.515447171,4.559517
-100.972844,43.141623,0,6.910707,51.33,0.05,1.325106858,2.449618
-99.884437,43.34536,431.547763,99.537394,98.97,0,-0.786008746,4.107302
-97.136216,43.223377,1341.809743,27.09025,100.05,0.92,-1.068194853,2.661392
-96.660816,42.960046,1187.75542,138.5574,146.66,2.45,-1.456765598,26.125322
-100.420457,45.550659,195.0198937,192.04578,98.56,7.42,-1.066799972,6.023083
-97.391921,42.872786,1305.985294,5222.112176,238.08,7.78,-1.692326575,11.816675
-84.308615,36.002766,13528.54686,12499.94627,869.29,69.16,-0.110483544,2.643698
-86.480287,35.449412,5657.354933,2045.39473,451.76,61.8,-0.689396446,2.656965
-88.024489,36.22921,5739.4783,652.92764,253.34,16.71,1.168613303,1.564914
-85.126779,35.552873,1457.73299,111.28233,123.61,9.81,1.299010175,0.418123
-83.983258,35.753971,30810.81523,21198.01143,1334.62,79.42,-5.768305803,5.032476
-84.875009,35.164886,20549.12875,23367.9057,982.53,115.45,3.767297208,5.031234
-84.264572,36.286502,13948.61367,2999.90295,511.96,3.84,9.097427071,2.347153
-86.05356,35.8875,2187.472001,169.63703,150.85,4.77,-0.249073708,0.787324
-88.276659,36.054619,5042.571024,451.26831,356.39,72.26,0.261992064,2.041428
-82.220094,36.333373,16677.08305,9719.42675,860.43,26.2,2.658201522,2.16711
-87.079933,36.233904,12114.52354,1733.93224,450.04,14.98,-1.318419809,4.328832
-88.637403,35.447313,1577.442524,942.55351,155.64,27.02,0.147778253,1.092283
-83.829884,36.475198,11127.0205,1315.12223,410.06,7.55,3.381072417,0.7543
-85.462331,36.54568,1454.424473,63.38381,102.91,3.58,0.1984368,0.397148
-83.156936,35.815567,14294.80099,1211.5701,411.32,13.44,3.98793683,0.686964
-86.200325,35.380329,7764.027759,5154.19963,560.29,44.52,-1.427921316,2.801455
-89.192214,35.907992,4869.523942,296.49442,262.53,61.38,0.325584814,2.129056
-84.830929,35.895542,18171.34942,2968.20701,712.89,16.91,-1.207862143,3.425549
-86.95769,36.071647,0,491294.5367,8210.21,4358.62,-10.6919821,68.028501
-88.098367,35.646932,5262.284272,190.28229,204.35,19.27,0.420241583,2.673557
-85.925336,36.022639,2601.491147,355.80723,199.63,7.18,-0.380177984,0.699521
-87.284317,36.228672,10784.09195,1672.07578,508.66,40.4,-1.956733377,4.005428
-89.544519,36.062099,6401.91368,2366.04731,405.6,91.77,0.913961909,4.961383
-89.613343,35.261935,7424.49861,1156.52745,553.84,316.75,-0.818085721,14.025369
-84.933411,36.472083,5007.2309,230.11355,201.49,1.21,0.372620974,0.259909
-86.224553,35.25994,7741.357673,1476.00787,458.31,42.03,-1.710034442,2.74372
-89.000445,36.057759,6984.727444,1563.66903,619.5,199.16,1.899245673,4.218804
-86.927456,35.246546,7255.788638,418.01248,411.42,73.15,-0.296991734,1.872576
-83.533497,36.332726,5369.826535,491.65663,248.96,1.88,0.527218602,0.984525
-82.847823,36.181423,24738.16997,3451.29943,758.8,33.62,0.761384225,2.639329
-85.742463,35.299468,8443.148096,164.22035,203.35,3.63,1.772078445,0.608001
-83.31303,36.1715,10955.26581,11778.1315,607.96,56.3,3.128947744,1.58557
-85.257638,35.058871,41629.09222,131651.7263,4146.87,1768.75,-5.205648671,27.815889
-83.149137,36.50528,2744.286522,59.26092,98.9,0.81,0.791707125,0.128171
-88.899888,35.314512,6573.345132,316.26666,279.43,250.66,2.727986762,3.257286
-88.30549,35.062539,8875.417182,783.18279,310.1,22.61,0.763494186,2.793517
-82.993518,36.352645,15724.95306,3670.06863,661.02,16.58,2.04741995,1.250445
-89.166021,35.627259,6111.054522,655.06478,318.35,291.98,2.493479791,2.46715
-88.256597,35.703129,8089.194612,489.81601,305.32,41.97,1.17305723,3.45628
-88.321783,36.296341,11974.2275,2811.26416,463.16,78.79,1.455664713,3.679495
-87.581279,35.894934,11575.34623,295.71465,272.68,42.34,1.848512477,1.229839
-87.712072,36.298182,2772.611998,139.72299,148.9,16.61,0.729620805,1.575859
-87.764936,35.948791,5434.24237,292.2574,255.22,10.65,-0.427708669,2.947928
-85.71067,36.280513,3350.632275,154.54854,150.19,1.71,0.907805147,0.416669
-83.506689,36.01041,9479.644515,2069.90634,458.58,14.6,-1.161087302,2.960655
-81.752362,36.499124,7180.46772,335.22779,226.66,13.84,0.37031964,0.276042
-83.842299,35.999449,117014.64,195838.7315,5702.61,1121.38,-18.66288562,26.575982
-89.445281,36.416814,596.4045536,93.50806,84.84,49.37,1.467053663,1.39398
-89.765853,35.733704,10801.3194,1505.93788,444.28,300.53,4.344445284,4.932891
-87.505372,35.315697,5724.441003,1189.50121,557.41,20.98,1.73847335,3.53909
-87.58081,35.570377,2608.975488,111.51479,103.15,3.33,0.165113382,0.78486
-86.758386,35.176025,11628.39805,790.07365,457.49,53.43,-1.161013858,2.590694
-84.20431,35.694382,9490.295075,3976.59722,506.79,11.15,-2.638975913,3.060777
-84.741914,35.367257,13556.42768,2790.95667,515.39,39.07,1.666074104,1.796344
-88.597397,35.319486,10209.81498,313.57908,359.98,34.57,1.025258179,3.011086
-85.873804,36.522576,3567.986004,322.33123,203.91,0.79,-0.027265812,1.135218
-88.80164,35.660334,16507.57001,28471.83506,1401.41,1110.79,3.692793782,13.619082
-85.792783,35.110216,6284.701626,466.76359,309.38,13.24,-0.151112936,1.381431
-86.802018,35.460334,2101.918537,3586.31973,303.9,49.6,0.223139103,1.704808
-86.968683,35.504793,11179.13426,8333.57714,882.37,193.62,-2.922871211,6.71203
-84.796333,35.518308,8257.746207,186.07067,150.79,5.83,0.268660404,1.074043
-84.260478,35.305193,15447.52332,809.92597,356.77,16.19,1.315634055,0.942075
-87.42554,36.578367,14660.82676,55966.54774,1905.48,801.59,-1.28241415,17.394807
-86.325594,35.25517,2375.297326,97.50018,99.97,5.16,-0.686054777,0.348408
-84.536913,36.11825,8466.1604,262.93052,237.67,19.64,0.950709903,0.591895
-89.323321,36.316287,6797.232911,1596.85288,514.81,86.08,-0.447383578,3.796667
-85.189443,36.389195,4894.186441,425.81833,357.94,3.23,-0.015564454,0.906173
-87.858462,35.575184,2331.783004,38.28813,101.45,4.37,1.14820795,0.700384
-84.571757,35.161995,8940.57272,158.63817,202.6,1.2,-0.060011011,1.023934
-85.527569,36.160061,13252.18847,12476.04295,764.97,39.53,0.21538762,3.836233
-84.877971,35.638838,5817.454225,1175.53897,302.77,12.93,1.539122024,1.267994
-84.674173,35.815591,8729.518993,2563.69593,505.19,24.14,-1.289927973,1.996869
-86.873472,36.477206,6424.822705,7269.20009,712.43,120.1,-1.725593342,6.12408
-86.362261,35.848498,14990.07685,84925.69507,2436.71,693.49,-11.95406387,21.222708
-84.523749,36.427228,3726.913027,230.04019,199.27,2.01,2.806788185,0.386611
-85.47369,35.436174,3340.990119,271.93552,151.25,0.4,-0.340790148,0.490873
-83.373822,35.816989,20383.79142,6285.00373,851.46,18.26,-1.399868243,7.564774
-89.878753,35.212737,73078.82592,665373.7314,11333.48,12522.76,102.8206025,414.616713
-86.03693,36.239387,5178.16807,652.07998,250.07,14.98,-0.409809406,0.974593
-87.916465,36.426195,3671.978889,122.2544,152.28,2.82,-0.038361877,0.799491
-82.162499,36.582688,35670.941,37491.70999,2013.48,85.43,1.002182809,6.784488
-86.462915,36.351538,13584.004,35907.8537,2147.32,251.67,-15.87827177,26.882246
-89.620429,35.559556,14643.80969,4147.74873,651.97,265.31,0.773672307,13.468838
-86.156817,36.39205,4629.725768,373.46041,88.34,23.85,0.103715152,0.556542
-82.408368,36.146148,4394.705268,2346.88159,197.41,1.6,0.137638,0.16122
-83.742155,36.260001,6469.693884,429.59323,200.68,1.9,1.646383095,1.541464
-85.436167,35.670818,2001.37966,48.22458,99.41,0.56,0.280561264,0.170718
-85.867267,35.605758,9098.298504,2298.87323,450.96,17.54,0.862777187,1.782514
-82.379744,36.313257,16337.77913,25496.2605,1123.55,108.69,-2.132559746,3.556175
-87.713622,35.302462,2450.195821,96.27012,184.54,23.88,1.214510795,1.198193
-88.865386,36.34178,4449.599373,4388.2417,511.95,90.1,1.744647353,1.178366
-85.342037,35.894102,8148.489246,788.69999,307.7,14.07,0.244303414,0.794308
-86.830891,35.92893,7108.909645,40771.28471,1888.35,141.74,-27.563325,26.380417
-86.332932,36.209853,12371.89477,17956.33661,1070.14,169.22,-7.755259171,10.690152
-95.516631,31.78841,6511.98956,3715.4122,438.13,156.96,-0.419838222,8.12447
-102.55383,32.328351,2517.706017,6237.731877,194.9,2.15,-0.214371726,5.857843
-94.706195,31.31128,12485.15318,10860.0435,871.78,260.63,3.697038756,23.46763
-96.944173,28.168779,7302.93551,4308.48181,255.01,7.28,-0.42358862,3.729396
-98.574264,33.525457,998.9195964,57.812099,150.3,2.45,-1.369119108,21.559782
-98.32296,28.880915,9547.362816,1180.448996,401.31,1.9,3.028235312,6.858109
-96.102963,29.664107,2691.621341,322.75072,302.85,55.36,-0.860833057,4.693002
-99.104885,29.680636,6949.746145,455.274983,242.17,4.44,-1.749300267,4.971391
-97.225213,29.970083,11244.70687,2313.39933,494.52,72.28,0.558897325,8.116635
-97.745555,28.424754,3910.498892,4363.679464,301.01,31.54,1.6716853,2.911325
-97.733306,31.123085,14490.08047,137252.5093,3044.75,1403.65,3.706485398,46.940649
-98.521715,29.472125,121551.4511,1606071.994,18244.97,2695.98,50.38074873,379.345075
-98.400433,30.338653,1112.788316,39.20178,96.27,0.05,-0.648469968,2.067322
-97.586008,31.792249,2736.780532,2220.86584,356.4,11.5,-1.954214986,6.835517
-94.055942,33.427052,10403.75425,15995.88182,908.36,501.83,2.668167516,26.570288
-95.403851,29.014032,18953.34613,68411.70746,2456.97,472.38,-8.897948964,48.288661
-96.328218,30.60753,6736.319164,131029.1748,1994.75,433.48,-1.192089724,23.490891
-103.251203,29.811208,933.3249891,1811.432602,150.42,0.59,-0.02479011,1.178249
-98.142011,27.22351,49.94616674,1003.763429,87.68,0.96,1.585637321,0.599443
-98.998612,31.975559,5758.436772,8479.978624,609.35,55.54,-1.64178337,10.120234
-96.602404,30.365211,4102.317024,531.87435,253.16,61.13,-0.963136317,5.646322
-98.270208,30.906582,4695.761862,1449.85772,406.14,12.15,-3.502667242,7.05069
-97.786619,29.828434,3389.913873,2661.62197,394.76,47.77,-0.231809358,3.85701
-96.623603,28.641415,3139.965873,5249.0158,242.88,15.5,-0.286707972,3.993732
-99.486545,32.402603,1313.471291,688.781128,150.64,2.64,-0.716128586,4.007579
-97.481611,25.938477,24253.66008,263680.7598,4276.47,44.77,68.0300147,36.524609
-94.917649,32.947881,2420.062595,744.24936,154.26,48.44,0.19344868,4.004116
-101.197247,35.399863,1661.081525,12.784824,102.59,1.32,-1.363320745,2.771167
-94.465623,33.189548,7087.034542,937.991618,365.48,119.96,0.055409535,11.688878
-102.307934,34.537292,1272.308006,114.261322,97.16,5.55,0.445500366,1.590627
-94.579741,29.656541,7450.84907,564.12714,246.96,45.18,0.23174015,9.131753
-95.308676,31.966515,12193.76228,3373.9429,590.83,193.68,2.828285946,10.882113
-100.208283,34.411133,313.7445842,483.431879,67.51,21.41,-0.349533687,5.366889
-98.185281,33.826674,3973.754613,215.875926,148.84,1.73,-0.827384064,20.70646
-100.351747,31.902549,754.2577108,7.541203,99.96,2.06,-0.511108821,2.426671
-99.461187,31.64346,0,205.201653,146.15,4.02,-1.323925145,2.758391
-96.761102,33.049059,7015.002078,628524.8802,7727.6,1434.57,-81.07021315,174.167759
-96.526354,29.802337,3701.915693,136.453199,250.75,66.85,-0.833898699,4.698268
-98.108726,29.683386,13706.39586,25030.50911,1214.78,43.52,-12.03250377,24.72468
-98.602812,32.111799,2185.195326,724.025393,197.73,4.2,-0.591467709,2.196417
-97.121203,33.652898,2596.902325,2888.58919,403.62,30.31,-1.146428902,61.163853
-97.928927,31.129207,2137.126992,19470.10998,840,170.93,-2.244308929,13.833115
-101.162729,33.638224,436.3770561,20.4743,150.45,10.87,1.190099741,10.750116
-102.602591,36.278685,118.2202779,1074.050996,96.15,0.91,-0.62929533,1.550094
-96.76279,32.951332,6638.45543,3085155.459,26619.91,11165.43,62.10029376,424.127426
-101.942314,32.766068,1539.381721,2040.325183,185.04,29.6,1.872620325,4.206082
-102.4014,34.837877,1491.399772,7765.518126,201.17,3.95,0.015121596,1.847662
-95.672692,33.388412,1139.368991,253.19159,105.62,18.61,-0.529192128,3.388494
-97.125046,33.245604,10195.76669,562605.5391,6952.6,1391.27,-60.28264032,186.788262
-97.180784,29.228944,3748.167342,117.01707,243.82,40.93,0.007715378,2.942587
-99.976021,28.473251,3318.13112,21.45332,103.49,0.1,1.961041083,1.758294
-100.893313,34.934473,2695.710674,350.797231,97.93,10.36,-0.729922875,3.929089
-98.344701,27.885065,3376.921161,25.70417,148.47,2.98,2.180418223,1.164222
-98.990667,32.170095,951.4222172,92.01284,199.7,11.45,-0.2339918,3.304178
-102.361001,31.836373,33812.72051,78880.58717,1377.85,145.44,8.005086076,27.60355
-96.82908,32.397732,9632.240696,19052.53464,1567.47,293.9,-7.691880885,38.70622
-106.263489,31.667661,19370.81124,648325.9618,7975.46,483.76,75.88797171,264.524116
-98.216811,32.41597,2751.619298,3489.716904,406.67,11.8,-3.276320438,8.047795
-96.811969,31.313093,2428.646026,1859.56396,319.28,154.79,2.106665315,5.480231
-96.078468,33.752852,5068.730044,1479.08493,429.9,46.52,-1.410946226,10.167297
-96.979333,29.890148,3927.10419,528.81013,351.78,45.55,-2.808987127,5.860334
-100.40198,32.647892,2123.564454,8.708057,104.97,5.29,-0.143731282,1.935875
-101.299947,33.941619,1641.928264,11.981508,102.36,7.6,0.049314025,3.301881
-95.487874,29.595078,50975.86078,246003.3409,3813.06,1734.87,-14.73987594,75.170026
-95.217899,33.2131,3018.07827,464.842,153.14,16.35,-0.402763335,2.956078
-96.235409,31.596066,4750.231109,1526.014139,348.65,112.93,-0.092095687,5.414634
-99.247625,28.948834,1471.750749,59.99726,120.33,11.42,1.880640688,1.402609
-102.455571,32.858193,1423.134484,2770.421758,146.89,9.48,0.635284479,5.220235
-95.073238,29.468223,20223.68482,192328.6446,3363.55,1005.6,3.270193203,99.000414
-98.945586,30.394996,1331.960836,334.73214,255.22,0.61,-2.171004661,14.216021
-97.474163,28.610052,2893.403028,22.82447,102.16,11.33,-0.21386003,1.326956
-97.379666,29.650052,3706.051766,4271.355596,294.31,39.95,-0.033457658,5.235622
-100.956403,35.545002,3204.903114,11200.18212,337.03,32.39,1.028659366,7.867764
-96.542692,33.753241,10507.51241,21686.13652,1336.02,155.69,-1.682600385,45.194295
-94.718477,32.478306,10320.25674,35228.3,1228.22,532.93,2.533528629,34.313403
-96.056033,30.627422,3793.70599,229.84438,246.86,60.49,-0.044968225,5.290034
-98.114775,29.660883,10522.51213,47876.67287,1459.24,215.81,-9.453095571,26.451711
-101.74685,34.193986,2619.913535,7425.6741,437.26,38.05,1.902305404,4.264356
-98.113677,31.708893,384.7664877,357.736751,150.22,2.55,-1.009562207,1.984334
-101.243627,36.175792,557.6301312,14.580634,95.31,0.45,-0.02035669,2.960149
-94.407309,30.157423,6682.561248,2495.75823,578.94,77.66,-1.038816189,21.523343
-95.325386,29.716876,869497.4913,4319274.037,39227.89,14757.78,146.9098292,702.917027
-94.498091,32.432022,9824.133424,3759.91476,719.09,313.46,0.402008039,42.908421
-99.624949,33.11954,760.2812652,13.626762,97.63,7.94,1.28209628,2.207041
-97.80053,30.056213,9901.80117,32418.75922,1257.03,93.87,-8.117917153,17.445177
-95.620935,32.288233,20658.33435,5271.07276,868.72,116.14,-0.116745574,16.849074
-98.004198,26.203908,59380.38718,268433.8277,5698.29,59.77,92.26218099,64.58727
-97.290295,31.90069,9588.464959,5294.61104,548.18,89.3,0.92310821,11.499749
-102.394495,33.587971,2948.467028,2828.713559,346.21,18.61,0.920764921,7.307091
-97.758647,32.432773,8121.539829,4003.37278,508.56,8.3,-4.416030047,10.558744
-95.596338,33.15849,2724.637783,4977.83351,458.61,71.43,-1.220583765,8.435478
-95.422773,31.492794,4014.984452,2120.905357,334.6,192.78,-0.151393016,18.857732
-101.257397,32.341637,6798.187092,10986.28429,459.63,50.38,2.448506178,12.030434
-96.084618,33.134139,13053.68576,11737.52184,972.12,162.38,-1.446800706,19.824783
-101.27621,35.717566,3376.344252,4672.991588,343.21,14.49,1.946738643,14.694016
-98.155588,33.307038,1884.416984,565.600971,128.69,14.41,-0.548992238,9.965518
-96.63629,28.873006,1406.331109,62.27191,151.65,22.22,-0.449172946,3.423806
-93.998256,30.710058,9385.26468,2019.66383,413.4,161.71,1.23883806,13.556388
-94.005909,29.968157,10796.70759,145176.4248,3214.07,2159.2,8.403769252,133.918407
-98.670749,27.334931,507.9964574,117.493993,102.03,0.71,1.748896199,0.791872
-98.071338,27.738439,5075.776868,7367.70486,354.26,5,2.659631605,3.00415
-97.341605,32.440023,15091.66285,32452.13024,1400.77,97.07,-5.083575,36.556564
-99.790652,32.906498,1312.574358,227.769573,281.78,18.06,-1.072816837,6.319371
-97.965616,28.848976,2789.099752,90.668355,173.37,19.4,-0.3419199,3.577721
-96.291853,32.723083,11490.52315,6940.65964,903.94,208.88,-0.523368031,22.281354
-98.700795,30.012923,1601.870063,3365.35046,304.24,3.41,-3.252629574,7.434204
-99.50719,30.176469,5635.757023,6263.48657,514.84,12.07,-2.971092154,7.175671
-99.772951,30.488465,626.7518796,1086.175774,100.86,2.25,-0.21236881,1.273443
-97.724429,27.432106,1650.14228,6253.714145,250.98,15.17,2.620093546,2.912951
-99.777639,33.637444,975.207181,13.631962,100.24,10.95,-0.261485494,6.153576
-95.535692,33.652474,5557.18495,7434.97435,626.66,173.69,2.023805313,17.130808
-102.245579,33.871479,2719.482195,78.648604,249.83,17.69,0.346981522,3.282528
-98.217025,31.105225,2530.803429,1201.076337,251.19,19.62,-1.064570951,4.276633
-96.790141,29.384846,2164.51702,1069.37174,308.8,36.84,-1.555380148,4.164288
-97.074328,30.4286,2591.315994,276.95269,202.03,49.59,-1.162261476,5.06124
-96.18045,31.193772,3311.192091,48.99412,149.77,19.23,-0.093414696,2.551836
-94.926731,30.25176,10938.96461,1733.13948,696.04,148.07,1.043550311,16.947446
-96.512525,31.688431,5723.194986,3634.318005,390.3,138.96,2.095238792,6.463935
-100.214661,36.240357,1497.597882,9.554663,100.39,1.17,0.166063049,4.467187
-98.111533,28.335074,3788.908639,804.952364,188.36,6.82,-0.446048284,2.645554
-98.711878,30.827368,4277.341207,1339.678974,299.48,2.4,-1.903184388,4.969673
-101.9314,33.528739,13441.32456,223148.2743,3385.14,505.95,-1.574493403,69.159334
-101.817592,33.062466,873.1256136,215.390687,143.21,3.12,0.780640456,3.091091
-99.365468,31.282411,610.4411313,458.627927,136.08,1.71,-0.156552545,2.768695
-97.1574,31.556201,8640.261855,87087.76279,2483.7,769.67,7.677127478,55.306722
-96.089685,30.939105,2660.888384,417.98189,175.85,53.27,-0.961870855,3.925075
-94.1906,32.800655,5916.200644,288.39812,206.53,93.93,1.235863493,11.869795
-101.790865,32.1877,1730.133817,28.168517,95.6,1.23,-0.422742721,4.328785
-99.234983,30.747827,1318.528937,526.264803,91.94,0.08,-0.25695126,1.221094
-95.867285,28.750421,10179.80607,5604.57846,497.68,120.11,0.504474909,9.68649
-100.491935,28.713228,4465.396794,18805.19661,352.38,3.17,6.819462505,13.593491
-98.97992,29.147181,6721.517276,576.349907,386.28,16.85,-1.772035025,9.370028
-102.056294,31.990978,11429.39457,88384.57539,1280.55,183.97,-6.221314685,26.343469
-96.794241,30.739326,2927.371413,1001.022111,354.11,69.95,0.717864921,4.94956
-98.586407,31.391435,1161.0045,16.775392,102.04,0.82,-0.641433544,1.155988
-100.93332,32.285174,572.1862196,48.329281,85.85,12.65,-0.414141393,1.919237
-97.790273,33.820196,3465.247474,1650.519796,303.73,3.31,-1.177835377,55.821025
-95.454486,30.135349,56589.44774,83975.77671,2981.14,295.39,-15.61363517,91.57038
-101.968589,35.875774,941.28991,6136.991347,190.49,11.97,0.418700042,3.179915
-94.726296,33.004907,1939.4713,872.32514,158.35,74.91,0.379450102,3.688105
-94.668844,31.590005,6964.130563,14267.4862,679.23,274.26,4.628192043,12.777888
-96.205963,32.103211,6005.709336,6248.54807,506.03,123.94,2.130721036,6.252109
-93.79588,30.55226,2395.433276,67.916869,194.58,67.34,1.173038086,12.061094
-100.432296,32.261286,1576.807761,5029.499121,245.03,25.88,0.475005888,3.892367
-97.402794,27.729885,5691.17916,304708.7269,3922.39,286.05,10.49142314,65.692824
-100.819167,36.384913,1025.009713,2759.99285,146.42,2.18,-0.460072829,7.839896
-93.725606,30.108019,15784.16031,9006.53469,1054.54,203.86,-2.100842447,92.693597
-98.128758,32.779753,3074.53232,8042.814555,455.16,24.69,1.368168348,13.076755
-94.461978,32.25323,6441.269808,576.50386,305.74,89.62,-0.956799641,15.428464
-97.755675,32.753839,10276.45656,8928.46972,960.57,28.95,-4.630499836,35.827869
-102.747383,34.65353,560.1293554,22.96066,97.49,2.39,-0.188040241,1.636338
-102.524374,31.025537,2169.077864,2870.594323,183.3,9.62,0.125803535,3.354242
-94.813885,31.000055,13391.18359,1864.70329,467.01,88.7,1.951747495,32.809186
-101.875823,35.222936,6557.70884,79971.48054,1654.12,354.82,6.664966936,22.731378
-104.131119,29.622474,247.7945296,5.245142,55.16,0,1.779630979,0.248942
-95.875208,32.886753,1820.907002,103.50983,99.07,7.02,-0.413548501,1.758936
-101.929029,35.145637,7057.002732,97872.44314,1463.12,96.63,-12.13771493,28.010981
-94.849981,33.573474,2748.004163,49.967731,210.17,55.96,0.924444169,6.843233
-103.714345,31.447727,3672.855594,5758.333529,224.6,10.1,2.364561459,9.06925
-97.141308,28.298354,1270.022401,26.025021,103.61,13.17,0.414213948,0.786529
-96.49208,30.866234,3276.439536,142.98437,258.89,113.72,1.064992685,3.286994
-96.4957,32.958186,1226.333381,17918.5882,557.51,65.12,-6.69295581,13.98442
-99.899025,31.763919,860.6485072,694.051447,203.68,10.1,-0.602382171,2.650369
-94.774505,32.149872,14471.93537,3436.79519,618.22,228.05,1.26133387,19.568182
-93.860941,31.489928,4255.368174,63.32413,156.91,17.11,0.051520017,4.135474
-94.166872,31.268796,2765.12525,227.96437,156.43,63.36,1.24094153,3.412479
-95.215419,30.487128,6435.689148,213.99925,203.49,36.23,-0.315170548,6.090711
-97.384732,27.984315,7353.894952,13130.09264,793.22,26.43,1.718670229,12.299326
-98.706516,31.201501,862.0233506,237.201073,96.75,3.72,-0.278641137,1.112522
-100.80595,32.618518,1401.168262,725.37417,181.74,15.87,-1.139283687,3.180977
-94.109752,31.921421,4590.246062,497.93965,301.51,109.93,1.87592944,7.244409
-95.333171,32.36018,35844.14273,60636.13024,2077.6,787.25,1.873844175,36.826452
-97.774651,32.222119,1494.898769,732.14495,99.97,1.44,-0.411760709,1.8991
-98.811274,26.381467,6738.519103,13817.6332,613.99,0.6,17.2120305,4.655002
-98.871015,32.739502,1224.708213,511.510388,146.78,9.25,1.747463741,4.880546
-101.746571,34.606748,776.5307973,426.000013,129.74,15.73,0.290576345,2.047226
-97.357398,32.74975,16381.99595,1422278.133,18178.58,5862.28,-11.89855112,354.858566
-99.750861,32.424197,4524.328368,80094.62861,1822.37,318.2,-4.838909049,24.670072
-102.243367,33.168583,627.4110318,451.228785,106.65,3.46,0.31428511,1.210183
-94.975478,33.147448,5251.660396,5857.693,405.29,85.14,0.938788826,6.758897
-100.477027,31.468704,7092.216684,46951.83429,1199.7,106.28,-1.733763527,11.900054
-97.751466,30.189353,69908.45867,972586.3262,10556.69,1694.11,-71.81172242,156.149061
-95.171201,31.044564,4446.282519,874.579758,255.95,59.35,0.757220384,5.729982
-94.438714,30.948871,7705.963035,656.14711,245.34,46.46,1.528358676,10.431077
-94.99196,32.72006,6967.855008,1421.32371,357.85,65.14,-0.995644775,9.251528
-101.958352,31.386776,1261.470061,7.433468,95.25,11.32,0.043942459,3.253395
-99.848996,29.328872,1573.403915,3544.43069,204.43,1.58,0.999513312,2.149736
-100.877848,29.376531,2063.717446,11818.60511,345.57,8.44,3.319181831,3.485763
-95.722213,32.660683,5017.299617,1652.73703,513.58,29.71,-1.037969374,11.439788
-96.981617,28.81535,13538.36459,44911.93629,1116.18,135.05,3.292285323,12.431634
-95.563484,30.729246,4339.195442,15041.81819,428.81,223.45,-0.894698548,8.039477
-95.982253,30.094788,3698.407542,630.85995,248.19,86.11,-0.938451954,5.109146
-103.103734,31.50904,5376.470721,3055.814027,149.89,12.19,0.388250109,7.010678
-96.217816,30.220711,2870.74838,1079.39239,305.94,105.21,-1.028818997,4.783273
-99.49694,27.552408,5778.017086,325335.4885,2930.25,24.53,42.49983563,22.287796
-96.180569,29.471895,9381.970478,989.667276,557.59,187.98,4.614643269,9.662463
-100.249285,35.470277,1442.31013,12.871254,97.02,6.66,0.025396617,4.376337
-98.78266,34.012899,3899.400106,67107.87339,1799.78,447.12,6.011886815,196.363891
-99.314126,34.127101,730.6462296,936.694736,200.67,38.86,0.774386124,14.559106
-97.629453,26.493684,5016.8966,544.506327,236.48,1.98,5.209073774,1.114858
-97.699746,30.524627,25737.15814,227567.5193,4496.43,536.45,-35.63307126,94.76087
-98.22796,29.275467,5619.913697,1678.47094,543.68,12.76,-3.248591285,10.247236
-103.047943,31.849982,2006.14036,2488.343605,145.25,13.17,0.235310526,8.743571
-97.708205,33.128515,6724.478875,1542.11883,541.63,15.96,-2.847880073,24.587198
-95.456464,32.67664,7456.21211,1743.27869,500.81,54.01,-0.645220865,11.839875
-102.791352,33.018926,869.0312384,38.229224,96.33,0.56,0.361512629,3.762297
-98.586866,33.109299,786.892419,1787.747801,154.91,5.07,-0.526219743,9.187893
-99.266821,26.917597,3930.897021,4358.363303,151.17,0,3.289728612,0.763574
-99.941561,28.993191,1383.351986,924.529354,94.42,0.46,1.936950271,2.214662
-112.582692,38.34225,3895.035824,10.207188,96.78,0,-0.928465544,7.72026
-112.008899,41.516023,4064.102583,12255.09843,541.89,6.55,-5.490535766,18.099938
-111.632178,41.679839,4538.764695,54120.52363,1248.7,17.99,-12.92741277,20.805068
-111.01051,39.661224,2476.54198,2036.675154,249.51,2.23,-0.641135577,8.11411
-111.861163,40.877008,3663.551216,164419.4769,2633.28,71.43,-32.47346825,91.094205
-110.505586,40.293691,5092.166712,319.93682,145.92,1.22,-0.335954408,2.590242
-110.811455,39.332914,1166.051475,15.354871,97.34,0,-0.963970572,4.035706
-112.41711,37.816963,0,6.1328,98.97,0.42,-0.820528737,4.567174
-109.569986,38.983524,620.773336,323.93537,97.68,0.71,-0.537694544,2.736484
-113.074364,37.668709,2552.481424,4825.416727,400.47,5.53,-2.363359262,27.030237
-112.79016,39.702707,1203.613127,318.94414,98.74,0.42,-0.85764909,3.913284
-112.498697,37.113922,808.6746912,21.953167,100.69,0.6,-0.907618702,7.741482
-112.599924,38.893495,5329.195731,20.137222,145.1,0.58,-1.5026313,6.042421
-111.515288,41.169525,153.9645881,32.443951,100.88,0.87,-1.740691168,2.822212
-111.881539,40.551555,0,1130636.925,10439.19,424.86,-81.26116125,376.9417
-109.98432,37.607423,723.2579524,10.695315,101.31,0.76,-0.686019182,1.784283
-111.397882,39.596517,2383.070204,192.669913,235.41,3.7,-2.35168569,4.912705
-111.638499,38.933533,3377.258698,312.612116,243.75,3.23,-1.46090524,9.929336
-111.274679,41.046726,14087.15087,3177.601084,588.32,10.49,-9.322875499,21.110902
-113.317896,40.44342,3327.992824,17541.18192,492.1,6.12,-3.337917839,58.896491
-109.560663,39.902033,4275.94219,2224.913519,295.18,2.58,1.180403288,7.058491
-111.715368,40.293567,8370.206036,539758.875,6291.63,66.3,-68.3050288,129.146512
-111.132494,40.311523,1232.252473,3278.69036,197.7,1.24,-3.153466308,5.979177
-113.845937,37.217507,2082.140101,26103.87078,1060.47,18.45,-9.310414339,88.287575
-111.958028,41.27314,19372.41509,181788.1536,2479.07,69.87,-12.65912938,85.220267
-73.255531,44.166405,33.75185635,1939.21539,505,12.73,-4.499306395,2.241524
-73.051412,43.258795,165.4031156,3982.8545,558.1,7.67,-2.494123672,3.586554
-72.204175,44.264989,20.00466776,916.15972,497.74,9.63,-2.262377098,3.502366
-73.208331,44.481703,15.79130187,107830.3748,1719.17,97.28,-12.62069705,9.143294
-71.698774,44.848067,570.5717016,36.36559,100.17,0,0.086677844,0.280885
-72.955791,44.705144,1241.529755,7403.55124,503.57,6.94,-2.322155385,3.335057
-73.285325,44.891054,1242.830452,186.19,100.59,1.57,-0.77296496,0.769352
-72.721867,44.481364,1423.506685,443.49132,348.71,6.55,-1.725290257,2.236508
-72.196215,43.93263,507.3137023,523.1955,503.05,6.88,-2.694046882,1.862077
-72.166177,44.758176,781.4990978,1105.36243,402.68,3.67,0.790677383,1.722723
-72.985425,43.530428,538.554697,13263.43907,1015.71,15.41,-6.404660802,6.533905
-72.860843,44.11101,32.42735601,13003.38888,973.97,17.1,-6.542079788,4.631559
-72.906439,43.027509,994.4967091,3632.91969,820.54,17.32,-3.86062701,4.036076
-72.552156,43.814604,212.0838832,2156.70621,815.53,10.47,-5.121477618,3.342449
-75.784302,37.743387,9587.436408,926.51095,410.88,208,-0.309623417,6.849336
-78.638252,38.174262,0,35198.80067,1138.38,199.52,-9.659824066,4.894792
-79.762606,37.823964,3834.667719,1479.37245,304.85,29.26,-0.924339177,1.336482
-77.880022,37.276961,2488.339454,72.76958,98.53,43,-0.444948777,0.919184
-79.034697,37.564017,9295.27508,2515.05348,415.13,149.49,0.340694342,1.776636
-78.740791,37.317927,2174.880829,177.46487,153.66,58.48,-0.541022452,1.890794
-77.108648,38.893564,0,916224.873,2773.88,497.73,-36.78091847,65.053435
-79.351417,38.19768,14923.38929,1795.42208,631.35,53.97,-4.557686032,4.282579
-79.542117,37.161546,11123.29197,3016.67666,802.98,77.39,-7.222031445,12.337205
-81.022145,37.155896,1339.340631,35.58129,92.55,6.25,-0.15419198,0.41711
-79.844439,37.369109,6424.689738,1576.05462,407.99,28.11,-4.147892035,5.82173
-77.882749,36.64184,2467.938253,133.55247,201.05,213.37,3.578500377,0.712485
-82.026706,37.350442,7617.111145,254.58339,246.32,15.77,2.903338706,0.219158
-78.619755,37.506435,3500.149028,138.15003,187.84,141.28,0.934091707,0.978995
-79.25214,37.342152,16505.63978,6308.11422,621.14,175.46,-1.371599866,3.560276
-77.212675,37.976402,6835.964965,470.85427,355.09,196.63,-0.509165915,2.126944
-80.796898,36.75992,5920.522151,429.57872,296.92,4.64,-0.327975257,1.256866
-77.191721,37.384721,1948.283051,133.69713,152.49,138.24,0.03640543,5.013471
-78.61778,37.099209,3089.608107,75.4716,150.7,87.67,0.60594959,0.218874
-77.533491,37.454773,0,124127.155,3683.63,1745.35,-19.74367178,57.704724
-77.979545,39.171435,1768.196193,237.79439,147.86,16.16,-1.299493762,4.049112
-77.826859,38.449842,3064.651128,2515.48073,398.58,118.08,-0.319087725,4.170218
-78.208455,37.540666,1117.514325,78.56856,100.48,61.58,0.024691447,0.344453
-82.296589,37.057668,2719.573447,198.93178,198.66,2.5,2.343565234,0.120496
-77.697298,37.029512,7595.467608,1614.43548,297.59,190.73,0.381935515,4.047933
-77.015885,38.000728,1942.826082,218.73455,164.33,117.8,0.295860001,0.900041
-77.370777,38.942594,0,1533391.94,12800.26,2341.38,-139.3451784,406.560819
-77.729351,38.790369,9826.225536,3450.65689,848.63,119.84,-9.285545419,17.257098
-80.472733,36.872953,2327.549167,135.39098,148.64,4.47,-1.179437687,0.872596
-78.330784,37.921481,2898.001327,1438.83968,215.48,61.36,-2.118247379,0.835983
-80.020738,37.06184,9509.941836,1134.96238,455.46,69.62,-1.111763281,3.769793
-78.382122,39.170945,18799.14337,9564.41608,701.81,51.37,-5.513151161,13.57364
-80.618132,37.353263,2515.230519,209.87502,200.73,7.5,-1.298862938,1.058277
-76.61167,37.481416,9781.51952,2793.70144,407.18,67.22,-3.128762112,5.342843
-77.795762,37.674798,3176.614424,758.0919,258.22,107.24,-2.471538134,2.909373
-80.977373,36.604623,4413.294376,199.03115,196.3,24.01,0.347879944,2.265116
-78.528373,38.283433,3561.754185,454.93745,152.3,17.85,-0.26101581,0.630372
-77.556656,36.609003,1625.315646,60.31089,101.49,115.2,0.984313149,0.513448
-78.770556,36.666049,7490.905344,1412.44149,461.28,310.95,0.841813302,1.152855
-77.585005,37.885946,23679.70021,16550.61333,1172.73,219.37,-13.81427728,16.502002
-77.557061,37.59416,0,179533.5934,3305.26,1824.9,-14.75019521,39.353092
-80.003792,36.653448,31699.32565,3267.50424,618.2,285.91,4.183654084,3.7441
-76.625545,36.955088,6114.931105,2696.34949,411.6,186.27,-0.840929997,3.681273
-76.741283,37.292266,0,9420.5288,564.9,151.28,-6.15110698,9.406666
-76.975784,37.794232,1664.526742,47.01161,99.66,48.58,-0.774499781,1.783078
-77.265607,38.299223,5680.531645,746.08742,249.7,82.72,-2.877855946,3.613035
-77.192677,37.729457,2171.527193,619.1508,206.32,69.68,-1.597325747,4.492915
-76.38395,37.651103,3021.584994,320.50319,159.45,89.54,-1.042986769,1.45607
-83.181564,36.706443,5386.997437,511.6017,289.02,18.42,3.366876485,0.452648
-77.495392,39.039959,46805.82828,203463.413,3247.99,474.46,-40.09640168,90.074087
-78.141411,38.062322,7088.361276,444.00368,307.33,99.85,-0.898217088,2.410944
-78.350061,36.959198,1510.61957,93.00248,149.91,86.59,-0.118645196,0.576344
-78.196557,38.346592,1506.374962,90.30076,102.56,16.67,-0.573681851,0.506773
-76.332103,37.404241,1541.078707,213.63175,100.33,18.39,-0.705997628,0.416123
-78.250083,36.727421,8199.003723,537.18641,459.89,309.54,0.334931065,1.887435
-76.671264,37.701267,4050.235539,397.47099,151,36.56,-0.231446227,1.62952
-80.453686,37.063769,5053.586717,15752.13785,740.34,73.56,-4.087632017,4.547127
-78.99116,37.805707,3983.944968,106.68896,153.78,39.42,-0.290994451,0.855292
-76.91204,37.483528,3681.669462,338.01232,151.51,35.88,-1.363088777,9.525372
-75.810257,37.240925,2161.554536,175.47426,154.8,100.11,0.073550132,1.599332
-76.325461,37.823561,2459.544831,195.90889,155.4,87.38,-0.759213724,0.802138
-78.171744,37.170695,1664.254997,170.99293,141.6,116.59,0.779781917,0.893351
-77.96974,38.247189,2524.221677,999.37942,250.63,64.6,-0.793052611,1.791828
-78.57571,38.520872,3476.076502,392.76431,254.48,7.17,-0.171743268,1.624897
-80.229535,36.77354,6091.479512,177.83362,200.75,24.53,0.486860002,1.025365
-79.479888,36.988689,12385.21971,1606.48316,811.06,341.6,4.861409608,3.954319
-77.900876,37.564503,2775.953903,478.58079,205.39,22.66,-2.930640138,1.971428
-78.457345,37.178651,2470.740985,9739.77544,269.12,144.4,0.123182176,1.104757
-77.357406,37.273565,0,1907.76004,296.25,180.79,-2.4931758,5.119616
-77.381807,38.651587,0,304485.536,4103.75,1654.49,-29.26027353,116.713748
-80.65189,37.103247,12130.40759,3535.22717,395.78,31.8,-0.684797141,2.076526
-78.187078,38.748249,717.9178206,56.55061,98.13,8.62,-0.528611789,1.005517
-76.770712,37.956401,940.1705136,99.95446,86.73,53.61,-0.330409494,0.226003
-79.936787,37.345129,0,25748.23339,934.04,108.46,-7.22102726,17.803112
-79.28595,37.838326,4730.254128,165.95536,201.51,16.3,-1.007675266,1.195727
-79.033279,38.547586,10771.37227,4067.29369,963.69,52.41,-5.149667678,5.035815
-82.145965,36.96559,5868.238738,451.43027,353.76,6.26,2.131795013,0.591239
-82.518004,36.749549,5769.138599,485.31251,298.25,3.27,0.923413886,0.665173
-78.532247,38.979734,5837.247758,1148.101,450.15,15.45,-2.333351169,8.589733
-81.733852,36.914426,7633.986443,974.80328,456.57,21.33,2.585747348,1.091722
-76.975019,36.853644,4555.443588,128.90893,206.25,131.01,0.484252201,1.193777
-77.521909,38.281037,39785.03271,43151.66849,1524.13,457.79,-9.645425161,16.334263
-77.445313,38.456369,36902.73827,41205.6618,1310.79,440.62,-12.6247679,19.778745
-76.845509,37.166191,1501.778777,51.87639,103.22,88.94,0.438385209,1.15978
-77.202894,37.045738,3182.177189,159.61963,178.13,212.5,2.084378129,1.660773
-81.409597,37.092647,8158.366537,1301.99078,466.01,24.57,2.56765305,1.294825
-78.205675,38.923785,4974.491764,6339.67607,398.56,36.95,-0.840653369,8.694589
-82.076633,36.769372,18168.12522,3045.86213,661.74,19.7,-0.985946501,2.517408
-77.004142,38.236489,2953.885587,487.93779,199.68,107.06,0.081683411,6.571924
-82.570894,37.116941,8381.123432,1335.14795,493.5,28.66,6.126905502,0.875076
-80.872593,36.896042,3609.188555,445.72014,305.94,15.95,-0.588359917,1.410143
-76.419878,37.097244,24931.46914,24016.1946,705.29,179.84,-6.360302828,10.493526
-77.061692,38.821947,0,519367.823,1981.36,724.48,-21.85132594,39.354276
-82.209572,36.603605,0,5499.702,210.56,20.8,1.892926017,0.468913
-78.496442,38.026002,0,71026.88,616.74,214.87,-1.41775694,2.697081
-76.274261,36.792297,0,110807.0163,2095.93,1279.55,-8.965318958,17.568422
-77.404358,37.25042,0,14234.048,270.6,79.85,0.695927093,3.851773
-79.982531,37.793418,0,2071.6809,104.24,25.26,-0.167433956,0.16764
-79.416192,36.563482,0,21730.3862,760.1,700.7,16.87824415,2.790455
-77.526254,36.693831,0,959.6195,57.51,46.17,1.916784104,0.200529
-77.298348,38.84016,0,20238.25,255.77,24.37,-3.024174511,8.511362
-77.177374,38.890398,0,20413.338,153.41,12.46,-1.929700549,4.163015
-76.926683,36.664469,0,724.5289,58.17,31.77,0.307837244,0.295463
-77.476375,38.285422,0,29922.783,336.54,115.11,-0.984680016,2.220646
-80.916758,36.6575,0,1551.5172,104.08,17.47,1.0174657,0.287064
-76.354238,37.053324,0,113585.2698,1651.92,1661.79,3.392327119,24.905538
-78.855698,38.454632,0,48281.3409,573.07,76.91,0.295920105,2.517139
-77.280063,37.310477,0,17345.609,314.71,272.83,4.728687688,3.401564
-79.146101,37.404942,0,48661.058,1010.54,582.6,4.938896728,4.788325
-77.471203,38.762308,0,39891.29,350.16,95.15,-0.194531993,5.787844
-77.435554,38.767574,0,14642.515,95.43,29.35,-0.396795114,3.611051
-79.875609,36.675298,0,5217.2598,220.7,150.31,2.082116431,1.714144
-76.505689,37.133013,0,168177.2799,2301.01,1903.84,5.039969723,26.791591
-76.279912,36.844638,0,457156.973,3757.02,3110.28,18.66543495,25.037262
-77.40483,37.215388,0,24188.0049,595.92,861.82,10.51837837,4.426376
-76.339059,37.130093,0,3287.4781,149.61,3.38,-2.049111365,2.056955
-76.320808,36.825396,0,117147.4836,1576.53,1642.3,10.71260768,13.746399
-80.574529,37.115114,0,6139.253,158.44,30.02,0.217573347,0.613707
-77.453561,37.588092,0,393445.26,3489.03,2995.75,20.41807945,38.424057
-79.996547,37.310132,0,65357.102,1194.29,640.54,11.24594581,14.188605
-80.038534,37.303323,0,8907.049,268.08,31.99,-0.724597636,2.909114
-79.073721,38.149968,0,10747.2477,328.75,68.28,-1.320801994,1.846944
-76.595119,36.728825,0,32231.56102,1433.67,1091.19,-0.996660165,11.112893
-76.172477,36.896997,0,445942.3384,5011.7,1773.74,-39.76408966,47.979856
-78.909328,38.076497,0,8974.9965,248.92,75.5,0.61917113,1.326867
-76.700476,37.259329,0,5593.0401,161,51.34,-0.715802207,1.727861
-78.153028,39.186107,0,17041.184,256.02,48.77,-0.96491804,3.801928
-118.50802,46.921476,4834.067608,3630.894299,244.39,4.29,1.866040127,13.328747
-117.06723,46.412707,4246.181638,13138.01956,308.73,2.67,0.040904576,40.675572
-119.235683,46.221774,9563.382983,74426.06116,1794.67,57.02,-6.629279229,158.328009
-120.313021,47.421612,9772.802378,14969.16767,700.19,5.93,-3.261330013,53.480261
-123.818779,47.996609,17749.06564,19575.5147,1010.16,23.74,1.401219992,88.644392
-122.540563,45.6155,50285.64538,357241.2276,5238.62,200.85,-24.63205752,150.34854
-122.944753,46.137953,10487.06308,51716.24561,1204.31,21.65,4.00817085,48.797958
-119.778602,47.600626,6379.017052,14320.01188,399.37,3.53,-0.374951144,49.205566
-118.669527,48.642446,1086.545086,14.623826,149.57,0.35,1.147601982,8.839734
-118.688704,46.507412,2100.558542,29652.02837,581.48,26.09,4.375435973,53.687315
-119.715503,46.810809,16102.15349,7884.193003,781.16,12.55,3.835979732,75.12628
-123.581355,47.183797,7980.867686,8240.976231,683.21,14.64,0.153372607,116.862628
-122.665818,48.292156,10577.54908,23439.4934,1044.71,74.73,-9.606853805,127.446407
-122.877521,47.847812,4852.066247,2903.339842,302.32,4.9,-1.309092997,25.535282
-122.344732,47.527438,81042.43632,2730656.318,19785.07,2548.13,-146.0642991,1875.299688
-122.621678,47.58167,77006.30391,114975.2875,2625.28,158.66,-19.27197911,351.71277
-120.229482,46.86208,3508.592654,6184.820686,391.31,8.1,-1.686542477,23.931277
-121.130315,45.774283,1206.603312,57.7587,150.77,2.4,0.191359594,10.401833
-121.687599,46.566889,15187.04728,13448.68808,996.7,13.08,0.440177274,100.095834
-118.699834,47.717913,5087.84618,966.079481,197.47,2.84,-1.834609696,28.081249
-123.282266,47.264931,23253.16518,4506.651418,624.47,15.47,0.291154008,130.575993
-119.842079,48.199714,4833.917825,673.60616,493.78,4.37,1.464642159,47.339393
-123.645095,46.742491,6378.640633,1541.780822,348.46,2.36,-0.109205712,17.562574
-117.291935,48.409569,9495.88702,158.139838,248.05,1.51,-0.515589608,39.451004
-122.134028,47.156365,185498.3828,566266.6459,8567.05,1145.71,-28.67422551,1159.377343
-122.876445,48.509962,2578.912527,717.04784,156.48,2.74,-1.763565913,7.107768
-122.339101,48.41671,26260.31317,40331.214,1467.1,24.25,-6.614403169,221.866093
-121.914325,46.0877,3676.391934,206.7249,197.45,1.33,-0.781893761,4.659768
-122.213004,48.006457,113591.0944,539462.0731,7420.84,421.93,-50.12920038,979.73772
-117.250624,47.64975,73193.23915,324919.6663,5288.43,178.93,-4.62166217,697.118468
-117.673964,48.559203,11394.37892,2895.30694,559.38,5.67,-0.483907354,58.025728
-122.769569,46.990752,40856.64102,88830.44704,2499.15,144.01,-8.525598032,420.654687
-118.586734,46.32819,5376.864887,26775.93386,558.9,11.88,-0.871216828,26.836521
-121.4962,48.818581,20353.14078,67685.24587,1659.91,33.17,-7.950818001,96.014906
-117.213598,47.00504,1432.169899,19182.88899,489.08,18.12,-0.824415574,38.493799
-120.776008,46.676522,25229.38671,102546.2836,2237.58,51.49,22.7171615,221.329223
-80.100287,39.1103,520.9566,439.97871,203.91,3.79,0.109919149,1.437034
-77.996281,39.53097,8887.920678,13957.14269,714.27,116.68,-1.22616833,31.003451
-81.899639,38.054386,1200.924768,570.25099,308.23,7.73,3.42652495,0.955222
-80.739834,38.595111,275.7544225,84.55884,149.25,2.26,1.708205828,0.409601
-80.551332,40.229024,1481.294144,2691.7178,303.41,10.51,-1.447550549,11.514919
-82.430439,38.41314,10975.4691,85231.8648,1476.47,193.12,8.219456927,12.896345
-81.058304,38.452167,0,77.24248,149.95,0.03,1.367302706,0.429241
-80.659175,39.268428,737.3274636,57.98512,89.11,3.35,-0.579975098,0.535564
-81.161635,37.893406,8606.387791,3438.55978,550.77,50.01,2.428033477,1.854839
-80.858514,38.922256,0,115.52785,86.04,23.22,0.520205759,0.287049
-79.211832,39.195897,230.6544906,108.09622,149.04,4.48,1.009430234,0.436284
-80.433987,37.739612,1448.133462,520.60308,359.18,18.55,-0.268011876,1.048968
-78.543586,39.203104,1927.880214,187.98273,247.98,4.83,0.113024321,1.484894
-80.591324,40.426274,1234.942592,6420.9729,412.82,16.66,0.963181131,31.474082
-78.989457,38.91748,594.5496651,75.75627,146.31,16.93,0.423486207,0.860568
-80.29846,39.392631,7668.845327,14845.6676,1118.12,33.24,-1.566272292,11.415673
-81.628711,38.713402,2098.448402,725.52095,303.83,2.45,-0.711471875,1.302536
-77.768684,39.281812,6991.349473,10337.68007,757.46,98.97,-2.463819553,75.653395
-81.623964,38.34122,34865.6595,83849.48977,2756.92,510.93,6.075389969,58.698072
-80.47436,38.917021,1493.681934,934.87828,249.59,0.94,0.373874726,1.691245
-82.062341,38.139833,0,262.81599,251.1,0.68,1.540738141,1.936324
-81.893041,37.723948,4016.405989,930.26285,457.74,20.71,4.832093667,1.375567
-81.449808,37.336791,332.8340322,94.39237,98.42,2.79,1.423176275,0.103822
-80.167033,39.473986,2462.107426,14348.01824,874.46,59.87,-2.729625336,4.274461
-80.604392,39.843464,3294.368801,6638.03088,459.95,10.84,-1.941666267,17.997779
-82.141182,38.764906,3463.327033,801.277,309.29,2.68,-0.358547529,2.151464
-81.149517,37.499979,6475.111579,8557.23441,734.47,84.88,3.901511426,3.493257
-79.133255,39.387539,794.3995926,1399.6409,302.35,14.23,0.104511045,0.778072
-82.1171,37.659066,54.796665,710.27911,358.3,16.69,5.692849161,0.839592
-79.950345,39.633668,8429.197226,72620.65447,1151.64,86.22,-2.504311606,12.281565
-80.62045,37.578164,1001.660506,109.41779,149.75,3.23,0.27353711,0.532379
-78.250305,39.501153,2525.9176,474.13158,200.69,6.53,-0.284673735,2.130232
-80.773587,38.426666,6362.602012,318.48771,356.19,4.12,1.278376992,1.900759
-80.732536,40.078048,0,29407.43873,927.07,115.61,1.731190283,81.917677
-81.247519,39.338413,0,122.45255,90.87,0.6,0.042589261,0.396215
-79.826683,38.545688,0,15.469139,90.5,0.98,-0.162948482,0.312915
-79.654977,39.647537,3025.326664,606.04151,396.89,26.31,0.258760476,1.940814
-81.977565,38.44838,9294.451184,7405.00842,504.08,16.92,-2.846357025,13.406182
-81.21911,37.626407,17994.55362,11751.61256,851.36,141.94,2.62626694,5.40992
-80.066984,38.785825,3878.624951,3259.336379,301.37,11.78,0.121961799,0.850629
-80.967878,39.265024,0,78.42499,151.2,0.71,-0.136067549,0.396647
-81.434315,38.685321,1577.42206,320.70209,204.76,0.23,1.05767229,0.332447
-80.884664,37.663337,1485.329994,2063.04092,216.98,18.24,1.205527315,0.181146
-80.099376,39.285188,0,380.93221,197.26,5.18,0.560607581,1.060188
-79.453177,39.072912,0,40.04709,49.69,0.98,-0.292289331,0.401551
-80.844584,39.417551,450.2527696,206.4721,99.42,0.93,-0.213740321,0.571256
-80.147515,38.895909,1336.813654,4109.50561,301.62,14.59,0.698874879,1.220241
-82.359347,37.984044,751.7512387,8199.95133,564.2,12.17,3.28141749,3.329214
-80.461549,38.56567,0,28.2293,99.81,0.09,1.291836569,0.14589
-80.613004,39.547237,1068.447484,777.67458,258.38,4.41,0.072007548,3.699634
-81.426246,39.000284,1007.122081,51.24828,99.13,0.95,-0.288135415,0.324215
-81.545543,39.263987,9961.905151,42558.97161,1351.28,33.77,-1.240177852,7.124889
-81.368508,37.536526,3105.122162,248.59346,253.16,6.43,1.307173179,0.545063
-89.75326,44.202219,10273.67529,235.17603,327.31,15.98,-1.034012317,4.405815
-90.644389,46.890825,1709.344658,2020.377664,296.6,4.55,-0.401694673,26.110378
-91.640568,45.465683,3607.168869,1783.17451,501.2,14.16,-3.683610672,30.412744
-90.939752,46.852058,4045.933595,64.408131,245.67,4.84,-2.278138283,32.797769
-87.958379,44.510558,17305.94003,132986.7355,2678.65,164.07,-16.46226293,194.467151
-91.654401,44.205051,795.422656,295.15146,196.94,3.48,-2.219858977,3.717571
-92.19702,46.007131,12584.43782,120.08661,291.07,2.99,-1.834379527,34.366892
-88.10354,44.19746,2426.419292,16284.76189,549.13,10.2,-6.918123559,20.235579
-91.09904,44.913326,5084.052443,4868.47162,531.91,16.46,-5.416584502,13.711501
-90.737387,44.814419,2330.445249,371.34907,395.31,3.67,-2.385064166,6.492517
-89.041668,43.322178,5228.624003,2214.37439,586.31,14.41,-4.901665934,9.035647
-90.881443,43.183172,4729.384544,2774.35324,287.1,9.44,-2.793138736,7.934152
-89.324415,43.111274,14826.58782,547143.4946,5279.14,573.69,-56.91232229,95.439081
-88.459373,43.562583,4424.201821,22115.0431,932.28,41.18,-7.840225089,14.662973
-87.614452,44.771517,3605.634482,1232.95468,455.14,6.02,-5.600313507,9.21702
-92.090026,46.713401,5921.855951,16772.7073,594.89,23.36,-2.466836663,43.373551
-91.87678,45.128904,2491.903759,2644.32502,397.93,4.72,-3.371292305,9.056414
-91.518744,44.807228,4408.30854,40649.2219,1010.07,26.74,-7.941344621,20.811704
-88.34173,43.79773,4050.380888,40112.28388,1012.81,29.89,-8.412637917,16.150062
-88.835788,45.816819,3613.305882,55.976599,149.6,2.97,0.360207517,22.019919
-90.633512,42.708541,3972.195829,2500.19133,583.07,16.57,-6.114561901,26.773234
-89.487727,42.787229,1666.242892,2505.44235,403.19,4.45,-3.983436588,7.592763
-88.966801,43.976821,1692.432633,1032.55629,249.26,2.84,-2.112323908,3.704082
-90.011302,43.093424,1708.699112,342.13551,300.48,5.62,-3.491568424,12.459018
-90.369063,46.366072,3755.722023,209.109425,147.6,0.34,-0.477906834,12.225977
-91.053832,44.456977,4767.289689,493.872924,231.77,10.53,-1.261399311,21.556848
-88.717412,43.19187,6311.104352,14462.14921,998.51,15,-9.17032022,19.940738
-90.143345,44.135484,5170.160869,759.42505,329.57,14.11,-1.819572403,2.892749
-87.821922,42.570843,8723.416461,124619.4349,1767.12,294.17,-0.057511703,18.589435
-87.655053,44.545077,1191.508814,1152.69715,196.2,2.57,-2.471669371,6.084843
-91.218509,43.772297,3296.360015,58078.92635,1272.14,42.04,-11.7786704,20.640637
-90.177633,42.747832,2774.255975,146.92567,246.52,2.9,-2.256110831,8.578268
-89.137242,45.144102,4774.728266,1733.186198,296.76,5.81,-1.433577321,9.844937
-89.697057,45.185082,3950.79899,4599.374413,498.35,6.08,-3.958335601,12.054239
-87.707193,44.073097,4696.589054,22718.62712,955.97,22.98,-9.461098609,21.571672
-89.65636,44.951877,6343.709203,30970.56531,1342.52,17.15,-10.87408677,26.373445
-87.699765,45.02641,6382.340276,3358.994761,599.62,8.57,-3.727222956,24.629498
-89.378559,43.939056,2910.984124,180.39911,244.09,3.28,-1.187716579,3.45503
-88.71337,45.013013,758.3162443,8.881663,48.79,0.2,0.297085755,6.270244
-87.91123,43.074252,6307.752137,2332021.503,15209.16,9007.02,91.90466612,86.664083
-90.798436,43.816846,2644.08125,2793.53302,443.38,15.59,-3.661867408,8.146939
-88.143207,44.748134,4135.96778,518.01553,488.55,3.96,-4.39604456,29.812313
-89.515192,45.604248,7303.196108,2291.223656,647.09,7.77,-8.347873849,31.056479
-88.405615,44.289473,6780.753792,102087.574,1994.81,73.58,-20.28906203,82.125933
-87.85854,43.500384,2346.589993,21607.7851,911.91,23.96,-12.8471621,9.505771
-91.808307,44.638096,985.6512694,66.45329,98.28,0.57,-1.005703621,1.771003
-92.545444,44.655322,2558.743403,4911.14037,405.31,4.01,-4.936712936,5.542717
-92.35508,45.263228,6688.817869,620.10506,493.61,4.91,-4.63337304,27.272528
-89.582236,44.522102,3734.387895,17069.20005,690.93,11.38,-3.604746871,9.907335
-90.31048,45.862502,3413.336301,201.994167,245.63,1.5,-2.324920882,8.661861
-87.846914,42.681689,6632.05472,128001.0759,2188.32,513.75,-2.657001516,17.732479
-90.435371,43.383467,1400.424048,657.28827,249.61,5.18,-1.661899239,1.674648
-89.048048,42.501898,8826.347776,79969.67938,1932.25,187.63,-2.146000178,36.044733
-91.300586,45.368469,1793.064197,556.798596,150.48,2.35,-1.057424829,3.359509
-92.714586,44.906679,4712.076062,7692.3031,699.12,9.69,-9.7749092,17.353806
-89.787926,43.475002,7619.801883,3392.70815,649.13,9.66,-4.902093657,6.940158
-91.299206,45.893412,5365.79497,220.612651,244.77,2.04,-0.65961772,52.607151
-88.571618,44.770939,9360.174831,2759.30429,551.06,3.67,-5.027610478,26.0766
-87.708907,43.753479,7947.627002,53293.93152,1283.52,56.76,-13.84527029,21.673916
-90.377355,45.075934,2688.698624,886.579273,294.58,1.27,-1.621334075,3.591241
-91.442185,44.078767,2747.407226,294.57799,346.03,2.87,-3.39509427,7.327209
-91.026633,43.626681,1918.320872,453.52671,298.53,1.54,-2.661865771,4.956361
-89.147434,46.04413,3458.144036,206.407608,244.55,2.33,-1.111077437,38.609218
-88.642948,42.718112,3827.982708,16328.48664,1104.92,21.26,-7.407723992,13.014939
-91.778363,45.746587,5417.21162,111.200677,250.1,2.76,-2.253553422,17.724368
-88.193216,43.412596,5804.203468,32987.69196,1415.74,35.47,-17.9887166,16.531978
-88.159505,42.998356,9577.058178,133258.7347,4367.15,145.62,-60.12058691,44.02543
-88.761707,44.636794,10427.90205,2359.53139,581.82,7.12,-4.197193587,15.154104
-89.148742,44.13967,5838.168965,310.61015,333.9,8.07,-1.192192459,4.337836
-88.553446,44.03588,5293.770793,118971.2994,2037.76,89.24,-16.87244846,51.478912
-90.160187,44.642972,3796.253782,11586.26745,811.19,12.48,-4.341993999,11.908494
-105.634127,41.315115,1301.23386,21908.37441,484.82,10.08,-3.327861486,15.739889
-108.09777,44.589949,679.2023433,15.274586,146.01,1.18,-0.57762559,9.343589
-105.549107,44.646027,3172.260576,4302.022075,343,2.73,-3.1380821,45.00453
-106.461529,41.96589,1015.582325,802.539606,229.81,5.59,-2.194362841,11.55135
-105.508576,42.975543,603.2472676,612.41025,193.16,0,-1.398615736,13.670773
-104.670274,44.654355,746.7772822,9.011659,100.3,0.22,-1.318186949,5.960793
-109.679917,43.602169,5130.868093,4668.734825,497.54,5.92,-1.625109178,85.695568
-104.337143,42.368736,1946.025812,397.629521,196.13,1.51,-0.997682455,11.075394
-108.442387,43.71903,856.3741466,1323.167569,99.81,0,-1.050846127,6.020567
-106.583791,44.036932,817.9250664,232.388727,96.09,0.87,-1.064037637,6.99935
-104.81422,41.078913,8391.874558,37105.57322,979.86,49.51,-6.081150386,54.06705
-110.787543,42.762795,1809.287321,149.066396,196.34,0.21,-2.059672011,7.091927
-106.338274,43.212147,6079.767386,36658.57386,890.94,20.95,-5.549636662,77.258449
-108.787855,44.746428,1402.426558,3288.393707,255.98,3.1,-2.882493467,18.885712
-104.948459,42.399591,740.3893016,10.350382,96.16,0.06,-0.984759453,5.733769
-106.557456,44.760577,1034.692564,7627.451052,300.87,2.25,-3.397007857,18.265575
-109.663764,42.882426,1594.832874,11.915845,86.18,0,-1.106178027,3.173655
-109.45616,41.497414,3312.91281,9769.599238,585.33,12.65,-2.585571696,115.877402
-110.581877,43.950573,0,514.574315,188.81,4.67,-3.296467194,5.077636
-110.803057,41.273178,978.7607772,138.639675,147.91,0.31,-0.921297939,23.151708
-107.956376,44.014373,545.2456566,3647.46508,148.42,0.1,-1.361517691,8.160175
-104.254371,43.859068,145.2459134,91.751882,94.07,0.49,-0.764795553,6.846694
