X,Y,Rate_per_100000,Walkability,PopulationFemale,NoHealthInsurance,X.Black
-86.443581,32.472082,222.5,64.222222,617.33,91.45,262.88
-87.78623,31.112755,172.7,202.766667,1584.13,282.13,293.94
-85.572544,31.800161,499,47.666667,439.82,103.5,433.89
-87.009323,32.961403,204.1,18.805556,186.9,48.14,68.97
-86.635686,34.032785,72.3,41.625,454.95,101.41,13.17
-85.825803,32.068123,570.5,11.277778,140.31,34.15,226.62
-86.588424,31.903303,395.2,38.694444,377.16,54.58,283.23
-85.873202,33.64412,274.8,175.122222,1465.66,299.22,770.97
-85.197184,32.847257,407.1,43.644444,417.81,79.97,298.94
-85.569484,34.355408,122.7,25.708333,304.8,52.55,30.09
-86.738255,32.772464,138.5,42.002778,461.46,112.67,83.38
-88.212506,32.066324,230.4,14.558333,207.97,40.9,173.57
-87.699686,31.634827,188.9,27.419444,264.51,49.14,214.48
-85.877103,33.304726,176.5,15.319444,206.35,43.25,56.78
-85.562208,33.692621,103.6,17.944444,203.22,49.9,10.78
-86.028552,31.253286,175.8,76.188889,713.94,154.77,204.5
-87.63981,34.747097,119.4,93.486111,730,106.67,244.55
-86.800952,31.38495,272.5,22.444444,253.87,64.32,225.3
-86.335788,33.002011,190.7,10.263889,147.86,23.93,100.14
-86.404756,31.438935,153.6,74,723.14,164.16,205.74
-86.226238,31.726809,172.3,28.305556,308.9,55.87,145.18
-86.864139,34.187442,92.6,88.4,910.46,195.92,23.48
-85.636959,31.445272,326.6,71.55,716.63,158.31,281.66
-87.033485,32.564382,453.9,84.819444,753.58,148.41,986.24
-85.637516,34.456554,102.6,71.797222,705.45,195.39,22.16
-85.979538,32.516028,269.2,79.138889,782.43,115.03,327.36
-86.89051,31.115195,264.3,53.580556,449.6,130.74,313.81
-85.967496,34.001389,217.5,185.963889,1557.94,385.81,633.73
-87.636713,33.808525,101.2,19.227778,256.04,39.53,49.59
-88.072658,34.521142,81,40.902778,446.61,109.42,34.38
-86.08719,31.088301,175.1,26.688889,306.08,74.36,52.42
-87.938855,32.688042,437.5,9.788889,159.93,38.18,241.74
-87.701022,32.864468,499.6,24.766667,311.03,48.58,338.77
-85.255158,31.566294,258.4,23.166667,311.41,58.26,164.56
-85.419304,31.220099,397.3,150.044444,1145.21,245.72,732.31
-86.218177,34.867007,88.2,51.825,563.01,107.49,35.35
-86.857717,33.512429,672.8,1582.523016,8596.2,1696.67,8056.1
-88.096943,33.946116,110.7,13.946429,153.01,31.76,31.88
-87.681804,34.829955,118.4,137.186111,1145.56,225.61,306.42
-87.41755,34.567622,86.2,32.336111,470.26,79.07,126.67
-85.515268,32.596024,224.2,173.027778,1363.15,209.83,664.42
-86.982912,34.78542,133.7,89.236111,810.73,161.48,225.19
-86.719898,32.270648,613.6,12.097222,154.77,25.73,214.22
-85.624798,32.302491,612.5,55.611111,642.03,97.31,1031.34
-86.69641,34.960651,259.9,608.161111,3756.73,694.19,2099.12
-87.94483,32.08018,169.8,29.15,305.39,49.92,322.54
-87.949791,34.196722,137.3,34.463889,352.79,64.61,22.64
-86.226351,34.280137,159.1,104.316667,916.04,221.49,50.16
-88.143755,30.643455,554.5,763.361111,5634.66,1296.07,4716.54
-87.413893,31.716986,192.3,26.555556,361.04,86.18,344.71
-86.228474,32.372142,789.9,715.701984,3330.01,646.7,3772.49
-87.008751,34.59699,140.7,167.452778,1361.82,268.48,402.13
-87.13947,32.685264,366.8,10.375,164.39,32.43,205.6
-88.10342,33.142607,307.8,21.283333,255.81,45.13,183.93
-85.996562,31.782457,414.5,39.561111,412.5,75.12,289.63
-85.527882,33.426217,82.7,27.513889,305.32,55.74,115.13
-85.006312,32.474319,412.2,82.652778,678.46,156.86,581.11
-86.200866,33.751917,156.6,71.819444,652.14,116.46,114.97
-86.793157,33.358377,181.2,301,2424.09,325.48,574.27
-88.247798,32.850612,404.5,15.483333,214.61,48.76,270.93
-86.181643,33.301196,249.7,119.480556,1140.87,214.04,772.83
-85.649304,32.77661,212.1,48.738889,518.4,80.7,301.59
-87.327522,33.324315,291.7,322.458333,2432.21,374.2,1655.11
-87.304314,33.952927,147.5,92.611111,918.16,220.21,117.22
-88.053624,31.417921,101.1,19.166667,252.37,49.39,113.45
-87.41633,32.14173,264.8,9.516667,102.5,22.99,140.28
-87.385555,34.132591,44.2,33.247222,356.5,82.17,4.08
-109.184475,35.416491,187.1,38.805556,347.4,117.95,6.61
-110.24907,31.546888,193.9,183.205556,1488.23,241.46,118.8
-111.01837,35.714053,142.6,217.225794,1194.61,254.54,25.3
-111.525429,34.343019,101.3,74.738889,653.93,126.58,8.97
-109.947699,33.275953,92.3,47.888889,359.28,40.25,18.44
-109.346176,32.978057,92.3,4.111111,43.44,3.96,3.36
-114.013445,34.1987,117.1,32.666667,290.3,69.09,6.17
-112.155854,33.54579,312.8,10190.58413,45574.54,9564.95,4860.32
-114.623754,35.103767,140.3,300.922222,2075.13,382.69,49.42
-110.32226,35.760414,149.5,130.361111,1076.15,249.84,25.09
-110.949372,32.26412,295.1,2328.261508,11559.76,2059.3,741.8
-111.554658,33.234506,262.9,444.619444,3664.6,672.68,279.84
-110.643677,31.56525,152.9,57.922222,521.64,106.3,11.23
-112.366388,34.826834,132.6,294.333333,2143.2,412.41,27.73
-114.594268,32.680498,163.2,458.263889,2220.16,529.77,106.99
-91.21635,34.349886,260.8,30.305556,265.63,27.37,140.57
-91.914274,33.299483,138.6,33.586111,358.44,53.34,183.23
-92.3816,36.308297,106.1,55.027778,465.6,45.9,1.32
-94.195692,36.346352,120,327.538889,2464.84,455.4,71.54
-92.977134,36.372565,76.1,45.152778,355.75,47.88,2.29
-92.140199,33.644146,134.8,27.055556,263.93,56.73,146.21
-92.407057,33.542677,179.7,8.833333,99.41,18.56,43.61
-93.469359,36.238533,229.5,26.786111,255.45,57.45,5.09
-91.299499,33.286022,337.3,23.722222,203.9,37,225.98
-93.30935,34.133292,150.4,32.758333,266.44,43.47,121.01
-90.387595,36.37404,73.1,30.027778,302.37,38.99,3.88
-91.998781,35.510075,110.2,37.483333,352.68,55.43,2.39
-92.155977,33.815391,132.7,6.916667,101.08,11.22,24.96
-93.247109,33.255511,170.4,29.944444,257.54,35.97,185.77
-92.875065,35.111303,154.4,29.805556,306.53,40.17,61.85
-90.681947,35.844015,180.8,118.057143,873.28,151.71,251.09
-94.344003,35.451495,108.6,64.222222,559.13,91.89,20.07
-90.154121,35.14182,557.3,146.561111,932.18,151.91,877.71
-90.765079,35.229859,250.2,32.494444,308.7,48.19,114.04
-91.161473,33.866174,192.4,18.680556,158.49,18.05,183.53
-91.882993,33.586464,157.6,24.25,259.8,27.63,148.37
-92.218844,35.242036,158.5,161.083333,1280.84,219.52,308.56
-93.878696,35.624244,86.8,15.344444,150.73,16.37,3.15
-91.962564,36.377212,131,8.083333,99.67,23.43,0.83
-93.047366,34.416188,247.1,149.105556,1046.87,228.27,212.54
-92.567293,34.296421,135.8,14.933333,201.28,18.21,9.57
-90.49534,36.173074,98.6,50.041667,460.94,66.29,16.71
-93.620451,33.854582,142.6,28.472222,261.72,44.21,154.46
-93.210482,34.331756,217.2,39.686111,338.76,54.07,97.39
-93.925394,33.877461,158.6,17.166667,156.14,26.1,60.69
-91.582858,35.597624,147,45.55,410.42,68.51,15.83
-91.92754,36.139118,151.4,20.611111,191.8,25.41,6.7
-91.173693,35.780776,271.4,25.811111,246.42,39.19,56.25
-92.053554,34.243662,506.5,154.288889,1199.49,164.73,1481.09
-93.628447,35.475367,54.7,32.166667,304.09,64.09,10.84
-93.625262,33.170435,138.2,9.677778,98.03,16.65,69.85
-91.027145,35.959132,79.4,31.669444,300.69,43.63,6.46
-90.625602,34.785605,530.8,15.433333,170.76,28.2,196.86
-91.710579,33.909868,338.8,17.361111,182.27,26.5,86.09
-94.006129,33.639257,154,16.347222,208.9,23.75,89.17
-93.476388,35.284267,76.4,28.638889,303.6,40,8.29
-91.747476,34.736278,119.2,87.138889,808.55,123.87,135.77
-93.751926,36.208572,94.2,17.5,203.29,38.84,1.34
-92.584648,36.281656,131.4,18.111111,207.52,22.63,2.46
-94.036511,33.438051,330.5,78.773611,565.15,106.58,344.58
-89.879022,35.941338,250.8,73.455556,616.15,97.82,436.6
-91.141523,34.603114,336.5,15.972222,160.52,26.28,122.62
-93.505557,34.602279,76.1,12.722222,149.63,28.63,0.93
-93.258631,33.677803,173.9,12.111111,146.25,27.21,103.66
-92.750669,33.709307,249.7,34.005556,314.9,43.66,258.84
-92.855125,34.950385,113.7,12.791667,151.33,15.29,2.23
-90.866142,34.318367,353.2,37.55,322.31,47.76,396.64
-93.604327,34.038356,77,15.944444,152.58,27.8,9.45
-90.500527,35.671795,97.4,37.683333,362.37,85.93,36.71
-94.070632,34.562555,83.3,30.75,308.41,62.57,2.6
-93.151669,35.271973,100.7,67.458333,559.82,91.82,29.78
-91.613731,34.737211,188.8,16.513889,149.84,24.63,40.36
-92.364291,34.73404,606.7,978.640079,4846.52,777.23,3791.01
-90.87292,36.328468,93.1,20.388889,201.69,28.39,4.85
-90.987431,35.010401,264.6,31.277778,285.31,50.02,304.21
-92.371064,34.603949,121.8,118.794444,1069.99,120.16,125.3
-94.13018,34.928714,93.8,12.402778,146.46,26.97,0.86
-94.387828,35.380201,195.5,193.966667,1322.68,276.57,185.32
-94.377488,33.996328,89.1,20.361111,197.77,63.46,20.04
-91.498776,36.187518,67.5,19.289683,204.83,27.43,3.21
-92.257844,35.884142,91.7,10.075,100.65,14.72,0.15
-92.856332,33.187868,340.3,62.883333,516.68,81.05,358.69
-92.655564,35.548922,83.8,12.597222,150.3,33.24,2.24
-94.149375,36.199696,178.7,247.722222,1602.35,366.08,107.06
-91.97463,35.159043,114.1,76.230556,668.76,109.87,55.67
-91.178595,35.142663,257.6,10.138889,108.35,11.92,60.69
-93.441435,35.03958,152.5,29.763889,301.01,45.61,16.54
-121.9615,37.527844,428.6,5080.027778,18242.41,1595.17,4146.48
-120.255331,38.54225,519.6,58.872222,423.91,47.42,18.13
-121.504539,39.388784,132.6,356.558333,2580.96,313.98,77.57
-120.473364,38.1289,118,67.597222,496.67,39.4,6.42
-122.283172,39.106677,103.7,22.552778,193.66,38.11,6.57
-122.322348,37.939848,274.9,2336.473413,10616.07,1059.35,1712.86
-124.023062,41.58293,143.7,71.375,336.29,46.65,20.03
-120.248502,38.725681,128.8,336.752778,2046.56,212.26,32.89
-119.793375,36.74307,259.2,2149.116667,9628.3,1570.37,965
-122.209926,39.521392,95.7,35.128968,289.58,50.47,7
-123.757369,40.684624,188.3,299.869444,1446.18,258.2,31
-115.486684,32.668693,252.1,230.547222,1335.16,209.96,65.64
-117.117631,36.251518,150.4,33.291667,242.81,26.56,3.62
-119.06781,35.34494,250.5,1499.34881,7266.77,1142.08,769.4
-119.930133,36.312528,156.8,254.624603,1221.5,192.86,119.44
-122.770803,38.871682,264,144.305555,749.7,107.8,34.54
-120.97024,40.512563,111.9,71.611111,378.38,45.98,48.1
-117.9617,34.095832,586.6,31063.0537,116416.67,22373.51,18390.99
-120.054123,36.936176,146.4,189.194444,1184.55,193.16,56.64
-122.543541,38.100942,357.9,643.325,2805.15,179.33,106.22
-120.085692,37.369645,151.8,23.013889,255.88,26.97,5.61
-123.293023,39.104122,223.8,154.149603,858.08,156.78,13.87
-120.572253,37.201602,142.9,506.916667,2365.72,405.16,164.81
-118.58016,37.703931,71.2,26.689815,140.73,37.76,2.21
-121.843261,36.601554,213.8,1071.111111,4427.02,799.5,193.27
-122.195581,38.411828,222.7,311.194444,1897.52,218.01,66.47
-120.880001,39.23833,140,148.777778,1009.1,129.96,11
-117.910676,33.720791,259.8,7649.965741,29436.68,4166.27,1021.17
-121.270448,38.733183,108.1,846.880556,4143.98,358.91,124.87
-120.934198,39.9351,113.8,48.569444,297.58,21.71,2.96
-116.726737,33.605468,462.8,4744.319444,22475.43,4014.24,2702.44
-121.51824,38.672587,342.4,3904.966667,16212.04,1719.77,2917.3
-121.373806,36.830339,101,112.916667,546.86,81.23,9.76
-117.392148,34.088632,267.2,3983.871825,18464.04,3132.83,2729
-117.221086,32.95124,471.1,7500.286905,31085.52,4933.5,3051.04
-122.418413,37.751822,1519.6,3094.00119,9455.13,715.46,1123.58
-121.31487,38.024447,222.3,1499.866667,6870.97,956.78,955.26
-120.833064,35.32709,154.3,551.683333,2567.28,309.54,106.65
-122.371202,37.594294,258.3,1595.452778,7895.24,596.24,331.22
-120.427651,34.872224,154.7,893.711243,4322.32,804.68,167.79
-121.814483,37.266089,208.8,5020.896032,18396.99,1575.75,904.17
-121.754323,36.927244,206.9,600.628175,2619.22,248.16,51.27
-122.359057,40.99514,137.7,426.597222,2379.31,308.57,56.69
-123.038575,41.350213,160.4,91.819444,553.13,66.16,11.2
-122.213912,38.093212,335.2,1147.2,4786.67,454.56,1326.48
-123.33853,38.613511,332.5,1073.136111,5021.63,562.61,150.98
-120.856397,37.525674,184.4,1149.305556,4749.85,560.63,282.78
-121.612708,39.135321,142.7,218.886111,1053.3,166.24,39.78
-122.634508,40.062176,88.6,86.027778,546.62,67.98,8.68
-122.738,40.850639,147.6,19.888889,149.85,30.39,1.76
-119.304778,36.319847,134.7,572.616667,3803.53,629.21,125.84
-120.426131,37.931562,108.8,64.119444,502.95,51.57,9.52
-119.202478,34.268255,155.5,1970.880556,8595,1441,319.34
-121.721574,38.555812,161.5,536.405556,2113.66,195.05,104.35
-121.542398,39.120708,153.3,133.978968,680.29,101.87,45.11
-104.903956,39.843596,288.5,1147.847222,4769.58,1010.96,306.52
-105.929608,37.456129,210.2,26.083333,200.27,45.98,3.58
-104.870617,39.69109,288,1803.525,7420.26,1100.3,1412.96
-107.237667,37.106767,131.3,22.555556,192.8,42.05,5.66
-105.253508,40.003901,166.4,839.827381,3363.97,315.87,62.8
-105.020423,39.949292,26.7,155.152778,747.12,66.16,20.73
-106.070361,38.870205,115.5,37.152778,232.06,50.19,8.02
-105.534468,39.675105,162.9,23.722222,149.1,31.53,4.59
-108.02503,38.903196,89.6,44.055556,345.63,61.29,8.58
-104.931402,39.756519,893,2070.586111,7145.72,1268.51,1240.97
-104.907598,39.547413,91.4,532.016667,3053.89,181.13,88.47
-106.753004,39.598209,140.6,108.861111,629.41,137.64,13.35
-104.634833,39.412559,126.3,33.166667,343.67,35.36,2.79
-104.804302,38.869788,165.2,1428.55,6395.27,981.17,801.26
-105.097919,38.359542,391.8,72.375,556.34,71.3,8.86
-108.470153,39.521786,144.3,95.152778,545.26,178.15,5.33
-105.887689,39.941368,107.3,23.680556,142.42,37.42,2.67
-106.715906,38.666019,64.7,34.9,181.65,31.53,3.33
-104.965969,37.685869,196.3,10.055556,101.23,18.97,1.04
-105.13683,39.631307,180.8,1502.933333,6853.78,742.86,163.06
-106.34589,39.201057,116.5,13,87.5,37.82,0.22
-107.587057,37.380059,114.1,67.763889,499.15,82.7,4.73
-105.088199,40.545424,100.1,751.491667,3598.46,463.86,70.49
-104.726497,37.313384,182.4,24.055556,184.86,29.31,4.93
-103.602277,39.346648,225.9,12.305556,79.48,16.24,13.26
-103.10449,40.91612,158.6,33.963889,222.59,47.48,5.45
-108.011728,39.211972,115.1,221.547222,1467.65,279.9,20.11
-108.231356,40.621687,111.3,22.811111,190.1,58.43,3.98
-108.708298,37.134065,111.9,36.440476,298.18,65.34,1.49
-108.232616,38.533617,74.2,56.283333,504.52,105.34,4.95
-103.838558,40.150631,106.6,50.55,395.81,73.37,25.13
-103.708703,38.085484,92.1,55.994444,358.9,71.06,4.22
-105.823293,39.186132,118.2,25.027778,228.71,41.9,1.33
-107.131646,39.234001,143,38.958333,198.52,42.55,2.79
-102.477956,37.921785,101.6,39.527778,245.17,57.13,2.74
-104.631036,38.237766,169,383.497222,2705.37,367.95,113.21
-106.367495,37.674064,105.2,19.916667,146.9,33.64,4.2
-107.170439,40.350144,120.2,52.388889,383.19,56.84,5.62
-106.2785,38.115999,187.6,12.166667,100.45,26.7,1.02
-107.980937,37.964225,69.3,28.5,189.6,34.66,0.05
-105.932549,39.609089,164.9,35.85,232.87,82.61,4.24
-105.058649,38.971104,75.7,33.888889,242.75,45.46,3.88
-104.76535,40.425321,89,553.294445,3722.44,609.83,87.65
-102.262485,40.01494,137.1,11.558333,100.49,17.82,2.02
-73.231048,41.238791,337.1,2183.058333,10739.22,1734.35,2487.29
-72.793953,41.663902,407.8,2359.349206,11324.63,950.34,3431.92
-73.20781,41.689792,149.2,376.958333,2566.24,205.34,101.9
-72.520378,41.313682,199,329.588889,1839.15,120.45,223.14
-72.831104,41.555823,451.4,2110.461111,9760.03,966.41,2606.69
-72.095636,41.34453,239.8,596.502778,3236.19,254.39,369.04
-72.452287,41.848206,105.7,195.525,1416.83,75.88,74.36
-71.818415,41.702473,187.1,164.727778,1252.65,107.48,47.92
-75.614496,39.260045,317.1,286.875,1654.38,221.77,833.44
-75.490511,39.805411,437.2,1513.313889,6670.43,658.28,3395.9
-75.083232,38.724934,341,418.958333,2745.11,317.63,545.28
-76.99503,38.949231,2310.2,2498.416667,9151.15,658.17,8470.08
-82.430792,29.645276,433.2,571.272222,2880.03,520.32,1164.05
-82.099362,30.32105,477.5,22.555556,191.98,39.88,51.42
-85.90355,30.238011,328.4,440.166667,2121.19,561.8,526.27
-82.205715,29.88391,303.2,21.177778,182,45.19,82.33
-80.629691,28.064231,316,1129.094444,5655.71,1156.87,1077.85
-80.272017,26.01573,1194.8,4442.572222,18368.66,5044.72,9603.93
-85.093768,30.374184,221.8,13.144444,141.66,47.08,25.75
-82.022461,27.002455,187.7,276.038889,1943.73,371.35,186.59
-82.462582,28.911717,179.5,181.933333,1388.78,281.85,68.83
-81.760781,30.12701,225.4,202.902778,1456.19,314.04,277.9
-81.808857,26.255681,289.5,533.308333,3741.83,1001.98,464.93
-82.664081,30.171714,541.1,73.763889,592.31,156.82,216.18
-81.856833,27.186329,405.6,50.672222,401.65,167.52,122.03
-83.121269,29.648746,292.7,13.494444,131.87,49.36,27.52
-81.46312,30.333946,779.3,1943.225,8921.7,2111.63,5488.68
-87.167559,30.419098,481.2,727.1,3572.72,759.3,1763.24
-81.198239,29.566564,226.8,136.208333,1043.34,252.84,178.84
-84.875945,29.887399,185.4,28.333333,178.74,72.86,55.53
-84.362609,30.636117,659,43.888889,471.99,127.77,504.49
-82.709828,29.644171,150.7,21.361111,237.38,79.52,30.82
-80.988145,26.919726,716.7,12.511111,130.83,69.39,34.93
-85.25204,30.063895,239.6,18.608333,129.83,31.1,53.79
-82.900172,30.51257,1199.2,14.8,143.06,41.57,93.56
-81.932947,27.426477,275.4,34.077778,281.05,65.98,35.43
-80.903721,26.8354,406.7,35.483333,277.87,155.9,63.29
-82.529659,28.522398,233.1,369.486111,2287.69,533.94,221.29
-81.503405,27.507061,272.5,152.672222,1227.56,267.56,273.2
-82.131313,28.002565,567.6,3139.935317,15871.38,3965.09,5314.48
-85.771839,30.863582,148.4,15.711111,185.12,71.09,23.56
-80.412095,27.630822,278.9,211.436905,1530,292.83,213.48
-85.083536,30.871287,1092.7,54.880556,510.63,120.62,312.43
-83.949585,30.327925,1023.9,16.236111,146.86,22.18,99.34
-83.162516,29.953613,178.9,9.083333,71.65,37.37,36.43
-81.673379,28.80453,330.3,402.880556,2917.07,630.24,585.68
-82.014845,26.623027,325.6,1538.884524,8447.54,2036.91,1319.69
-84.234423,30.442329,507.7,664.716667,3518.5,568.89,2260.59
-82.476551,29.444588,249,44.930556,465.08,129.95,82.64
-84.990853,30.280833,149.7,7.666667,85.54,28.43,21.71
-83.623325,30.450252,689.1,25.791667,243.55,64.56,172.34
-82.572741,27.416274,308.7,835.413889,4033.21,952.89,657.8
-82.209909,29.241343,340.3,454.333333,3139.08,758.09,817.3
-80.183443,27.153474,253.6,238.041667,1707.85,342.52,200.88
-80.156509,25.968687,1143.7,7048.076984,26012.6,8372.91,8445.54
-81.792774,24.55602,812.8,308.722222,1350.18,502.96,164.24
-81.669793,30.66458,181.2,75.130556,607.75,120.72,64.93
-86.625221,30.444242,258.7,324.258333,2031.01,504.52,379.75
-80.978912,27.516022,291.6,61.061111,519.09,174,90.64
-81.414532,28.458907,753.7,2299.972222,10457.39,2853.26,4465.47
-81.434336,28.314142,444.4,383.186111,2025.42,598,383.44
-80.077396,26.766914,617.3,3493.655556,16847.09,3981.05,5488.77
-82.752246,28.205908,259.6,1206.888889,6798.87,1636.55,670.56
-82.842537,27.902128,545.4,3109.544444,12619.15,2627.52,2474.81
-81.72582,27.953305,422.4,1193.569444,7712.44,1918.99,2307.44
-81.653723,29.669679,405,92.122222,809.45,252.43,276.01
-81.26183,29.801821,159.2,312.902778,2003.46,357.85,196.75
-80.332526,27.417331,613.3,317.022222,2188.7,617.63,886.29
-87.110906,30.37494,158.2,159.447222,1231.39,236.79,129.22
-82.479644,27.218358,254.2,1109.305556,4897.67,988.3,356.33
-81.340066,28.770304,319.2,845.422222,4454.9,868.58,1167.59
-82.211491,28.619137,205.5,100.902778,854.11,148.79,170.56
-83.0342,30.259093,412.3,36.916667,337.74,102.53,86.6
-83.78837,30.163859,775.9,23.083333,187.73,38.31,72.75
-82.385094,30.05605,2124.9,13.6,109.62,31.37,62.07
-81.012684,29.163422,375,1189.438889,5777.09,1352.85,1276.66
-84.529633,30.143035,364.8,21.333333,184.12,37.69,58.18
-85.989897,30.635767,134.7,64.827778,538.34,145.51,52.97
-85.765793,30.520344,675.9,33.277778,344.41,87.5,92.69
-82.270069,31.878009,225.1,23.541667,247.8,72.88,92.17
-83.024257,31.324919,296.6,10.25,98.38,46.27,37.97
-82.483683,31.485142,473.2,17.777778,151.41,63.23,40.83
-84.36011,31.343338,304.1,5,53.24,13.93,45.4
-83.139346,33.072776,329.7,53.447222,441.86,117.9,413.81
-83.588397,34.319869,104.8,20.75,199.47,62.3,10.52
-83.838488,34.00208,187.5,108.138889,918.4,277.32,212.39
-84.718526,34.183994,227.4,92.475,756.32,225.86,132.75
-83.234283,31.725941,101.7,26.758333,259.52,94.5,161.32
-83.288638,31.245272,309.2,24.444444,310.01,132.45,79.24
-83.653301,32.797737,958,331.45,2334.15,650.07,2572.3
-83.422462,32.414903,404.8,18.333333,162.15,28.68,90.6
-81.967085,31.199715,137.3,12.166667,153.03,43.96,11.07
-83.503932,30.936134,511.7,25.305556,259.02,91.06,183.72
-81.494803,32.03046,172.1,37.222222,303.14,71.54,96.84
-81.622451,32.259871,375,75.916667,612.44,169.57,367.02
-81.90765,33.172795,542.8,21.541667,312.25,80.55,261.25
-83.958117,33.289672,573.4,17.991667,139.5,32.57,88.7
-84.746447,31.531137,602.2,9.166667,78.25,33.13,121.07
-81.620006,30.919963,220.3,58.152778,474.92,119.59,173.83
-82.129357,32.355221,324.4,13.888889,152.13,67.06,72.68
-85.11931,33.589282,268.7,103.769444,869.54,212.17,322.17
-85.242621,34.92861,96.2,65.311111,565.57,125.36,24.71
-82.154378,30.913598,503.1,8.916667,85.89,36.2,38.12
-81.08607,32.044257,723.4,799.641667,3574.96,1046.69,3051.3
-84.939473,32.367272,122.2,21.305556,155.75,19.1,84.53
-85.308191,34.550037,253.7,28.133333,295.19,80.12,50.49
-84.494595,34.168298,185.6,182.711111,1316.87,285.31,172.95
-83.355772,33.954633,397.3,226.375,1548.02,399.98,802.05
-84.372822,33.584564,1014.9,435.625,2588.68,923.59,3358.06
-82.780176,31.068629,515.8,9.733333,98.18,38.95,72.09
-84.495749,33.855709,523.7,1064.469444,6172.38,1475.13,3135.8
-82.888781,31.544218,289,50.388889,445.34,161.59,245.68
-83.799407,31.164793,505.6,60.638889,506.29,211.77,256.71
-82.100587,33.500958,182.6,141.305556,1033.52,167.35,331.44
-83.379136,31.162165,507.6,23.011111,208.14,72.54,104.57
-84.706379,33.351773,226.1,118.086111,1022.56,187.58,320.48
-83.885928,32.73161,245.3,12.222222,146.05,43.26,76.33
-83.760972,31.943146,702.5,36.027778,301.09,91.38,253.56
-85.526405,34.77678,143.6,21.416667,205.6,48.99,3.19
-84.011803,34.372599,155.9,18.402778,150.58,36.24,3.1
-84.531934,30.8702,635,34.763889,365.14,131.33,273.92
-84.342339,33.954081,1405.1,1588.747222,7444.42,2021.88,6968.25
-83.201024,32.369536,470.2,24.844444,288.17,69.6,160.83
-83.926369,32.174792,513.3,9.916667,88.36,29.46,100.11
-84.163387,31.576601,1063.4,213.872222,1427.84,456.25,1876.92
-84.752947,33.718008,479.8,130.361111,1050.12,253.04,891.94
-84.887736,31.32101,274,21.972222,269.79,82.41,250.34
-82.847414,30.703963,157.2,7,109.3,43.78,5.32
-81.410128,32.480361,147.5,48.333333,506.09,90.14,134.54
-82.747021,34.038976,234.9,24.111111,260.08,67.71,148.58
-82.308171,32.660535,350.8,31.305556,305.29,111.8,185.67
-81.913685,32.221401,473.5,16.666667,148.79,51.63,84.68
-84.518134,34.923219,142.6,27.6,252.53,69.23,1.01
-84.578961,33.379942,233.5,133.055556,1025.23,139.33,437.94
-85.205753,34.27644,284.3,121.652778,1039.3,277.12,308.09
-84.1908,34.098965,83.2,292.611111,2260.3,416.28,152.96
-83.129994,34.413083,228.6,26.333333,254.14,72.97,45.28
-84.383006,33.784167,1733.9,2381.019444,10403.28,2246.25,9549.52
-84.328785,34.688592,157.4,24.444444,250.15,93.28,3.22
-81.470496,31.219015,465.1,112.522222,799.02,212.42,403.42
-84.997522,34.422155,132,51,454.6,139.41,32.19
-84.248116,31.030772,325.6,31.958333,307.66,109.79,161.15
-83.103617,33.452047,170.4,36.052778,349.77,107.96,244.23
-84.108243,33.907024,400.2,998.169444,5756.47,2047.11,3110.46
-83.60718,34.604891,169.5,50,422.15,122.79,23.43
-83.834592,34.310988,176.5,223.897222,1811.84,604.21,256.59
-82.944092,33.312792,460.8,5.266667,97.18,20.16,133.35
-85.183668,33.753834,133,25.319444,256.8,61.94,21.91
-84.976577,32.710571,149.7,21.238889,251.31,36.47,85.63
-82.938157,34.42145,169.4,24.583333,250.63,62.06,86.71
-85.155916,33.37864,140.6,10.444444,152.38,36.33,25.9
-84.253385,33.626408,479.1,164.805556,1307.19,265.13,1128.09
-83.611163,32.610761,324,159.275,1175.57,283.46,802.69
-83.209672,31.575069,890.2,8.194444,93.6,40.65,38.94
-83.689517,34.159771,169.9,60.222222,552.87,134.01,73.12
-83.611245,33.418219,218.4,11.333333,154.03,41.18,47.64
-82.726911,31.750077,64.9,12.358333,154.4,51.18,47.05
-82.427778,33.020095,398.3,20.822222,208.46,61.81,198.87
-81.936004,32.849435,427.1,6.388889,106.19,32.95,73.34
-82.8144,32.723882,248.7,9.958333,129.32,39.54,87.51
-83.664909,32.945233,107.3,24.5,311.73,59.06,142.3
-84.214997,33.036095,328.3,17.061111,154.17,37.77,91.41
-83.006223,31.032657,217.2,7.333333,102.91,28.66,35.51
-82.924525,32.546187,486.9,75.319444,685.5,147.82,504.16
-84.212243,31.73337,244.8,24.527778,252.83,54.31,110.44
-81.413903,31.708937,502.9,75.611111,670.68,147.63,584.91
-82.387583,33.736501,231.6,8.152778,106.14,25.05,63.45
-81.819632,31.796653,120.5,6.555556,100.67,27.22,49.34
-83.290137,30.852914,642.9,164.25,1216.86,372.26,873.56
-83.937753,34.633149,101.3,22.611111,205.45,47.15,9.04
-82.550163,33.480617,337.7,28.536111,269.57,59.27,184.33
-81.25583,31.515317,447.8,14.444444,148.82,44.94,104.93
-83.955317,32.312112,409.9,18.166667,190.98,67.99,237.38
-83.309348,34.069827,167.5,28.638889,304.17,86.52,55.73
-84.521952,32.435374,166.5,8.111111,104.29,21.25,62.85
-84.697547,33.023118,307.4,19.455556,205.83,52.29,168.65
-84.823151,31.146019,379.6,15.583333,155.94,47.6,91.66
-84.32413,31.134268,502.3,25.527778,247.76,87.86,238.21
-83.85633,33.100837,197.8,25.277778,249.1,62.01,119.72
-82.548009,32.173424,229.4,14.555556,151.41,41.1,58.29
-83.604539,33.609809,221.9,23.75,254.33,56.25,87.03
-84.695003,34.7285,117.5,31.208333,406.32,115.66,6.63
-84.969623,32.480453,699.2,403.444444,2703.26,729.88,2699.6
-83.869408,33.613691,429.8,78.805556,676.08,169.69,540.4
-83.391821,33.858036,72.4,35.652778,306.46,41.97,29.11
-82.95428,33.953992,138.7,15.083333,201.3,50.54,75.54
-84.744537,33.908161,160.7,114.491667,969.92,219.55,361.41
-83.86182,32.495698,572,34.458333,305.72,83.06,268.07
-84.515379,34.518365,99.3,32.402778,303.2,62.81,5.65
-82.106129,31.3754,142.9,18.541667,194.25,64.97,34.81
-84.438663,33.164295,87.3,19.083333,203.66,50.22,31.29
-85.345863,34.001733,208.7,39.586111,355.01,109.22,85.32
-83.514513,32.180282,235,15.833333,171.48,47.71,109.53
-83.430186,33.328136,163,24.93254,253.89,71.98,117.13
-83.520491,34.813371,144.9,30.152778,250.55,91.54,12.93
-84.681649,31.798877,722.9,8.7,105.07,26.83,111.59
-81.957697,33.465915,886.6,346.016667,2437.62,689.18,2655.41
-84.016724,33.564745,545.3,87.875,787.34,210.54,777.46
-84.308535,32.200534,158.6,8.75,100.3,29.83,48
-81.601903,32.899219,397,23.583333,255.8,67.98,205.18
-84.806061,30.927856,346.5,13,157.78,48.01,94.74
-84.174813,33.219149,392.3,76.822222,615.22,177.36,422.07
-83.332457,34.618423,229.2,34.058333,271.59,70.42,68.66
-84.695331,32.085984,1177.8,7.166667,76.03,32.49,109.44
-84.249919,31.992979,536.4,44.958333,368.53,92.23,339.8
-84.48789,32.701207,420.6,9.583333,154.58,44.56,170.98
-82.121889,32.23241,424.8,23.625,223.64,72.68,134.74
-84.290981,32.504556,475.9,12,155.88,51.8,97.74
-82.887829,31.8744,590.5,14.538889,140.9,32.11,97.88
-84.355617,31.686259,657,20.597222,211.07,62.27,212.53
-84.028928,30.963908,469.1,57.511111,580.23,170.09,383.2
-83.48947,31.439084,533.1,59.833333,464.05,155.38,224.98
-82.384811,32.189247,403,35.158333,316.85,108.03,142.31
-83.743559,34.872842,64.2,18.416667,158.69,35.61,4.3
-82.612531,32.370932,436.3,6.3,48.62,15.31,35.73
-85.040605,33.028956,303.6,87.041667,727.47,160.71,493.78
-83.70647,31.726576,708.7,9.475,103.71,28.59,73.14
-83.441433,32.596382,227,7.416667,101.7,18.88,87.2
-83.924418,34.873824,154.5,29.75,308.85,75.13,3.83
-84.438397,32.90361,317,32.988889,360.13,81.34,186.8
-85.347261,34.853083,197.6,65.572222,653.2,159.56,55.68
-83.892219,33.801118,315.3,85.083333,769.26,170.75,250.89
-82.360108,31.224913,590.8,63.183333,462.8,141.18,319.95
-82.720059,33.430554,445.1,8.611111,106.78,25.9,122.06
-82.652052,32.908862,267.8,26.361111,247.54,54.09,252.56
-82.02779,31.714561,373.9,32.502778,299.94,89.31,104.69
-82.668503,32.11618,418,7.277778,74.55,40.38,78.84
-83.810681,34.655136,79.3,29.138889,252.63,56.93,5.59
-84.987039,34.747966,176.4,100.211111,854.37,287.47,63.89
-83.31095,31.96145,658.5,16.5,180.86,68.57,120.26
-82.682509,33.682436,263.9,18.683333,204.78,62.15,151.26
-83.186223,32.859375,159.2,14.25,154.76,31.27,115.75
-83.891261,31.385674,369.5,21.527778,255,95.98,123.53
-116.295789,43.33301,39.3,682.361111,2949.95,511.22,80.45
-112.446333,42.903045,29.3,158.45,1102.07,215.15,17.27
-111.192643,42.257015,0,11.138889,101.46,11.34,1.76
-112.701386,43.258067,30,43.330556,398.18,91.02,2.17
-114.082055,43.590593,35.5,39.458333,190.51,48.41,2.89
-116.235812,48.168492,35.4,54.125,445.17,96.57,2.11
-112.030107,43.49119,16.1,162.483333,1051.11,181.81,10.55
-116.685152,43.658336,33.1,281,1465.35,430.36,10.25
-111.865817,42.706552,0,9.883333,96.63,15.96,0
-115.628184,46.68261,76.2,10.154167,90.31,23.23,1.16
-115.869518,43.073931,45.2,34.188889,237.12,62.1,14.37
-111.507059,44.289165,0,15.72619,146.92,28.97,0.43
-116.366454,44.093462,32.7,20.738889,150.76,50.35,0.34
-114.754786,42.763027,56.6,13.079365,97.44,32.22,0.17
-114.14192,42.673504,26.1,33.097222,250.61,97,1.29
-116.530589,47.621065,30.2,198.594444,1264.27,246.48,8.92
-116.791712,46.953444,37.2,45.369444,341.27,47.51,6.83
-116.850441,46.124353,23.3,67.752778,456.19,89.66,4
-116.099342,47.508649,45.6,16.080159,150.66,43.37,0.95
-114.469287,42.556853,20,102.061111,709.21,170.18,8.7
-115.46694,44.7186,0,17.694444,145.27,32.77,0.22
-117.060986,44.426915,0,18.958333,153.8,46.04,0.44
-91.385655,39.941739,76.7,137.052778,917.56,95.53,90.67
-89.171197,36.988689,306.9,7.972222,105.68,17.17,30.65
-89.538264,38.9239,97.8,21.413889,197.95,24.78,22.47
-88.850468,42.244078,47.2,44.236111,352.33,46.43,12.7
-90.750229,39.961493,119.5,3.388889,50.58,5.79,0
-89.195936,41.371139,68.1,58.916667,507.66,46.64,9.69
-90.005863,41.967974,48.4,37.472222,298.78,35.61,8.76
-88.212131,40.10474,209.4,506.863889,2143.69,184.6,617.16
-89.074506,39.383256,97,63.955556,497.8,44.17,11.04
-87.694088,39.334188,77,21.746032,201.71,17.4,2.25
-88.476551,38.67039,54.4,19.861111,196.45,26.3,3.46
-89.314555,38.530417,100.6,47.425,385.63,31.69,20.04
-88.374644,39.467577,97,83.091667,618.87,71.87,43.62
-87.728134,42.027956,593.4,17993.81349,67172.65,11369.78,36943.38
-87.740775,38.997992,174.8,36.736111,294.55,37.1,31.62
-88.095093,39.256216,66.5,14.666667,147.39,16.38,0.25
-88.769716,41.934209,85.4,147.697222,1062.5,114.81,149.43
-88.20621,39.827311,31.1,30.630556,253.44,64.85,3.66
-88.091069,41.930012,98.2,2256.186111,10933.85,1113.44,993.4
-87.732004,39.546876,60.9,28.336111,253.96,25.23,1.46
-88.557128,39.151075,35.4,52.416667,403.66,38.3,5.34
-88.860435,39.107333,93.3,36.416667,336.46,56.17,21.85
-88.183974,40.814705,73.2,28.402778,248.65,27.94,4.04
-88.91655,37.97842,89.1,72.663889,608.75,75.38,10.22
-90.007137,40.698775,148.6,71.880556,583.16,77.04,30.19
-88.226356,37.691987,119.8,9.138889,102.59,6.03,0.96
-90.514049,39.344592,45.5,26.486111,250.15,29.65,5.89
-88.290985,41.171726,30.8,65.352778,491.04,38.56,11.34
-88.551903,38.097404,0,15.027778,150.74,16,1.14
-89.931164,41.238755,45.9,71.137698,603.71,56.15,20.39
-88.036505,40.622603,65.1,52.213889,459.22,52.34,7.45
-89.488993,37.729334,101.4,92.211111,709.42,98.21,218.06
-88.933509,38.335128,129.8,66.588889,546.13,68.64,116.64
-90.31865,38.989315,43,23.013889,252.09,23.27,1.55
-90.427422,42.412152,32.4,35.858333,298.83,29.54,3.26
-88.768486,37.399695,194.6,12.666667,163.25,11.68,0.74
-88.324859,42.046982,90.4,862.069444,4048.75,723.77,494.18
-87.863454,41.185147,171.2,193.947222,1478.59,166.38,567.12
-88.360356,41.704336,41.4,69.855556,504.11,48.99,65.01
-90.341886,40.956556,173.7,102.05,801.9,79.63,140.18
-87.975773,42.162056,142.5,1534.919444,7605.6,1029.51,1093.64
-88.841841,41.113583,74.6,200.636111,1404.18,124.1,55.86
-87.768507,38.640324,44.3,31.908333,241.68,38.71,26.46
-89.112126,41.685775,75,51.966667,432.57,33.03,30.62
-88.610295,40.894535,179,61.180556,493,52.67,34.36
-89.48705,40.236475,185.9,52.486111,405.86,35,41.31
-90.655321,40.479483,76.4,54.891667,505.4,44.97,50.89
-88.361705,42.173566,51.8,444.025,2609.25,278.79,77.15
-88.983639,40.478781,135.6,444.366667,2099.73,176.28,342.05
-88.968358,39.862027,177.5,236.058333,1785.57,171.88,593.41
-89.788906,39.011815,75.2,81.225,656.25,56.75,10.95
-89.940141,38.797562,94.6,451.158333,3142.11,314.5,655.33
-88.829014,38.551665,51.6,77.522222,606.86,79.19,43.85
-89.700864,40.192387,61.1,30.9,304.95,23.65,3.9
-89.705218,40.045184,134.9,15.255556,153.66,8.56,1.73
-90.748827,41.193591,60.4,19.216667,200.37,12.05,2.54
-90.230398,38.432703,23.9,36.694444,302.53,14.97,0.94
-89.239146,39.292306,135.3,53.116667,394.33,29.51,18.77
-90.214327,39.735713,78.6,65.291667,500.67,36.24,65.58
-89.103813,41.903418,63.1,66.111111,553.38,51.46,14.21
-89.559547,40.712683,240.1,536.444445,2474.62,296.79,1073.38
-89.265309,38.023789,137.8,31.166667,282.6,21.86,34.48
-88.526641,39.906709,36,25.25,203.25,17.28,2.2
-89.192622,37.221898,309.7,11.291667,101.29,10.73,61.94
-89.219878,41.257591,0,11.458333,96.45,5.14,1.4
-89.748003,37.962952,142.1,54.141667,419.53,46.74,62.85
-90.474091,41.515803,202.5,296.883333,1978.79,218.66,483.08
-90.063664,38.595191,329.3,571.288889,2844.47,363.15,1850.28
-89.60958,39.826993,204.7,579.291667,2742.55,227.25,886.7
-90.438231,39.584144,0,8.333333,101.93,5.17,0.21
-88.633124,39.413885,32.6,31.408333,304.16,22.97,3.27
-89.659366,42.278391,119.3,82.430556,669.36,76.2,141.11
-89.660423,40.557862,77.4,265.363889,1524.49,113.69,38.95
-89.379478,37.520907,56.1,26.666667,249.66,29.1,7.22
-87.617732,40.126984,184,160.291667,1230.45,137.24,345.82
-87.850867,38.450323,73.1,26.744444,203.03,31.28,3.34
-89.286279,38.43267,0,20.741667,199.37,13.94,3.46
-88.535613,38.497247,58.9,26.391667,252.77,38.74,7.82
-88.170483,41.543624,104.9,1352.527778,7598.62,867.04,1826.75
-89.026623,37.833978,94.1,96.386111,755.86,81.09,66.5
-89.122441,42.243405,138.8,547.408333,3887.99,496.38,1168.09
-89.045749,40.882752,65.7,52.111111,450.15,38.32,4.59
-84.935663,40.703299,18.2,39.519444,352.98,112.61,9.45
-85.149967,41.08515,177.6,954.363889,4790.32,870.47,1162.49
-85.889554,39.20933,90.6,100.355556,746.3,126.06,28.05
-87.180764,40.584586,96.7,17.555556,149.94,28.6,1.61
-85.325865,40.524256,80.2,28.555556,201.9,21.88,0.13
-86.262008,39.944887,104.7,61.111111,505.92,52.82,13.81
-86.159913,39.316399,105.3,16.416667,203.7,36.28,2.16
-86.441935,40.489238,81.7,35.111111,347.69,56.69,8.59
-86.41268,40.83897,75.9,68.461111,546.54,102.2,13.55
-85.720316,38.308251,241,239.777778,1338.06,194.16,190.53
-87.100192,39.527068,95.3,33.063492,303.19,24.17,4.35
-86.499455,40.291366,72.2,48.811111,405.37,80.91,7.29
-86.540764,38.333253,66.8,15.388889,147.65,19.19,1.21
-87.167275,38.741389,76.1,41.380556,297.78,115.45,6.67
-84.838365,39.181252,40.4,56.286111,499.25,47.57,9.14
-85.586541,39.187035,86.3,37.458333,301.83,38.49,4.03
-85.001698,41.485233,52.6,54.808333,452.16,75.8,6.06
-85.272537,40.155357,142.3,230.091667,1553.23,279.09,289.23
-86.94885,38.292949,65.2,43.441667,350.94,34.01,10.12
-85.829497,41.652729,117.7,259.575,1829.46,533.56,234.18
-85.139707,39.629401,81.8,41.777778,353.79,67.17,15.49
-85.815262,38.311697,160.4,170.641667,1027.1,111.59,126.61
-87.279902,40.015868,50.3,30.702778,249.33,39.1,0.96
-85.238917,39.365705,31.3,28.638889,254.14,26.6,0.72
-86.054476,41.03435,71.9,31.486111,299.8,63.38,5.72
-87.543154,38.425421,71.4,46.236508,346.28,45.93,16.74
-85.66248,40.558241,119.5,110.027778,826.78,140.07,124.66
-87.154937,39.036181,73.2,54.633333,453.61,72.83,3.91
-86.032523,40.132804,94.5,313.633333,2003.3,194.8,129.77
-85.867387,39.741252,102.4,65.972222,504.41,66.66,18.88
-86.146755,38.375978,79,26.397222,303.11,38.74,3.98
-86.382083,39.689971,117.1,144.561111,1057.84,133,120.16
-85.375674,39.930759,123.6,85.472222,633.15,98.21,34.57
-85.934508,40.489107,179.3,141.097222,1032.87,148.79,163.88
-85.511111,40.965313,97.1,59.263889,457.44,71.77,8.12
-85.868498,38.97193,159,66.583333,502.36,83.52,10.33
-87.209236,41.212188,78.1,46.527778,398.43,57.36,5.18
-84.999154,40.431677,77.7,32.263889,303.12,52.84,2.62
-85.382199,38.735871,115.9,46.472222,366.19,51.07,15.01
-86.124419,39.606181,119.4,168.691667,1125.97,151.46,54.14
-87.280114,38.838389,96.8,75.788889,492.84,78.31,27.4
-85.853769,41.237614,59.1,111.458333,898.65,170.93,11.72
-85.566448,41.619317,39.3,33.808333,343.27,221.12,1.44
-87.358171,41.460309,255.6,923.476984,5957.53,978.96,3744.62
-86.880355,41.705425,191.2,212.813889,1394.2,212.21,339.89
-86.499379,38.865505,82.9,63.811111,511.58,84.08,4.93
-85.701129,40.105343,168.4,256.27381,1844.36,315.57,294.3
-86.103163,39.86185,591.4,2580.883333,11589.53,2565.52,6691.87
-86.142849,41.450089,47.1,58.347222,549.58,137.63,8.78
-86.903821,38.666197,70.1,13.847222,101.91,12.6,0.87
-86.056703,40.758024,151.7,54.977778,413.62,77.33,61.21
-86.477278,39.171937,171,322.047222,1559.08,217.2,91.68
-86.891802,40.026661,99.7,50.891667,443.09,76.05,6.46
-86.302112,39.439067,85.7,81.538889,656.62,94.25,6.27
-87.356729,40.839862,75.5,21.319444,202.35,29.19,1.46
-85.265417,41.3257,45.5,56.013889,496.17,89.84,4.65
-86.566221,38.622031,66.8,32,299.29,47.97,15.81
-86.850181,39.416958,89.6,23.625,244.22,52.6,2.44
-87.203651,39.871038,139.7,19.483333,203.84,53.43,2.25
-86.757585,37.970347,67.5,28.611111,236.77,20.81,12.28
-87.192013,41.536046,107.7,212.402778,1512.86,182.87,112.81
-87.881537,37.939165,69.8,41.152778,351.44,31.73,15.03
-86.767174,41.108744,47.6,21.069444,197.67,27.94,0.68
-86.883414,39.657299,151.1,35.358333,333.79,42.42,15.33
-84.910765,40.247922,106.5,40.172222,405.41,76.13,4.55
-85.171352,39.017753,50.4,34.097222,304.11,49.31,2.83
-85.368719,39.620046,50,25.069444,257.66,48.71,10.17
-86.20627,41.676563,236.3,570.35,3762.37,650.66,1192.33
-85.671297,38.655005,757.3,27.083333,254.43,40.6,0.85
-85.7823,39.517041,79.6,62.258333,507.81,72.81,12.92
-87.16786,37.886701,34.7,27.516667,250.82,21.51,3.83
-86.724066,41.253976,56.9,29.180556,300.61,33.62,6.58
-85.006946,41.555232,50.3,49.388889,442.83,65.04,2.27
-87.349465,39.201967,140.4,27.297619,230.94,47.61,22.1
-84.911304,38.847158,89.5,10.166667,100.82,17.45,1.78
-86.900997,40.406407,106,401.919444,1757.95,311.81,194.37
-86.126902,40.36237,46.2,18.640873,199.84,29.11,0.31
-84.924499,39.678989,245.5,10.555556,102.37,18.23,0.47
-87.461655,37.96835,180.1,389.366667,2480.57,419.32,557.22
-87.402409,39.657324,45.8,27.138889,248.66,32.08,3.96
-87.415954,39.491378,225.6,305.94127,1413.42,235.06,205.62
-85.835085,40.784482,30.1,50.472222,409.32,64.94,7.87
-87.380498,38.001977,83.5,68.978968,558.85,53.11,15.56
-86.061523,38.603177,101.8,30.819444,301.64,53.19,0.62
-84.885756,39.831672,104.3,113.680556,870.97,201.46,78.18
-85.153262,40.728256,43.1,40.819444,355.73,43.57,5.55
-87.003032,40.717353,108.8,42.027778,398.32,78.13,4.31
-85.368105,41.2227,63.2,34.166667,350.24,51.53,2.65
-94.673268,41.047708,0,9.666667,100.04,11.95,0.1
-91.506538,43.179437,52.9,13.555556,102.1,5.87,1.12
-94.932008,41.713621,171.6,14.5,150.28,15.54,0.58
-92.265851,41.897961,56.2,38.716667,351.1,15.8,2.78
-92.392163,42.491362,108,296,1857.13,211.62,447.73
-93.903227,42.052131,71.1,47.680556,346.87,18.17,4.23
-92.102155,42.857201,33,54.944444,404.09,20.41,8.18
-91.727916,42.554965,46.2,35.902778,304.41,30.82,0.98
-95.230374,42.655377,106.3,37.277778,303.29,44.1,10.01
-94.866209,42.081349,102.4,30.066667,205.66,7.42,0.52
-90.955752,41.687614,50.8,31.194444,251.88,11.11,7.56
-93.189857,43.171309,83.1,103.227778,558.35,53.47,17.65
-92.312017,43.068851,70.3,21.611111,198.04,23.17,4.01
-93.670421,41.028171,78.2,16.666667,149.23,17.36,0.29
-95.278005,43.081312,44.5,22.441667,152.7,11.49,3.22
-91.392074,42.864244,67.3,33.361111,294.71,39.03,4.89
-90.196517,41.865282,84.7,115.627778,611.05,47.77,36.27
-95.480507,42.139142,86.7,27.59127,246.18,31.38,6.88
-93.823991,41.614877,74.8,112.875,749.47,55.5,26.67
-93.921187,40.755255,91.1,15.694444,149.77,28.06,3.85
-91.45399,42.485235,56.2,23.308333,200.15,11.75,0.74
-91.113543,40.795327,79.5,129.883333,564.33,56.14,62.69
-95.279436,43.374271,46.8,28.527778,200.54,14.58,2.02
-90.65665,42.523468,103,194.361111,1317.75,107.57,104.49
-91.911026,42.660488,66.1,35.527778,297.57,26.57,9.97
-92.684053,43.108001,38.1,24.677778,204.18,20.19,6.9
-93.822503,42.291593,72.7,29.086111,255.85,14.73,4.51
-93.071345,42.364988,68.7,25.347222,195.75,13.42,5.84
-95.76575,41.557418,59.5,27.805556,249.73,20,0.92
-91.541351,41.096175,77.4,32.611111,247.73,16.25,9.77
-91.943587,41.773106,52,21.958333,202.1,14.64,3.44
-90.591325,42.223593,42.8,39.444444,298.41,26.37,2.65
-92.926834,41.778718,114.8,61.456349,445.07,27.25,16.27
-91.835675,41.034819,43.3,27.236111,204.13,18.15,23.29
-91.525946,41.656651,152,230.488889,1211.67,133.4,184.91
-91.187618,42.233179,102.1,31.333333,242.51,16.28,9.9
-91.395424,40.399815,49.1,80.138889,549.8,41.11,30.49
-91.588554,42.041351,151.1,514.761111,2284.11,187.87,293.73
-91.38869,41.251339,85.7,14.955556,146.38,15.47,3.52
-93.319625,41.048697,83.9,19.75,198.29,22.23,0.33
-93.941262,41.408148,103.7,18.583333,148.5,10.55,0.73
-92.657797,41.309236,53.8,67.555556,348.34,31.25,9.73
-93.049608,41.332332,50.4,54.922222,406.64,26.56,8.49
-93.053793,41.933724,95.6,91.547222,491.66,56.41,12.63
-95.756301,41.051027,55.1,27.513889,250.16,20.85,3.51
-95.872539,42.142584,0,21.263889,207.4,18.8,1.36
-95.210616,41.010869,72,26.5,206.4,13.77,0.41
-91.022611,41.452909,71.3,99.144444,504.14,38.57,24.48
-95.367322,40.771527,37.9,40.777778,290.68,26.75,9.98
-96.024306,42.668074,38.6,33.777778,304.99,29.78,6.8
-94.734212,42.859763,89.7,17.611111,153.57,13.12,2.09
-93.611311,41.53364,205.1,1140.296825,4916.26,543.03,755.22
-95.879993,41.27177,160.6,215.591667,1515.12,177.87,45.96
-92.653806,41.68976,75.5,28.055556,257.69,26.55,7.66
-90.511725,41.546609,154.8,378.908333,2371.39,226.27,381.04
-95.198827,41.682881,61.9,24.652778,202.09,21.19,2.92
-96.175555,43.077091,28.4,46.55,348.63,28.26,2.44
-93.64448,42.027588,48.9,147,954.22,94.06,47.97
-92.598441,42.005831,92.8,32.569444,301.94,39.64,5.24
-94.365639,41.073182,58.1,23.538889,202.22,25.82,1.56
-92.41166,41.058584,98.7,50.472222,402.41,44.41,22.34
-93.551549,41.349901,56.4,81.208333,614.52,36.15,6.4
-91.634801,41.45906,82.7,32.980556,250.53,35.62,4.31
-93.265733,40.647712,0,16.861111,151.67,34.62,0.77
-94.18541,42.512301,52.5,120.642857,589.36,71.06,50.52
-96.365308,42.471043,139.4,306.842063,1263.83,165.28,113.54
-93.143736,43.335544,0,14.541667,148.66,12.48,4.84
-93.903582,42.662177,77,29.166667,244.18,21.45,3.21
-95.397434,37.944889,95.3,34.208333,249.95,28.68,4.01
-95.320278,38.183837,108.2,12.513889,100.01,21.89,1.11
-95.124632,39.564951,44.3,18.633333,157.22,23.91,8.72
-98.765185,38.379749,78.9,60.538889,403.38,99.33,9.37
-94.661514,37.82691,92.8,31.305556,254.02,54.79,11.93
-95.464705,39.757321,64.4,19.652778,151.92,21.71,2.48
-96.975981,37.678799,90.7,84.205556,649.33,109.75,26.37
-94.831833,37.170936,47.7,33.325,298.43,70.31,4.25
-97.67985,39.563091,82.4,25.458333,197.75,34.33,7.16
-95.623724,38.236916,72.3,17.444444,147.2,23.63,2.38
-97.016523,37.252553,96.6,65.369444,496.6,87.75,29.78
-94.742019,37.425959,46,81.130556,550.11,114.81,27.43
-96.949289,38.674782,84.2,37.277778,293.94,44.59,9.02
-95.251304,38.942427,66.6,178.605556,1111.4,163.5,94.7
-99.308738,38.87819,45.4,47.227778,300.09,41.07,6.57
-98.349681,38.775677,188.6,13.208333,90.6,12.51,4.81
-100.859893,37.98383,84.7,97.736111,579.61,152.87,40.79
-99.962035,37.784565,96.1,48.761111,333.1,95.11,9.5
-95.240349,38.502737,84.4,31.913889,257.79,36.77,5.53
-96.829036,39.021107,179.8,53.5,374.22,67.83,162.93
-96.276688,37.826835,137.3,16.222222,148.91,22.89,0.57
-97.437255,38.108785,90.8,42.275,301.55,49.22,10.65
-98.237352,39.673237,0,6,50.93,7.58,0.53
-94.658209,38.944007,143.6,1343.145833,6493.24,790.75,598.69
-95.264983,37.337155,116.6,56.597222,410.25,89.32,38.58
-94.928709,39.323708,163.5,103.755556,750.75,82.56,141.9
-94.847039,38.111051,60.4,10.466667,99.7,20.72,1.67
-96.185281,38.411292,39.4,54.286111,407.86,66.45,16.52
-97.669201,38.36955,33.2,49.612698,354.93,51.05,7.89
-97.113501,38.514661,49.6,22.8,200.29,26.98,2.64
-96.63245,39.833796,62.5,14.333333,99.97,13.38,0.87
-94.758976,38.68101,52.7,48.907143,395.86,46.78,9.33
-95.62894,37.04457,60.6,91.866667,656.95,174.05,86.76
-95.835147,38.804254,37.3,25.75,250.22,47.06,3.06
-99.087552,38.178396,157.3,12.633333,94.11,20.93,6.03
-99.337952,39.748892,0,7.388889,51.83,6.98,1.06
-96.324755,39.198828,41.4,23.652778,202.22,20.31,4.87
-97.931119,38.070352,74.4,116.458333,834.51,180.42,49.26
-96.795045,39.410474,64.6,104.069444,619.51,81.94,70.76
-97.616894,38.86162,139.4,137.214286,601.93,113.46,35.78
-97.241457,37.675892,203.7,1350.005556,6279.81,1496.32,1309.06
-100.914341,37.059551,212.2,38.791667,244.81,97.39,20.04
-95.75237,39.057113,144.6,462.436111,2203.47,337.31,424.07
-100.446707,39.364006,0,3.333333,47.22,10.46,1.31
-98.790845,39.779483,0,12.916667,101.09,17.26,0.65
-98.617473,38.052323,147.5,12.333333,98.52,21.34,0.57
-101.343711,37.180185,0,13.25,98.51,33.83,3.29
-97.247111,37.16935,95.1,35.430556,301.27,46.81,5.59
-94.672946,39.052819,321.4,638.211111,3015.93,1121.47,1463.21
-85.259547,36.991382,59.4,29.138889,353.05,35.42,17.9
-86.169435,36.851185,112.2,25.666667,296.72,48.37,6.12
-85.043201,37.950417,116.4,23.416667,254.09,16.73,10.27
-85.960297,36.835657,103.6,49.663889,511.45,70.32,28.9
-83.619803,38.084355,97.6,10.902778,149.68,20.01,5.61
-83.725371,36.617649,67.8,46.777778,457.1,48.8,22.86
-84.675521,38.998653,141.8,164.044444,1059,97.47,58.65
-84.097967,38.182627,138.2,31.505556,306.01,36.2,31.92
-82.634695,38.471082,165.9,91.155556,609.54,79.12,29.84
-84.714014,37.638482,100.9,50.25,351.23,31.38,54.99
-84.08914,38.638318,115.1,13.833333,147.83,12.9,1.68
-86.439188,37.776122,87,24.069444,298.06,41.62,8.19
-85.69098,38.046855,63.2,98.652778,846.71,61.64,16.67
-86.848685,37.157035,92.9,16.583333,243.72,34.66,2.7
-87.932124,37.238367,149.8,16.266667,152.27,20.61,16.6
-88.319931,36.616708,49.9,56.277778,473.82,52.88,37.61
-84.501031,39.089166,178,256.947222,1170.17,88.93,77.87
-85.033226,38.676706,92.8,13.322222,149.34,27.57,7.61
-83.136491,38.422068,84.4,30.472222,306.5,46.89,3.81
-85.06615,37.338619,66.6,13.583333,202.43,55.43,3.5
-87.386601,37.044886,178.2,107.347222,852.12,160.71,387.96
-84.157372,37.971622,137.6,58.5,510.51,42.1,49.66
-83.62305,37.155429,112.1,16.922222,243.39,35.5,13.64
-85.077668,36.675474,104.3,14.5,150.17,25.67,1.21
-85.350097,36.728109,89.2,7.877778,101.99,20.56,3.52
-87.112894,37.774768,121.9,164.511111,1180.9,111.95,107.02
-86.340299,37.258464,56.4,11.708333,151.53,14.84,0.93
-83.015641,38.098234,152.6,6.266667,92.45,11.04,4.68
-83.990613,37.770495,83.2,15.333333,145.98,19.22,0.46
-84.463117,38.049813,343.8,901.211111,4169.46,569.35,1219.46
-83.624768,38.31003,66.3,16.861111,201.34,34.42,8.88
-82.774479,37.545025,56.8,46.3,512.28,50.63,6.97
-84.866559,38.208945,147.7,77.902778,572.91,97.18,112.77
-89.298145,36.557706,158.2,14.266667,97.9,10.96,48.6
-84.655502,37.731099,46.9,17.305556,203.71,25.18,9.09
-84.568565,38.529079,83.4,18.305556,201.57,22.6,5.03
-88.665008,36.763155,156.5,43.077778,458.37,47.44,36.18
-86.128784,37.414194,40.8,33.161111,347.88,36.24,5.6
-85.595487,37.359719,117.4,12.305556,204.86,22.05,7.46
-82.919543,38.492186,100.3,55.977778,461.48,45.56,10.77
-86.738956,37.878013,83.3,12.861111,143.31,8.62,4.55
-85.874699,37.701667,188.3,137.374206,1059.33,107.09,285.34
-83.291458,36.934434,64.9,28.247222,361.03,38.12,13.56
-84.437993,38.468587,50.6,22.166667,202.05,19.22,8.56
-85.990995,37.300269,63.8,18.166667,255.73,31.06,17.6
-87.58613,37.851038,147.4,81.216667,576.39,60.64,110.13
-85.011008,38.406397,89.4,21.888889,251.7,42.21,13.76
-87.402071,37.327392,66.7,65.322222,620.81,81.77,84.63
-83.967908,37.323241,98.9,10.208333,150.18,12.37,0.79
-85.819711,38.201245,481,2217.534524,9756.32,1037.94,4410.42
-84.584022,37.868599,140.6,71.291667,462.06,53.12,43.48
-82.709215,37.83967,58.7,23.277778,304.22,31.29,1.98
-84.610706,39.016853,247.9,424.505556,1961.68,244.06,223.69
-82.937183,37.441041,54.8,13.541667,210.36,21.94,2.63
-83.83603,36.982382,42.3,35.572222,406.84,42.11,8.52
-84.250642,37.024075,74.8,70.219444,660.96,80.31,8.69
-83.610353,37.579209,140.1,9.041667,94.44,7.49,1.32
-82.979607,37.084018,71.5,15.449603,205.96,22.64,2.05
-83.166782,38.576589,80.2,15.527778,198.76,22.43,2.36
-84.712737,37.558716,49.2,28.208333,305.63,59.32,12.77
-86.996073,36.8419,97.8,31.319444,307.49,41.44,37.9
-87.983715,36.998747,188.2,10.033333,99.13,10.91,7.2
-88.593771,37.071556,253.7,118.075,836.85,122.78,205.63
-84.449997,36.736893,198.8,12.044444,143.3,12.49,14.6
-87.241126,37.445184,65.2,14.777778,151.81,19.62,3.52
-84.291728,37.74848,106,121.055556,978.61,96.01,74.54
-82.965843,37.600609,58.7,13,196.78,18.05,0.24
-85.339911,37.586818,75.4,19.458333,186.14,23.04,29.37
-88.30026,36.948772,63.8,31.372222,307.38,27.83,5.35
-82.56382,37.814009,92.4,10.805556,90.89,11.08,9.05
-83.733929,38.6267,119.6,27.930556,249.13,41.17,30.19
-85.989068,37.902153,103.5,28.416667,301.3,24.1,28.27
-83.675992,37.926589,105.8,7.805556,93.9,7.03,0.39
-84.890269,37.880911,124.5,24.263889,253.95,32.36,19.9
-85.565925,36.966222,59.5,11.069444,150.6,18.85,4.59
-85.760693,36.785787,56.1,16.416667,200.33,41.09,8.25
-83.993902,38.05719,102.1,32.166667,305.01,36.62,13.01
-83.10175,37.939697,51.6,2.416667,49.73,10.22,1.72
-87.277808,37.221745,91.5,38.180556,448.45,53.61,34.39
-85.540338,37.629834,70.2,49.611111,450.54,42.01,42.22
-83.979768,38.29159,99.9,7.75,103.39,16.93,3.51
-86.751998,37.627979,35.1,22.472222,302.05,29.96,4.04
-85.449636,38.348712,173,84.5,663.18,48.42,51.37
-84.421796,38.646326,90.1,13.491667,147.13,8.37,2.43
-83.388543,37.323324,97.6,23.741667,200.41,20.35,9.2
-82.48613,37.621341,50.5,64.413889,773.34,93.61,14.05
-83.922241,37.845158,49.2,10.077778,102.21,9.33,0.67
-84.586141,37.090224,78.1,76.277778,719.55,86.6,11.57
-84.368332,37.28524,63,16.711111,201.92,15.93,0.5
-83.463211,38.281232,75.9,21.361111,208.19,18.91,3.83
-85.090546,37.036685,53.3,21.152778,207.62,29.75,1.25
-84.569913,38.204074,104.4,93.972222,707.79,77.96,61.48
-85.244188,38.215128,155.3,49.194444,458.41,75.97,61.16
-86.528177,36.772732,110.5,22.925,203.53,22.02,35.53
-85.199818,37.394697,55.7,27.106746,256.43,23.46,18.3
-87.166662,36.966037,150.3,15.583333,203.15,54.79,38.42
-87.823183,36.926643,88.1,13.791667,149.02,24.81,21.02
-87.827834,37.679404,157.6,21.4,194.71,18.04,46.88
-86.44143,36.98579,149.1,171.116667,1218.31,137.34,238.41
-85.267745,37.718312,89.1,10.683333,151.76,23.99,10.34
-84.760662,36.744131,63.5,22.038889,251.54,50.25,9.09
-84.253353,36.84815,57.4,42.402778,406.34,42.94,5.65
-83.420741,37.739657,83.4,7.805556,99.19,4.38,0.09
-84.726678,38.070286,115.2,45.138889,420.77,40.49,35.74
-92.442096,30.284048,236.4,75.706349,619.05,126.73,212.42
-92.82684,30.517553,819.6,26.819444,226.25,43.63,98.29
-90.937643,30.311431,255.2,90.083333,710.83,106.07,336.22
-91.033419,29.973459,214.4,25.277778,312.04,49.57,189.44
-91.867494,31.136949,471.1,42.694444,454.12,76.79,209.87
-93.320467,30.556493,129.6,33.666667,340.19,75.53,105.07
-93.178383,32.293279,342.1,22.513889,264.83,51.85,206.02
-93.728247,32.51758,256.4,132.463889,1122.65,209.14,643.3
-93.802953,32.456907,617.8,444.407937,3331.31,645.82,3347.26
-93.198989,30.232058,400.2,298.360714,2157.32,412.29,1258.82
-92.000344,32.128313,252.6,12.333333,142.76,40.16,45.69
-91.804183,31.801744,397.9,16.375,151.44,33.58,109.52
-93.107998,32.891536,561.8,7,99.59,20.35,74.28
-91.676297,31.36123,293.2,19.277778,159.96,42.77,144.83
-93.727151,31.917654,241.5,37.572222,361.43,73.55,324.37
-91.064499,30.426718,1066.2,646.933333,4646.98,827.53,4469.38
-91.24786,32.655547,354.7,11.666667,79.66,17.92,111.93
-91.139295,30.777658,1085.7,16.461111,190.83,35.99,144
-92.511416,30.583944,300.1,30.183333,297.67,68.76,164.68
-91.826667,32.03641,287,24.633333,311.34,72.08,168.2
-92.496248,31.682989,253.2,19.372222,228.22,45.27,85.19
-91.835101,29.672389,246.9,100.511111,770.3,177.12,557.92
-91.313085,30.170811,959,39.458333,352.12,75.48,338.48
-92.603378,32.229845,201.8,23.805556,250.56,45.81,145.9
-90.126348,29.89254,551.8,1166.019444,6328.12,1361.36,3179.02
-92.708204,30.142247,257.2,41.797222,354.89,57.97,142
-92.108249,30.223186,426.2,335.780556,2144.62,413.23,1277.33
-90.807758,29.790726,202.7,139.85,1161.91,202.52,345.68
-92.169593,31.599941,463.8,17.227778,143.08,28.46,30.74
-92.798543,32.576208,239.4,64.388889,519.7,87,436.4
-90.610033,30.280684,196.7,89.388889,870.39,154.93,84.15
-91.326504,32.366914,429.9,9.166667,85.01,15.78,73.89
-92.001818,32.857422,292.7,39.902778,414.77,73.94,378.46
-93.288729,31.818144,398.2,49.558333,472.74,98.27,357.48
-90.001377,30.017143,1484.5,2240.949603,8456.19,1561.31,8985.64
-92.123243,32.520373,505.1,261.861111,2002.4,400.4,1594.72
-90.028928,29.81959,284.5,40.613889,412.43,67.98,235.54
-91.690927,30.809623,321.7,27,260.69,42.44,153.26
-92.204802,31.381002,499.2,190.297222,1498.92,298.01,986.11
-93.34176,32.102665,214.9,9.677778,105.89,21.77,80.03
-91.858688,32.289284,286.7,26.291667,252.68,68.67,180.59
-93.416148,31.436445,110.1,29.055556,352.76,81.36,115.97
-90.003771,29.958383,495.5,123.472222,814.23,184.42,356.7
-90.383137,29.958526,250.2,76.708333,659.2,97.24,386.81
-90.710348,30.732924,278.4,7.441667,104.6,22.87,97.77
-90.703477,30.050851,465.5,36.194444,369.25,68.24,376.11
-90.485199,30.085789,510.7,74.430556,560.4,125.25,610.21
-92.074388,30.541524,485.2,109.825,879.18,170.63,645.52
-91.629118,30.225903,253.1,58.375,557.9,114.62,317.01
-91.470618,29.628605,231.1,100.230556,705.1,105.79,421.4
-89.795219,30.227355,223.5,298.525,2167.21,345.08,521.09
-90.473155,30.51021,402.4,121.447222,1037.91,200.21,665.73
-90.744996,29.630712,228.5,129.488889,1062.17,236.03,405.78
-92.227456,32.744161,165.8,27.430556,300.06,59.07,149.01
-92.123169,29.968714,210.7,68.955556,613.81,115.46,170.18
-93.446256,31.054154,157.3,44.241667,482.42,86.19,147.58
-89.886056,30.791117,549.4,62.111111,557.01,133.21,368.34
-93.408545,32.845157,202.2,63.516667,560.35,100.92,410.97
-91.278686,30.383193,540.2,30.541667,254.56,44.32,217.59
-91.391628,32.928987,119.8,11.544444,145.53,41.69,49.83
-91.404981,30.896862,888.6,8.666667,88.39,14.55,86.28
-92.784661,31.892092,218.4,5.95,88.18,20.4,35.25
-70.199449,44.083502,157.4,215.236111,1432.63,217.93,78.76
-68.431757,46.649841,66.7,100.730556,907.68,155.84,16.97
-70.262803,43.660326,236.9,669.444444,3401.35,401.25,236.74
-70.652298,44.943021,87.4,44.130556,400.82,85.3,1.12
-68.668471,44.214072,139.9,100.344444,831.92,170.22,10.78
-69.637609,44.572054,137.1,206.236111,1585.2,234,25.7
-69.23149,44.122526,88.7,71.030556,507.2,94.24,3.43
-69.46854,43.956593,68.6,57.213889,460,85.1,3.54
-70.488325,44.244513,69,99.402778,855.29,155.08,6.52
-68.71339,44.840689,85.8,252.652778,1998.5,362.18,33.42
-68.9412,45.368799,47.1,25.611111,246.83,54.87,2.35
-69.870556,43.727935,86.2,54.661111,408.28,54.48,6.24
-69.404132,44.975048,83.7,82.986111,752.43,145.56,8.69
-69.018688,44.316451,112.5,43.516667,405.65,89.46,4.17
-67.588212,44.65168,110.6,53.777778,453.91,113.47,6.75
-70.785991,43.148848,133.5,268.628571,2058.26,265.75,33.87
-78.809909,39.651968,260.1,231.430555,1122.83,112.46,146.7
-76.601381,39.212589,290,960.816667,5169.1,451.75,1519.3
-76.614816,39.438754,486.3,2275.477778,11078.29,1058.25,5542.7
-76.574154,38.557713,161.5,107.555556,908.33,65.63,217.42
-75.877214,38.961861,251.3,52.027778,458.2,49.9,125.1
-76.979212,39.616033,108.8,244.561111,1924.15,113.21,132.87
-75.835586,39.608944,169.1,132.475,947.98,80.9,120.15
-76.884275,38.602869,472.4,180.027778,1490.36,111.9,1265.13
-76.02112,38.387743,546.5,45.055556,421.72,45.09,221.6
-77.440833,39.379738,219.7,524.694445,3084.43,262.66,535.76
-79.212994,39.440433,67,39.361111,349.25,47.33,6.03
-76.306373,39.48243,242.3,489.602778,2902.39,189.84,703.53
-76.925801,39.19507,242.3,557.422222,2806.57,201.11,1020.26
-76.070932,39.227646,219.8,30.961111,260.87,24.68,75.19
-77.28375,39.182814,446.4,2710.186111,11132.67,1477.99,3705.79
-76.910616,38.966501,1052.4,2426.736111,11332.03,2180.07,13878.15
-76.076493,39.077115,122.6,66.777778,552.03,58.69,72.08
-76.760934,38.277273,153.8,99.147222,837.78,84.57,248.27
-75.743453,38.229413,450.3,31.544444,325.07,40.5,178.95
-76.18374,38.728758,234.4,62.25,473.16,38.01,100.11
-77.720829,39.646624,356.5,220.125,1594.24,193.9,282.12
-75.556539,38.357459,319.4,141.422222,998.87,131.78,542.99
-75.085894,38.348629,191.3,119.847222,755.04,79.43,182.25
-76.55772,39.324799,2022.2,2821.238492,10403.2,1320.81,12392.18
-70.503019,41.762826,405.6,485.580556,2822.75,176.61,157.24
-73.120454,42.621279,175.8,301.586905,1797.4,97.33,94.35
-70.93348,41.669124,285.1,1439.809524,6393.9,389.21,593.72
-70.721652,41.393003,301.7,45.977778,202.65,21.06,19.01
-71.155728,42.714975,288.1,1958.669444,8395.29,518.33,733.43
-72.560585,42.596701,145.3,139.011111,923.4,39.15,28.31
-72.625417,42.207721,495.8,1167.641667,5316.77,339.56,941.39
-72.639786,42.318177,133.7,319.852778,1916.23,76.11,89.89
-71.122608,42.400037,286.2,3898.125794,16153.69,806.81,1713.86
-70.105022,41.284971,219.3,56.916667,192.69,15.19,26.95
-71.220123,42.234155,231.2,1506.189683,6756.14,239.82,903.29
-70.951575,42.136896,242.5,904.519841,5103.23,222.32,1089.34
-71.057267,42.352423,803.6,2851.120833,9788.94,702.54,4183.39
-71.688496,42.427842,282.1,1682.75,8646.13,450.92,908.63
-86.890996,46.423967,147.2,18.527778,133.33,24.81,23.69
-86.148943,42.763004,128.5,125.480556,1204.46,114.05,33.83
-83.73843,45.014894,44.5,60.419444,458.59,46.5,5.6
-84.958682,44.911667,77.8,39.930556,351.8,42.79,2.86
-83.721419,44.044372,38.3,22.6,247.16,30.27,2.08
-88.476776,46.599481,96,11.388889,89.62,10.86,18.33
-85.366869,42.507814,42.3,53.338889,543.22,47.07,8.69
-83.989954,43.628257,93.4,200.438889,1324.86,140.18,56.43
-86.216166,44.643018,57.8,32.652778,253.98,23.98,1.42
-86.375091,42.191121,171.7,303.205556,2448.47,344.79,809.25
-84.985336,41.941771,52.3,65.888889,590.69,118.97,19.31
-84.891442,42.378024,171.9,245.758333,1981.05,230.68,482.27
-86.020289,41.785273,36,49.491667,550.62,66.86,53.51
-85.547837,45.683871,48,77.5,605.69,81.06,5.68
-84.351342,45.553989,75.3,43.333333,399.24,60.14,5.48
-83.713785,45.999325,86,65.597222,476.67,64.55,31.02
-85.048436,43.842619,135.8,47.208333,453.96,92.44,5.47
-84.425724,43.07417,65.3,138.569444,1109.49,91.2,44.02
-86.620045,45.89522,71.3,71.222222,551.89,69.51,4.07
-84.624631,42.74778,94.6,190.597222,1426.05,131.38,190.95
-85.001523,45.361258,41.3,54.541667,406.14,56.11,8.19
-83.714467,43.200308,167.1,1088.066667,6546.31,726.4,3015.61
-84.490254,43.970232,54.4,33.388889,393.67,69.72,1.82
-90.060095,46.588541,81.1,42.236111,327.61,51.12,26.8
-85.610201,44.751289,99.9,134.930556,814.83,100.74,16.07
-84.59246,43.415042,85.4,49.916667,459.33,40.25,12.86
-84.620561,41.928645,51.7,57.780556,600.86,79.77,8.19
-88.399533,47.160232,49,65.944444,476.19,64.2,5.92
-82.992225,43.804653,26.1,51.555556,456.13,51.25,3.56
-84.458505,42.726905,180.7,792.630556,3639.42,416.38,907.75
-85.220773,43.093269,124.4,65.197222,595.26,75.14,28.08
-83.359378,44.488184,49.5,50.388889,452.61,62.3,5.63
-88.754642,46.248647,71.9,29.5,253.03,32.77,2.73
-84.774443,43.593606,70.4,100.513889,766.18,122.68,41.91
-84.400874,42.237526,175.5,234.224603,1860.62,225.2,355.89
-85.58621,42.178153,172.9,388.867063,2907.01,319.33,746.03
-84.968309,44.811884,78.2,22.541667,244.33,46.55,4.14
-85.671984,42.909788,189,1315.986111,6481.9,800.5,1334.97
-85.696339,44.038722,163.9,17.791667,195.03,24.53,30.45
-83.043337,42.920722,71.3,108.416667,1151.38,169.89,7.43
-85.663327,44.965353,25.9,35.819444,301.76,26.97,3.82
-84.017079,41.902047,89.1,136.316667,1147.72,138.32,46.35
-83.835726,42.615871,58.2,365.888889,3037.88,218.35,39.77
-85.603214,46.492497,126,12.791667,85.49,9.72,9.81
-84.340554,46.004201,114,30.763889,244.34,47.45,14.55
-82.924783,42.505936,167,1616.120238,10867.34,1168.87,2771.51
-85.961572,44.440603,82.6,55.25,435.09,54.26,20.7
-87.95088,46.495492,68.6,174.444444,1198.92,100.92,38.89
-86.434871,43.946992,75.9,46.219444,399.7,49.46,7.5
-85.480545,43.686235,63.3,58.805556,500.34,68.27,22.84
-87.623407,45.118292,50,36.527778,294.36,26.51,1.93
-84.329882,43.611959,52.1,107.208333,959.53,86.99,25.38
-85.080484,44.429045,39.5,20.402778,195.47,33.94,2.53
-83.478981,42.043261,77.9,217.744444,1914.21,172.76,97.18
-84.943313,43.172143,70.5,65.513889,637.51,104.43,22.6
-84.026077,45.125593,119.9,11.333333,152.04,22.7,0.74
-86.287336,43.27683,128.6,278.991667,2121.62,221.09,709.95
-85.722778,43.555937,72.5,55.805556,547.77,68.88,13.63
-83.182894,42.673069,198.2,2594.189683,17120.1,1481.52,4801.74
-86.338091,43.688314,26.8,35.808333,339.86,57.5,7.5
-84.185537,44.28256,71.3,33.305556,346.93,43.16,1.78
-85.507515,43.857971,80.6,26.95,296.61,56.69,6.43
-84.245485,44.670467,97.6,15.166667,145.84,42.22,1.87
-84.512909,45.110747,56.9,31.277778,299.18,41.4,3.2
-86.204616,42.829548,55.2,334.086111,2668.27,188.21,68.67
-84.737002,44.31612,60.4,46.583333,402.84,49.85,2.43
-83.986957,43.435316,157.2,361.85,2884.55,277.1,1276.87
-82.433186,42.992721,49,298.747222,2457.09,240.44,104.86
-85.403465,41.812925,51.6,90.581349,857.25,134,52.2
-82.906197,43.615023,65.4,51.175,554.99,98.55,4.97
-86.075788,46.246565,70.4,16.833333,152.73,18.21,1.24
-84.318772,42.818837,82.4,100.847222,861.4,89.67,12.77
-83.246274,43.4619,33.2,58.472222,645.39,67.89,13.45
-85.826663,42.231602,99.7,82.436508,759.31,127.75,70.34
-83.553415,42.232941,180.5,957.288889,4845.42,352.96,1232.68
-83.3038,42.359434,477.2,5700.759127,28305.07,3566.45,23957.84
-85.393249,44.239878,78.3,51.861111,400.01,53.35,6.82
-93.238345,45.323249,142.6,753.366667,4144.32,337.48,533.18
-95.847293,46.797945,45.5,55.875,499.84,63.26,4.44
-94.91831,48.212172,67.7,55.116667,500.41,86.49,13.84
-94.163102,45.605846,75,52.95,445.36,33.19,27.68
-93.994277,44.137528,75.7,117.277778,788.87,65.76,59.98
-94.733856,44.34248,52.1,59.847222,352.61,23.17,5.54
-92.608664,46.715001,72.4,39.402778,338.33,30.87,10.83
-93.535629,44.884044,68.8,135.916667,962.17,48.9,32
-93.922628,47.079583,39.6,51.972222,489.1,71.39,4.46
-95.740061,44.954074,51.7,26,201.1,26.49,2.52
-92.848222,45.397795,44.2,60.791667,482.26,37.65,11.43
-96.691349,46.876974,75.8,134.122222,655.54,57.64,41.68
-95.446084,47.546438,82.2,13.652778,146.56,25.55,0.57
-95.285423,43.935864,97.4,22.958333,200.33,21.81,3.65
-94.283046,46.364486,43.3,103.372222,798.45,76.47,10.5
-93.196703,44.744153,136.3,947.711111,4803.48,350.42,634.69
-92.746785,44.024716,29,38.111111,246.76,23.61,1.97
-95.338581,45.884235,40.4,59.111111,449.01,27.01,2.93
-94.094162,43.639888,69.1,35.958333,297.4,29.16,1.25
-92.24639,43.771814,34.6,39.805556,298.11,57.59,2.9
-93.523501,43.589608,42.8,64.194444,498.85,52.27,10.43
-92.549982,44.552211,46,66.894444,501.75,48.57,11.43
-96.033955,45.873122,139.9,13.138889,98.77,9.81,0.59
-93.235004,44.982607,426.2,3791.496825,15078.03,1557.34,4165.62
-91.496222,43.578928,38,35.722222,249.7,24.35,6.7
-94.918646,47.32352,43.6,36.916667,344.11,37.32,3.89
-93.440907,45.498731,56.4,46.319444,395.36,33.5,3.78
-93.349946,47.632915,36.1,56.488889,539.01,60.49,5.65
-95.189152,43.575699,120.1,20.763889,194.64,14.35,1.61
-93.231583,46.054145,57.4,19.305556,197.94,22.03,0.92
-95.043402,45.120145,53.4,80.111111,595.9,79.82,56.55
-93.396586,48.572963,0,25.777778,200.36,13.29,2.24
-91.448219,47.651384,54.4,19.516667,147.75,13.87,1.95
-93.62651,44.238183,53.9,35.416667,300.21,35.01,5.53
-96.272115,44.260627,106.8,12.722222,99.23,9.7,0.87
-95.613645,44.238881,67.5,49.916667,350.84,41.41,19.46
-94.137154,44.932628,89.6,43.786111,349.16,32.32,4.7
-94.548701,43.715806,78.4,31.458333,248.28,30.56,2.99
-94.533712,45.140729,62.4,34.388889,292.56,29.59,3.12
-93.640138,45.611937,78.2,42.694444,345.47,42.43,3.32
-94.472634,46.086861,43.2,45.308333,395.83,40.82,3.37
-92.981004,43.658277,170.6,76.719444,549.08,68.01,36.25
-95.87149,43.92372,0,15.333333,149.6,11.65,1.03
-94.111673,44.333711,51.8,46.208333,348.24,22.93,17.05
-95.629768,43.618301,174.9,35.905556,289,45.97,20.1
-92.492692,43.854726,155.2,260.555556,1699.84,133.91,210.97
-95.365527,46.352298,36.4,93.1,833.59,75.76,23.37
-96.196745,48.109178,76.6,30.944444,249.99,12.54,5.22
-92.603084,46.060633,94.1,45.666667,374.5,45.23,16.05
-96.30375,43.996228,67.4,26.111111,207.06,30.31,5.61
-96.688054,47.678925,89.2,76.402778,490.69,35.46,17.49
-95.248718,45.604691,73.6,21.944444,196.94,14.86,1.63
-93.110859,44.952925,298.8,1802.081746,6916.72,715.63,1721.86
-94.991086,44.408363,40.1,39.083333,296.86,40.9,4.4
-95.04611,44.761626,82.4,33,294.73,31.13,2.06
-93.172197,44.437015,109.3,100.091667,642.17,67.64,64.61
-95.443883,48.726788,0,17.708333,151.11,10.29,5.64
-92.064283,46.739905,79.4,621.375,3190.47,255.92,117.9
-93.3784,44.754281,102.7,180.586111,1059.34,81.26,89.4
-93.601027,45.306346,81.8,64.119444,533.43,30.57,28.52
-94.504047,44.56822,56.1,21.563889,196.35,19.2,4.45
-94.176972,45.516287,71.6,212.022222,1433.39,112.07,181.6
-93.211432,44.109672,33,53.597222,403.52,25.66,22.81
-95.377625,45.27621,0,26.569444,197.58,17.27,7.02
-92.167582,44.1661,43.9,47.416667,298.37,30.33,3.17
-95.098587,46.419092,53.8,16.590278,152.42,20.7,1.71
-93.493533,44.087561,57.9,32.416667,257.54,16.95,10.96
-92.959349,44.956115,96.3,411.141667,2442.4,142.06,196.56
-91.540831,43.921728,58.7,76.783333,506.92,61.35,12.5
-93.874679,45.163131,71.7,109.091667,842.97,57.76,19.95
-91.2594,31.478343,459.7,56.502778,457.3,126.73,567.44
-88.621295,34.806456,141.2,37.038889,353.82,95.78,80.87
-90.942763,31.259192,275.8,9.758333,155.01,39.78,127.47
-89.661131,33.167535,281.4,28.708333,314.26,63.52,245.25
-89.196563,34.676497,341.1,7.316667,101.2,32.43,58.18
-90.718925,33.729042,493,47.752778,426.16,121.37,570.21
-89.305054,33.855925,165.8,25.805556,264.63,62.57,153.73
-89.945513,33.581565,345.9,7.141667,99.29,15.77,67.85
-88.998031,33.907352,278.9,18.658333,207.03,48.09,175
-89.262036,33.433837,158.2,15.013889,149.81,25.33,94.25
-90.884197,32.028658,407.3,5.777778,106.73,30.06,171.78
-88.80933,32.132647,427.8,16.194444,214.79,33.96,156.46
-88.654323,33.609521,319.4,27.611111,265.12,59.98,311.16
-90.527859,34.115194,955.4,44.919444,376.36,88.8,531.56
-90.279677,31.789843,471.3,19.086111,256.76,64.09,228.41
-89.564501,31.639997,333.9,20.708333,205.82,57.24,169.73
-90.014968,34.991083,273.9,210.416667,1716.74,312.41,933.85
-89.341412,31.34196,643,130.841667,875.18,240.65,692.5
-91.038958,31.477689,215.8,7.566667,104.67,19.14,82.7
-88.724415,30.806441,167.7,23.694444,247.73,90.86,48.5
-88.639266,31.300355,655.3,8.75,86.6,31.84,45.66
-89.947065,33.769102,447.8,23.569444,211.51,40.75,163.49
-89.343521,30.308362,192.2,40.145833,362.85,91.09,54.01
-89.084905,30.382411,386.6,302.730556,2192.29,672.92,1126.06
-90.567355,32.352446,1228.4,612.275,3336.15,857.07,4795.37
-90.048086,33.198831,479.2,21.927778,261.83,82.43,419.65
-90.456141,33.210274,364.8,15.166667,158.65,45.6,222.32
-88.314425,34.386917,242.9,21.486111,249.91,52.8,44.03
-88.591723,30.394195,232.8,162.566667,1324.3,359.16,672.09
-89.028195,31.924126,415.5,16.638889,205.8,50.28,223.79
-91.065491,31.708418,306.7,2.666667,53.11,16.73,84.66
-89.681078,31.502857,327.1,9.947222,156.76,43.23,181.33
-89.010618,31.677208,298.6,75.688889,662.24,145.61,412.82
-88.519126,32.754531,199,7.208333,97.88,23.28,119.35
-89.544587,34.363608,227.8,57.286111,524.47,89.59,252.48
-89.378573,31.327,95.5,48.933333,412.19,108.06,164.37
-88.709217,32.385393,419.5,122.013889,910.98,204.83,950.32
-90.029804,31.599966,403.9,11.388889,153.25,36.68,94.93
-89.642187,32.823795,311.6,14.952778,197.75,66.5,161.82
-88.747584,34.276867,276,110.788889,949.02,212.12,580.94
-90.371457,33.419432,595.1,52.416667,420.9,111.3,572.06
-90.445342,31.597225,210.8,28.191667,315.84,89.57,208.23
-88.401414,33.514464,319.4,81.427778,686.95,159.88,658.13
-89.893596,32.641291,310,134.477778,1045.58,148.19,779.26
-89.7269,31.145006,341.3,27.883333,312.48,89.1,208.25
-89.44916,34.654376,279.5,28.825,304.43,80.76,319.65
-88.600724,33.779298,171.7,49.791667,470.78,91.64,328.59
-89.745951,33.495329,366.7,14.311111,157.95,26.75,125.16
-89.112884,32.78703,247.2,33.091667,366.62,83.62,162.47
-89.092169,32.296028,237.7,20.338889,264.2,51.92,158.33
-88.564067,33.119215,398.1,15.483333,159.98,42.74,220.75
-88.82863,33.458127,155.5,47.986111,405.53,74.33,308.47
-89.910792,34.444658,274.7,30.733333,306.1,78.52,293.1
-89.649289,30.86149,243.4,48.986111,457.86,125.17,125.74
-88.967526,31.370407,237.7,12.888889,153.9,42.06,60.07
-90.391788,31.142683,436.7,46.781746,420.94,106.7,424.54
-89.159714,34.304314,106.8,22.972222,310.23,95.89,95.11
-88.568,34.657043,85.8,26.769444,253.52,61.4,75.43
-90.282457,34.251296,368.2,17.316667,160.34,51.3,225.12
-89.970442,32.282186,298.9,165.638889,1311.89,240.14,434.44
-89.658604,32.348596,389.6,27.752778,301.62,105.77,233.77
-90.053049,31.970483,271.9,23.9375,259.76,70.9,192.25
-89.572068,31.917528,150.3,10.586111,153.33,42.47,69.44
-89.134584,30.8522,246.5,15.611111,146.35,38.77,60.08
-90.642725,33.458948,748.4,37.069444,296.64,83.62,424.45
-90.05808,34.020195,267.8,20.555556,187.1,52.13,226.34
-90.099988,34.692079,159.5,22.111111,259.2,61.73,153.17
-88.909567,34.660484,147.8,19.041667,209.15,46.74,86.59
-88.234543,34.584891,66.9,20.438889,204.32,56.17,10.67
-90.373081,34.64864,965.8,12.5,107.41,29.92,157.05
-89.147091,34.538048,114.6,24.722222,305.63,66.09,94.61
-90.155149,31.237842,232.4,16.033333,154.15,47.25,137.36
-90.817973,32.476949,431.3,55.111111,528.23,123.91,507.12
-90.831874,33.299338,581.9,129.355556,901.68,275.72,1283.38
-88.561609,31.735809,162.4,17.541667,201.7,36.91,160.31
-89.130935,33.637387,136.1,16.416667,153.03,33.46,75.66
-91.410474,31.131867,313,9.044444,91.14,26.6,140.71
-89.195726,33.046456,276.3,22.583333,256.73,65.02,232.11
-89.600343,33.997931,294.2,13.872222,154.7,38.13,118.56
-90.218532,32.88064,446.9,31.091667,264.66,75.89,355.21
-92.580608,40.185169,206.5,52.444444,362.87,59.43,19
-94.726341,40.018919,175.5,20.602778,198.51,25.35,4.14
-91.494059,39.305959,147.8,44.355556,371.08,74.86,38.74
-93.926021,36.825293,166.5,37.705556,349.87,96.26,1.46
-94.454629,37.507621,102,16.333333,150.67,35.32,0.82
-94.336321,38.260423,161.6,23.777778,203.56,37.55,5.82
-93.216226,38.159419,233.7,33.708333,300.48,74.8,1.33
-90.064697,37.174303,145.4,12.125,151.77,34.52,1.1
-92.315646,38.955674,152.5,223.736111,1475.33,220.73,271.69
-94.852158,39.771319,183.3,212.730556,1245.13,272.33,128.34
-90.258076,36.639452,138.2,65.125,510,125.81,70.15
-94.092213,39.655046,211.3,11.986111,100.17,17.49,0.94
-91.763399,38.831226,204.5,45.330556,395.31,76.16,33.77
-92.963326,38.14508,103.4,68.355556,514.55,119.95,7.9
-89.669083,37.524052,103.2,116.788889,819.28,145.86,158.15
-93.354627,39.437731,81.9,16.652778,151.77,33.65,4.85
-94.345887,38.793457,109.1,137.902778,1015.92,159.74,66.69
-93.850953,37.734046,84.5,16.933333,150.25,44.73,0.18
-93.318549,37.007373,89,89.888889,717.23,117.35,11.38
-94.539371,39.202503,195,402.347222,2242,361.83,289.62
-94.277656,39.588211,104.9,24.655556,201.61,29.03,6.82
-92.179536,38.563013,191.6,101.160714,746.06,136.06,193.83
-92.919531,38.848075,242,32.622222,232.91,50.8,31.41
-91.416415,38.163231,119.4,31.25,303.82,92.38,2.2
-93.94138,37.426599,108.3,10.108333,97.64,27.68,0.67
-93.020696,37.548731,134.7,14.272222,153.61,49.19,0.29
-94.004786,40.028641,146.9,10.888889,98.87,34.08,1.41
-94.312608,39.914622,86.5,11.166667,81.39,14.88,13.46
-91.516199,37.641556,298.1,27.222222,200.45,57.49,2.2
-92.721633,36.935413,214.2,13.027778,150.44,47.45,0.68
-90.10412,36.535338,96.9,60.930556,467.81,144.95,61.85
-91.217846,38.335397,80.3,108.536111,850.14,138.64,11.89
-91.511576,38.630649,71.7,28.986111,248.11,33.48,3.14
-93.311991,37.116042,241.5,500.497222,3180.76,733.28,219
-93.625603,38.403534,75.6,35.288889,304.99,71.84,6.54
-95.24488,40.17645,0,17.833333,151.99,24.83,2.97
-91.892325,36.745978,36.1,47.763889,409.43,110.33,1.74
-90.656851,37.393757,183.8,20.222222,202.27,46.08,4.89
-94.395218,38.898686,499.2,2203.469444,9968.81,2398.62,5529.3
-94.522937,37.069722,186.6,169.283333,1129.6,294.86,45.47
-90.426098,38.486427,97.4,291.730556,2117.48,345.87,35.87
-93.746745,38.767795,98.8,55.275,431.82,84.57,40
-92.750459,37.72436,37.3,34.736111,306.55,63.73,4.66
-93.785363,39.144118,36.5,42.671825,351,58.19,12.94
-93.703755,36.973455,70,46.991667,355.98,94.42,3.01
-91.808088,40.167284,60.5,23.111111,198.22,38.16,18.07
-90.915948,38.914786,85.1,40.072222,352.04,56.99,13.42
-93.56653,39.787354,94.6,36.888889,273.13,62.54,13.36
-94.398102,36.634934,106.8,19.258333,195.23,74.7,7.02
-92.472542,39.736201,63.1,30.583333,247.83,54.81,11.67
-92.003344,38.215224,119.5,13.277778,148.61,37.06,0.93
-91.394844,39.695639,75.7,44.75,315.03,42.33,21.41
-92.634558,38.282451,47,28.402778,251.55,52.06,1.16
-89.282648,36.736061,373.5,25.75,180.46,57.5,85.85
-92.500989,38.717554,145.8,23.722222,188.63,62.4,10.2
-92.185143,39.503452,219,9.708333,100.58,24.72,3.8
-91.335696,38.937754,62,20.597222,200.75,36.84,5.81
-89.589873,36.795903,134,25.708333,211.34,65.27,77.97
-94.570495,36.830669,22.7,72.597222,605.87,153.91,12.67
-94.744291,40.315847,35.6,32.202778,247.93,51.39,9.68
-91.349973,36.585074,113.3,13.611111,152.13,50.28,0.43
-89.763923,36.318419,131.7,40.944444,317.33,78.54,158.32
-89.967355,37.695796,0,31.041667,252.47,31.67,2.77
-93.221929,38.705997,86.2,80.258333,551.78,160,49.16
-91.615703,38.044544,31.6,61.297619,480.82,82.74,24.26
-91.166978,39.451003,161.7,31.375,235.84,45.28,32.44
-94.643365,39.202587,150.2,162.534722,949.69,115.17,135.12
-93.273994,37.523741,81.4,21.866667,204.17,54.6,3.25
-92.237473,37.809726,70.5,51.333333,384.11,91.32,85.56
-92.461181,39.527936,114.2,39.269444,290.38,57.87,32.71
-93.972501,39.275927,36.1,19.775,202.65,41.38,5.18
-90.498688,38.777341,95.9,617.666667,3967.17,376.62,350.22
-90.13974,37.795024,210.4,19.938889,197.26,19.02,7.45
-90.432541,37.801637,115.8,79.452778,520.05,97.57,40.29
-90.391285,38.726893,321,2191.189881,10461.81,1264.27,5154.18
-93.202318,39.112553,57.3,48.027778,343.83,63.15,33.53
-92.59486,40.453656,0,4.666667,52.2,15.85,0.47
-89.616707,36.876462,91.3,68.895833,516.4,110.4,113.79
-89.969809,36.802405,44.7,49.111111,410.51,92.03,14.05
-93.509748,36.721263,73.9,33.422222,307.15,53.05,1.32
-93.120101,40.213048,98.8,14.416667,149.86,32.69,4.33
-93.081303,36.565554,77.4,62.752778,511.67,158.99,16.74
-91.983554,37.528078,46.4,19.444444,191.79,64.58,8.18
-94.337153,37.832467,127.6,34.972222,303.72,94.14,2.37
-91.193764,38.703487,57.2,29.261111,248.37,36.12,9.52
-90.954902,38.055497,163.2,25.208333,241.56,62.95,11.18
-90.480782,37.148243,63.4,16.430556,202.46,56.68,2.04
-92.767551,37.117782,87.7,45.138889,386.44,111.71,9.08
-92.319848,37.095991,33.3,20.741667,204.94,79.14,1.98
-90.221078,38.659155,1058.1,1477.126984,5446.67,1196.47,5510.73
-112.714473,45.23518,0,19.166667,148.15,27.58,0.18
-107.391028,45.209581,89.8,19.958333,200.35,124.49,0.29
-111.495355,46.332356,0,12.666667,98.89,13.76,0.22
-108.999523,45.510737,105.9,28.861111,246.4,34.52,1.77
-111.301672,47.499644,67.7,104.394444,644.1,102.99,7.98
-105.838581,46.403761,92.8,50.388889,300.1,36.18,3.32
-114.314957,48.195702,45.6,137.872222,952.88,165.15,8.03
-111.160365,45.530311,63.2,232.25,1066.6,173.39,8.09
-112.118815,46.276648,104.3,19.208333,148.13,18.56,1.17
-114.12792,47.49178,85.9,41.766667,399.38,105.94,1.88
-112.279299,46.813917,52.7,96.43254,654.57,75.53,4.16
-115.39106,48.53439,62.5,17.736111,148.12,36.44,0.2
-114.766038,46.974456,129.8,11.75,96.99,15.1,1.58
-114.390402,47.104401,118.1,241.208333,990.03,141.64,12.45
-110.467402,45.12824,82.2,25.777778,151.2,32.22,1.35
-112.569407,48.282634,0,6.333333,49.88,5.11,0.21
-112.752629,46.390054,162.9,11.555556,79.76,20.38,1.15
-114.318722,46.186541,49.5,52.025,459.85,100.5,1.1
-114.524175,47.469209,66.8,16.816667,144.96,35.21,0.8
-112.534799,46.011592,77.4,110.638889,397.77,43.15,4.1
-108.675325,45.982192,107.9,261.219445,1625.39,240.5,25.35
-98.389292,40.588716,23,69.708333,444.27,76.91,5.3
-98.097562,42.032141,0,16.611111,149.22,17.63,2.56
-99.073318,40.706364,12.1,87.525,546.94,100.48,11.13
-95.913811,41.005389,36.5,37.291667,296.27,37.53,2.04
-97.272932,42.718589,0,11.716667,98.13,10.92,0.3
-101.093394,42.456002,0,10.233333,97.86,11.59,0.02
-98.066663,40.451886,0,11.916667,97.87,17.62,0.44
-97.093083,41.538696,72.1,19.744444,136.23,28.39,8.46
-96.644805,41.824012,0,20.958333,150.11,20.99,0.34
-99.971208,41.339535,89.3,22.722222,200.9,29.69,0.89
-96.409994,42.47687,50.8,41.652778,198.24,46.99,17.35
-103.005304,42.796896,0,14.422222,101.97,20.02,6.59
-96.865797,42.591199,0,9.125,97.78,11.41,0.79
-96.490577,41.444838,29.9,74.716667,458.15,92.45,8.14
-95.961526,41.234012,72.2,1823.155159,7859.86,1568.48,1970.8
-97.705752,40.521342,0,14.5,100.23,12.03,0.64
-98.949265,40.108342,0,12.416667,100.9,9.98,1.02
-98.347232,40.913089,59,110.844444,695.85,162.05,33.58
-98.005597,40.861785,0,17.166667,152.51,17.75,0.69
-98.624897,41.215892,0,10.125,99.02,11.93,0.32
-97.664225,42.517466,0,21.083333,151.44,21.77,1.26
-96.618164,40.831587,38.7,927.403571,3531.99,548.88,288.78
-97.385281,42.043086,31.6,71.897222,454.83,80.93,11.84
-95.829756,40.373896,0,13.083333,99.97,13.09,2.95
-98.046868,40.18136,0,13.055556,100.69,13.47,0.27
-97.459929,42.260325,0,11.722222,100.46,9.71,0.42
-100.638122,40.223142,0,21.833333,149.91,24.96,1.39
-96.970556,40.647258,43.4,22.041667,195.49,33.85,9.12
-95.961072,41.124919,19.3,339.972222,2141.9,231.18,171.44
-103.6628,41.867349,20.5,80.694444,559.25,100.31,9.35
-97.109535,40.899697,0,22.902778,193.54,22.21,2.14
-102.438118,42.450352,0,5.833333,50.23,9.58,0.58
-98.920774,41.571067,0,11.166667,102.92,17.65,0.93
-96.998356,42.235442,0,11.347222,97.44,7.13,2.45
-98.494303,40.252765,0,12.416667,98.92,12.99,0.58
-97.599011,40.941327,61.9,30.236111,201.06,26.59,5.51
-118.145353,39.570334,134.4,38.819444,346.53,71.48,48.01
-115.09622,36.092998,474.1,5756.675,24263.08,5949.28,5622.79
-119.732984,38.887065,109.8,107.875,792.58,125.74,11.49
-115.795563,41.101876,65.6,92.944444,660.84,145.91,11.48
-117.727223,40.961124,36.9,11.122222,95.36,20.88,0.77
-115.075291,37.368174,0,10.833333,93.23,18.88,8.54
-119.454553,39.185105,118.8,49.325,493.77,94.31,5.4
-116.645615,38.141085,193.5,41.166667,392.94,85.39,11.16
-119.742941,39.560521,259.3,1080.355556,5258.35,1008.58,236.94
-114.79138,39.567054,355.8,16.263889,81.84,14.86,9.81
-119.754606,39.17528,400.4,128.583333,632.74,134.14,25.73
-71.363469,43.427433,52.1,108.297222,754.89,101.91,11.17
-71.111043,43.900479,59.6,72.805556,558.33,102.73,5.8
-72.059679,42.829369,55.8,108.519445,817.49,102.37,14.06
-71.134125,44.342267,71.6,64.833333,480.08,72.26,18.91
-71.641982,44.224108,57.3,137.433333,959.92,137.68,19.93
-71.482523,42.995047,105.9,644.5,4272.91,591.32,283.79
-71.339129,43.214836,97.8,248.666667,1819.89,204.19,49.53
-71.300235,42.864066,66.1,429.35,3180.72,275.44,50.38
-71.042401,43.213933,95.5,175.711111,1275.33,146.93,25.37
-72.200141,43.364909,47.7,63.302778,504.15,69.96,7.63
-106.704504,35.081648,277.6,1874.305159,7796.8,1238.84,435.13
-104.034748,33.576309,104,88.544444,554.84,105.26,17.96
-108.199321,34.935964,450.8,29.5,245.15,38.42,5.17
-103.23174,34.426648,91.2,89.733333,569.98,124.71,58.12
-106.788105,32.311998,242.6,290.658333,2029.4,439.63,63.25
-104.307355,32.756506,65.8,93.755556,587.8,125.62,23.15
-108.253322,32.777142,116.2,46.036111,401.73,31.57,7.8
-103.135616,32.703881,102.3,104.493651,732.33,197.59,55.22
-105.652989,33.9092,157.1,29.458333,197.33,45.7,3.1
-106.279217,35.804831,36.5,24.666667,195.66,13.54,2.47
-107.766562,32.258746,104,31.805556,201.16,27.79,6.28
-108.415994,35.569151,240,84.736111,781.69,294.04,11.43
-105.965451,32.798875,110.2,97.861111,723.54,93.82,59.95
-103.7417,35.205759,85.8,24.75,156.69,18.75,4.97
-107.220393,36.6354,191.2,40.216667,404.89,71.16,3.66
-103.706297,34.22032,72.1,32.236111,250.96,55.73,12.86
-106.668067,35.230465,158.5,180.638889,1162.32,188.26,52.17
-107.969505,36.31794,138.2,245.636111,1611.34,410.7,28.4
-104.569764,35.501887,150.3,44,349.97,42.89,10.77
-105.97174,35.633823,346.6,448.113889,2556.16,475.64,52.41
-107.588125,33.090664,145.4,28.083333,201.53,21.5,1.38
-107.294856,34.016591,178.9,33.638889,234.51,34.81,3.1
-105.533022,36.459476,170,34.858333,304.19,50.9,2.23
-106.156691,34.998958,362.4,20.4,187.7,25.38,3.17
-106.685687,34.818021,149.2,114.947222,844.91,148.07,27.45
-73.766462,42.670296,432.2,811.675,3739.39,245.55,942.18
-78.303322,42.2317,58.4,58.5,542.01,68.74,14.38
-73.914883,40.843094,2406.6,4188.304035,16806.06,2597.02,10676.34
-76.027958,42.113198,237.6,384.169444,2695.42,234.33,356.6
-78.419351,42.075517,121,98.694444,805.5,103.19,23.43
-76.546557,42.930289,225.6,144.158333,878.29,89.4,78.27
-79.339714,42.452483,218.5,232.938889,1721.17,178.77,91.54
-76.806408,42.080894,269.7,156.169444,1090.44,92.96,136.63
-75.422352,42.589654,131.2,59.522222,554.26,42.86,12.7
-73.466179,44.691309,269.6,98.480556,840.01,77.78,58.74
-73.788171,42.247925,399.9,110.308333,943.59,85.38,82.33
-76.17347,42.599325,119.4,79.841667,612.59,37.05,24.11
-74.92658,42.272173,127.1,61.172619,599.01,60.89,14.58
-73.541586,41.944615,337.6,530.136111,3876.78,354.19,713.62
-78.673779,43.021243,292.8,2638.792063,11910.22,808.17,3650.84
-73.679617,44.1794,179,58.475,532.56,42.25,22.83
-74.166656,44.932576,409,28.472222,209.55,31.52,48.82
-74.343697,43.062806,137.6,98.661111,750.09,70.03,28.22
-78.213229,43.088018,162.8,88.258333,701.01,47.4,40.16
-73.858855,42.41899,418.6,76.888889,709.13,59.62,37.16
-74.865462,43.049546,100.7,108.927778,954.21,90.15,29.31
-76.223308,44.091333,190.7,147.347222,1154.86,126.3,139.87
-73.951513,40.59944,1243.8,10080.95,38651.59,5248.17,23881.61
-75.241256,43.637749,59,27.372222,299.88,38.14,3.47
-77.875247,42.723684,210,103.113889,655.73,40.52,26.64
-75.542318,42.814563,79.7,40.361111,352.55,36.35,18.79
-77.627731,43.039367,359.2,2132.663889,9794.09,718.43,3995.59
-74.208542,42.950532,196.2,103.986111,823.49,94.51,43.34
-73.625246,40.666393,243.5,3857.619444,14133.85,1176.88,2962.56
-73.973117,40.801829,1840.7,3716.697884,14392.41,1389.13,4165.14
-79.037254,43.091818,134.4,571.558333,2991.45,202.18,549.73
-75.448505,43.23957,278,662.711111,3319.24,275.07,498.59
-76.250216,43.064593,288.3,1571.020635,7137.12,551.34,2013.19
-77.295473,42.893533,120.2,152.688889,1228.99,85.46,74.09
-74.007635,41.492708,308.3,595.447222,3673.16,366.96,863.69
-78.391592,43.212493,496.7,54.155556,502.99,52.38,47.87
-76.401992,43.314449,92.3,243.086111,1397.09,134.25,29.17
-75.297644,42.49738,113.7,99.525,884.94,78.26,40.84
-73.774007,41.396117,153.1,138.083333,960.16,62.25,54.69
-73.877947,40.752686,836.9,9071.459722,32318.59,5754.49,12583.76
-73.69219,42.718167,236.3,380.477778,2006.77,156.66,293.31
-74.135329,40.617078,549.7,1485.476587,5470.96,488.4,1266.32
-74.045419,41.107394,261.8,566.630556,3218.43,335.93,745.66
-74.964602,44.691301,209.8,113.5,992.32,133.96,50.09
-73.644074,42.946791,124.2,346.672619,2430.85,166.38,79.93
-73.937732,42.81949,321.8,486.938889,2131.1,193.19,495.03
-74.500832,42.673115,99,30.425,349.1,27.68,6.08
-76.883197,42.926001,279.6,53.922222,435.89,75.88,33.14
-77.658535,42.332399,110,166.858333,1296.13,140.84,37.58
-73.271111,40.831068,241.8,2735.263889,16308.8,1408.57,2285.82
-74.921263,41.834086,453.9,130.373413,1078.53,133.83,137.47
-76.479304,42.214545,99.1,62.424603,505.79,42.85,7.62
-76.618059,42.519008,169.4,160.486111,1151.97,79.86,94.75
-74.003251,41.933689,351.7,297.341667,2326.08,252.33,274.96
-73.65739,43.317069,143,131.097222,866.82,65.56,22.41
-73.53742,43.345984,231.1,83.547222,781.25,81.51,36.66
-76.828903,43.168125,142.9,132.333333,1108.94,94.68,64.26
-73.777098,41.023025,421.6,2823.583333,11253.23,1234.46,3531.14
-78.132083,42.739047,306,54.886111,475.7,43.68,28.01
-77.116661,42.596193,57.4,28.444444,261.58,85.06,5.11
-79.397998,36.077289,322.5,238.652778,1875.91,390.35,653.53
-81.095897,35.863142,130.3,35.241667,343.01,63.48,37.91
-81.226665,36.490468,51,15.402778,153.49,33.69,7.65
-80.23512,35.037999,328.8,28.166667,293.27,67.4,312.74
-81.369487,36.458028,70.9,27.725,302.05,76.24,3.9
-81.979996,35.988624,171.6,32.736111,239.14,79.34,14.19
-77.014238,35.642285,251.1,63.333333,577.28,127.1,265.29
-76.870646,35.959254,480.4,15.4375,200.81,47.7,254.6
-78.416129,34.62728,308.1,25.192857,311.16,82.38,204.6
-78.581509,33.944951,150.7,188.447222,1563.43,305.57,283.34
-82.559069,35.578768,298.9,533.127778,2886.74,601.38,396.96
-81.678666,35.615758,124.2,95.847222,901.31,226.28,112.67
-80.614852,35.464088,216.5,336.402778,1893.37,332.65,689.85
-81.488732,35.797095,124.3,98.697222,862.19,207.54,79.24
-76.306716,36.457846,99.1,7.458333,94.48,15.26,27.62
-76.318987,34.845783,107.7,238.111111,1838.12,366.75,173.76
-79.218422,36.495156,300,22.402778,304.53,44.94,194
-81.332463,35.721066,183.8,202.002778,1580.55,371.52,265.22
-79.278926,35.608759,207.1,75.347222,674.65,162.41,147.85
-83.89644,35.184397,133.7,36.238889,353.35,97.4,7.23
-76.627336,36.059199,150.1,15.411111,159.52,29.66,102.97
-83.708889,35.067689,120.2,10.277778,105.02,26.59,3.98
-81.553117,35.292215,263.4,125.594444,1139.54,275.63,474.29
-78.858297,34.411005,358.3,60.433333,664.18,164.69,385.17
-77.067206,35.105018,332.3,143,1034.63,215,464.52
-78.996377,35.07395,521.3,425.636111,3220.41,660.37,2450.03
-75.856871,36.503541,89.1,39.75,350.81,94.18,35.83
-75.641789,35.852206,96,55.272222,454.48,122.01,16.77
-80.072366,35.89865,225.7,203.605556,1737.69,394.72,338.96
-80.518361,35.824779,104,37.777778,360.25,64.21,35.56
-77.942096,34.952147,270.4,52.083333,567.9,184.55,267.83
-78.968087,36.018099,627.9,632.977778,3031.06,744.03,2160.14
-77.633203,35.879538,614.2,96.341667,745.12,146.98,788.07
-80.309265,36.162799,502.6,669.491667,4794.51,1028.08,2492.87
-78.489976,36.127819,235.1,64.888889,598.66,126.22,331.98
-81.059309,35.25098,363.2,423.388889,3376.1,674.03,1077.76
-76.713826,36.463827,151,11.763889,153.73,19.72,100.25
-78.727318,36.389549,540.3,62.833333,601.68,115.66,396.04
-77.564818,35.475924,440,16.597222,176.52,68.24,135.29
-80.024298,35.968062,557.3,921.575,6189.47,1188.22,3981.99
-77.662791,36.467192,427.2,71.375397,615.94,148.75,637.59
-78.948914,35.242225,294.6,151.694444,1366.86,328.48,563.19
-82.995654,35.493177,141.3,97.655556,774.66,143.47,15.94
-82.408899,35.275655,156.1,177.788889,1351.99,291.21,98.67
-77.038093,36.463518,495,26.986111,256.31,58.61,295.2
-79.227384,35.115129,376.5,34.433333,404.95,124.57,260.77
-80.874167,35.794246,125.8,266.763889,2226.18,424.19,569.01
-83.1285,35.186227,93.4,53.686111,452.85,124.65,11.2
-78.360863,35.336356,243.8,145.883333,1289.59,332.29,427.38
-77.176595,34.938679,184.4,13.555556,151.5,47.31,91.08
-79.174031,35.469082,361.4,78.763889,664.25,188.71,277.34
-77.592403,35.279874,480.5,90.833333,738.99,167.22,643.37
-81.253564,35.468238,118.8,96.597222,908.61,150.23,87.39
-82.025794,35.806191,71,58.125,500.09,118.72,37.69
-83.569805,35.203101,176.9,57.411111,465.1,112.9,14.56
-82.855831,35.833797,110.6,28.405556,313.49,59.89,5.67
-77.265635,35.950246,322.6,30.944444,320.63,61.08,275.17
-80.768057,35.360859,657,2493.972222,11967.63,2750.89,7507.9
-82.241039,36.085956,92.2,22.027778,199.8,48.89,1.32
-79.780642,35.385382,172.7,28.494444,311.31,71.95,127.14
-79.481058,35.323337,163.6,107.216667,936.08,163.71,210.79
-77.804796,35.94951,401.1,145.636111,939.15,182.04,732.29
-77.862985,34.229677,296.5,485.394444,2248.99,446.16,706.37
-77.686079,36.511212,402.4,20.533333,259.81,62.21,253.85
-77.318795,34.851242,181.4,180.486111,1350.63,268.4,464.42
-79.084357,35.909718,227.9,277.877778,1469.08,188.77,309.74
-76.646396,35.110802,185.1,21.458333,197.13,41.78,69.09
-76.218014,36.304259,323.6,75.433333,516.25,128.7,385.43
-77.610693,34.378803,197.5,89.111111,759.71,157.8,232.25
-76.53371,36.178248,169.5,13.305556,155.41,37.72,74.02
-79.03979,36.472012,259.4,38.736111,364.18,63.9,200.57
-77.351942,35.580511,425.9,222.769444,1678.35,321.25,1140.7
-82.206261,35.325063,134.9,33.833333,314.6,58.02,29.34
-79.985348,35.913371,187.3,160.411111,1424.47,388.26,190.61
-79.823589,35.10233,377,65.916667,558.65,129.1,352.92
-78.991319,34.623987,410.4,144.655556,1500.38,401.47,761.54
-79.685573,36.318072,232.6,116.875,1090.59,214.52,400.25
-80.488896,35.674725,297.6,192.016667,1513.64,354,561.28
-82.038834,35.450775,112.9,75.630952,668.54,147.76,131.21
-78.251445,34.757171,305.3,56.883333,557.97,165.32,284.32
-79.464284,34.911032,432.4,42.516667,355.42,81.71,277.34
-80.18826,35.354829,182.8,78.264683,654.21,143.55,144.98
-80.30572,36.307751,112.9,41.366667,457.63,100.52,35.53
-80.844509,36.492345,127.3,121.430556,1129.04,268.81,91.06
-83.574601,35.362332,100.3,18.777778,153.9,62.76,1.15
-82.845979,35.202352,104.8,42.089286,359.04,103.02,31.98
-80.744653,34.866284,146.1,260.877778,2077.07,388.3,473.77
-78.402841,36.300086,516.9,63.563889,533.92,110.38,527.5
-78.648182,35.790637,369.2,1878.141667,9491.13,1505.97,3403.36
-78.16525,36.294883,388.8,25.722222,305.34,73.5,263.69
-76.765403,35.792879,390.1,13.253968,158.6,40.17,120.24
-81.662993,36.197836,66.3,93.333333,653.79,118.15,16.59
-77.979093,35.367685,310.6,156.983333,1349.58,320.79,908.63
-81.166203,36.321321,112.2,69.272222,717.75,163.05,63.94
-77.936775,35.741703,489.8,127.261111,986.99,268.78,806.8
-80.497649,36.190644,112,34.405556,354.19,74.2,24.37
-82.406854,35.962933,76.1,27.319444,252.45,66.64,3.44
-103.399706,46.193617,0,3.833333,46.88,3.46,0
-100.764492,46.810704,74.3,150.875,944.04,112.24,43.27
-96.89169,46.873509,125.5,403.525,1605.88,229.78,198.9
-98.376174,48.761235,0,8.666667,48.93,2.12,0.1
-97.073889,47.923778,87.3,215.397222,815.55,102.3,66.18
-103.778578,47.697943,122.8,23.916667,178.44,77.3,6.02
-101.004956,46.621626,58.1,35.838889,248.59,25.89,4.17
-97.750475,48.678472,87,19.75,150.63,12.88,0.67
-98.717194,48.271962,0,22.333333,145.87,17.95,1.42
-97.414209,46.471086,0,18.333333,151.4,10.67,2.02
-97.005702,46.530358,73.6,38.388889,286.86,18.85,2.98
-102.778997,46.884138,56.1,58.847222,390.06,67.59,16.17
-98.700753,46.925658,56.5,39.613889,286.41,41.12,7.14
-97.278399,48.365235,56.9,29.083333,241.37,24.16,1.41
-101.314935,48.239309,69.4,99.619444,618.41,79.43,42.48
-103.852975,48.333013,51.3,52.458333,319.73,72.71,19.98
-83.582948,38.840594,73.8,30.055556,302.31,45.44,2.3
-83.937041,40.775441,206.5,229.738889,1629.25,228.64,487.93
-82.37017,40.883654,28.9,73.75,563.38,86.43,8.82
-80.807409,41.851031,141.3,153.7,1259.1,211.34,94.61
-82.092558,39.331714,86.5,127.944444,704.21,90.96,39.45
-84.39992,40.538655,52.8,71.227778,551.95,43.33,6.92
-80.737269,40.092666,144.6,136.263889,942.47,106.11,70.52
-83.905073,38.834381,76.7,47.666667,449.73,67.85,7.08
-84.378766,39.521292,139.6,710.79246,4093.02,478.37,715.05
-81.073583,40.585233,34.6,36.247222,348.08,63.14,1.66
-83.628443,40.183264,84.9,48.85,503.3,47.92,17.54
-83.771174,39.916953,137.1,288.752778,2272.98,300.19,462.9
-84.303706,39.076022,89.6,252.583333,1979.04,199.38,56.97
-83.980147,39.29497,102.1,46.388889,456.02,50.33,17.11
-80.655557,40.599754,92.7,158.997222,1201.65,160.29,50.64
-81.855843,40.271698,62.6,60.208333,504.64,88.71,11.83
-82.976139,40.806357,68.4,88.555556,663.6,74.4,14.44
-81.601978,41.526525,457.4,4757.05,20867.36,2267,13905.83
-84.514386,40.049216,77.3,69.104762,603.44,67.37,9.63
-84.765862,41.2887,90.6,54.041667,451.92,50.14,16.79
-82.906095,40.138948,79.5,255.819444,1762.26,136.96,119.95
-82.688821,41.425501,131.9,163.730556,865.83,83.6,162.18
-82.432374,39.737704,156.7,183.241667,1405.55,161.55,163.52
-83.378146,39.635397,92.6,40.708333,357.45,49.62,16.54
-82.978109,39.94737,463.9,3292.896032,14391.72,2399.63,7264.97
-84.001258,41.57216,56.8,53.152778,454.07,42.87,3.69
-82.221342,38.799943,80.1,34.783333,356.55,66.86,14.89
-81.244411,41.386407,45.4,114.572222,1054.41,227.02,30.08
-84.00719,39.835469,136.4,246.066667,1778.11,161.25,253.25
-81.616518,40.019662,88.4,59.611111,503.64,69.54,12.68
-84.576536,39.087435,447.4,2549.84127,11354.42,1379.78,6321.23
-83.639073,41.071749,92.4,94.05,659.59,54,23.18
-83.84202,40.769236,68.6,39.944444,352.77,66.67,3.94
-81.039254,40.224775,69.6,26.666667,249.06,47.54,13.08
-83.987808,41.210812,39.9,41.094444,355.45,27.81,6.18
-83.537181,39.099214,72.4,51.902778,461.04,74.74,13.2
-82.263689,39.518663,121.1,41.236111,358.75,39.71,5.18
-82.817,41.269336,82.6,76.833333,656.8,88.37,17.41
-82.619526,39.069782,104.2,38.758333,359.85,59.13,5.18
-80.6176,40.351796,118.3,152.986111,1177.49,129.61,155.48
-82.470267,40.420363,68.9,73.3,616.18,114.31,11.59
-81.279498,41.667791,98.8,633.597222,2909.83,283.21,256.15
-82.697966,38.546902,108.9,92.972222,718.22,78.21,31.75
-82.421973,40.080933,124.9,210.980556,1639.84,209.81,122.98
-83.784138,40.454513,73.4,66.386111,554.73,66.61,17.05
-82.193355,41.448087,165.7,496.755556,3682.21,414.33,713.47
-83.715548,41.696482,274.4,1517.394444,6491.85,839.37,3334.7
-83.499357,39.955433,234.1,57.75,566.57,71.62,15.43
-80.681815,41.034475,270.6,447.137302,3359.13,341.62,1425.46
-83.13588,40.578381,210.3,117.855556,860,100.27,59.43
-82.123992,41.064349,67.4,252.633333,1858.47,143.34,49.44
-82.060551,39.007385,56.2,31.486111,300.11,39.62,6.67
-84.627145,40.690968,41.8,55.361111,443.51,33.94,7.38
-84.287668,40.122167,87,140.576984,1059.35,123.56,35.95
-81.129973,39.815067,76.6,20.208333,201.41,26.68,1.47
-84.228483,39.804715,334.2,1748.095833,7910.8,1047.78,3703.74
-81.849645,39.652629,112.6,16.638889,199.62,30.5,19.23
-82.784926,40.387602,56.8,24.380556,299.25,43.17,4.89
-81.987079,39.913043,99.8,121.988889,982.56,100.86,75.96
-81.487592,39.697383,303.7,15.375,124.66,19.05,11.71
-83.135846,41.517051,30.9,67.658333,560.51,46.45,14.85
-84.45765,41.055491,44.8,26.111111,249.01,28.31,3.84
-82.277026,39.787324,129.4,31.8,300.45,29.97,2.15
-82.93685,39.597105,286.9,74.352778,606.14,72.13,18.84
-83.207056,39.14164,103.4,32.916667,304.32,41.21,9.65
-81.244884,41.31094,78.3,216.694444,1775.83,177.34,130.09
-84.631972,39.728916,55,63.497222,601.92,81.72,8.26
-84.053741,41.03589,36.2,41.347222,348.45,19.5,2.71
-82.526769,40.752916,155.9,199.347222,1484.44,215.25,273.81
-82.995643,39.339253,158,93.761111,816.26,96.15,90.52
-83.146242,41.356118,97,100.288889,758.76,72.01,48.62
-82.976123,38.74278,110.1,120.619445,1019.75,112.25,65.46
-83.130312,41.09675,53.3,91.302778,700.74,66.8,43.69
-84.155767,40.285093,74.6,58.361111,495.54,43.65,27.3
-81.404374,40.792012,159.1,653.369444,4361.15,500.7,775.37
-81.513967,41.060659,204,1045.000794,6972.43,842.18,2515.08
-80.64688,41.147961,136,348.400397,2824.23,370.5,472.71
-81.332086,40.344377,36.4,150.16627,1069.18,161.31,17.01
-83.393063,40.458751,141.4,52.166667,505.99,46.59,19.57
-84.532319,40.765718,50.8,56.555556,454.59,38.79,13.34
-84.341881,39.311726,104.4,223.326984,1630.17,148.89,59.05
-81.573001,39.276996,90.8,102.305556,807.36,110.54,22.01
-81.815425,40.750165,72,203.402778,1601.71,347.12,45.89
-84.534115,41.470811,100.1,55.980556,452.9,42.13,9.68
-83.603128,41.538497,75.7,195.088889,1416.42,121.27,64.22
-83.414063,40.80969,38.1,34.569444,304.03,31,1.05
-94.662199,36.116239,84,21.736111,252.16,135.81,0.88
-98.448471,36.741143,205.9,18.833333,127.06,37.58,6.6
-95.917862,34.520038,43.5,18.027778,184.39,68.38,16.41
-99.580304,35.244102,146.1,32.261905,186.81,55.98,14.99
-98.564002,36.044115,324.7,28.125,250.59,56.57,12.42
-96.338712,33.923692,137.9,65.805556,556.96,200.43,19.46
-98.336776,35.37954,151.6,43.215278,388.57,137.49,14.77
-97.689157,35.43518,126.5,201.730556,1442.5,326.61,99.34
-97.501555,34.225946,100.7,84.336111,562.23,179.53,76.36
-94.952194,35.905843,94.8,50.805556,456.06,191.76,11.45
-95.507529,34.008367,149,28.986111,261.97,110.75,57.76
-102.502911,36.738674,0,5.5,49.21,15.08,0
-97.443583,35.365522,123,567.522222,3083.44,643.06,302.18
-98.483444,34.630801,192.9,234.036111,1508.7,436.67,516.14
-95.189674,36.888443,192.4,30.638889,245.11,73.07,13.61
-96.106014,36.000514,136,118.569444,1058.44,264.87,42.81
-99.032638,35.57036,80.2,39.722222,249.96,75.54,15.53
-94.725326,36.406186,70.3,48.644444,456.39,169.09,4.39
-99.073423,35.917455,0,18.666667,151.62,46.96,0.6
-97.917127,36.419842,98.4,92.416667,601.63,166.2,28.44
-97.618199,34.838794,57.1,54.791667,453.13,131.28,20.36
-98.016272,34.988115,64.4,65.097222,498.03,126.26,31.17
-99.564037,34.848591,531.2,9.916667,80.92,30.26,13.39
-95.296557,35.182266,47.3,14.361111,148.8,56.99,2.74
-96.279131,35.078347,179.5,30,239.22,96.73,25.22
-99.558508,34.541002,105.6,39.3,300.02,68.4,33.87
-97.964468,34.202627,101.2,12.5,97.33,34.08,2.2
-96.66907,34.363076,130.9,12.75,151.84,50.2,4.96
-97.064909,36.738715,94.8,82.930556,552.71,154.49,27.38
-97.880497,36.06353,85.4,22.972222,204.16,47.89,4.59
-95.270891,34.768648,70.8,13.125,145.33,62.86,3.42
-94.721729,34.84063,150.3,64.375,600.4,215.24,22.89
-96.820507,35.673852,113.2,37.830556,353.19,94.68,13.41
-97.408574,35.885118,88.9,44.5,412.08,103.42,87.51
-97.100259,33.931945,71.8,14.555556,150.69,42.19,8.43
-97.499844,35.060362,96.1,35.252778,298.98,73.59,8.3
-94.735371,34.349482,63.7,37.972222,352.94,154.78,59.99
-95.69648,35.3051,136,29.513889,303.36,120.28,16.28
-96.782521,34.084094,70.5,20,202.9,69.16,6.36
-95.079711,36.327577,32.1,51.430556,450.42,142.21,5.24
-96.99608,34.501647,68,19.444444,148.51,39.13,4.01
-95.230011,35.434458,183.6,113.942064,821.68,255.56,238.02
-97.29474,36.305702,172,25.208333,203.73,35.1,1.42
-95.616579,36.702842,117.8,16.694444,198.87,66.63,8.01
-96.302127,35.424107,250.9,20.402778,185.3,94.02,28.62
-97.543505,35.413471,357.7,2595.011905,12101.71,3661.25,4005.24
-96.037701,35.6496,112.4,62.983333,505.1,170.74,94.06
-96.742902,36.572941,157.7,65.983333,547,139.9,100.27
-94.884398,36.884336,50.9,62.388889,457.24,159.91,11.25
-96.79318,36.355662,109.6,25.708333,249.79,79.18,5.95
-97.111586,36.103469,102,131.472222,826.31,231.63,68.1
-95.805512,34.948707,114.6,70.188889,610.09,195.57,22.59
-96.678232,34.775976,82.2,71.094444,506.77,175.52,24.12
-96.920986,35.354458,132.2,108.672222,833.26,241.62,57.31
-95.624314,36.315198,98,162.416667,1413.61,331.48,25.48
-96.645417,35.24103,84.5,49.65,454.73,177.58,40.6
-94.814822,35.462268,110,54.170635,455.18,175.91,21.1
-97.960459,34.507353,77.1,76.430556,565.13,151.92,20.6
-101.396252,36.688906,69,31.966667,234.53,87.94,9.72
-99.019405,34.413632,82.5,26.222222,200.87,61.71,30.21
-96.064958,36.141989,302.8,1964.477778,8978.65,2568.23,2113.84
-95.690181,36.04629,69.5,113.605556,1109.3,260.33,69.69
-95.91738,36.749745,111.9,89.027778,661.49,195.98,49.34
-98.743655,36.581983,80.6,23.661111,143.88,33.83,7.45
-99.122425,36.517856,138.6,34.494444,238.76,63.06,5.37
-117.794372,44.907809,94.1,54.722222,290.17,50.04,5.53
-123.327912,44.385221,71.3,206.861111,892.72,99.38,20.13
-122.512661,45.418898,171.4,876.411111,4006.65,425.84,71.18
-123.813262,46.059869,186.9,109.347222,550.64,85.74,8.53
-122.947172,45.877127,119.9,81.025,494.09,57.2,4.58
-124.185595,43.196565,127.9,119.656746,653.3,85.2,7.43
-120.233092,44.051757,105.1,28.958333,200.49,27.77,1.84
-124.172115,42.719944,77.7,34.694444,204.24,22.95,2.07
-121.725189,43.716355,76.6,213.616667,1209.38,183.1,13.61
-123.376768,42.922008,100.4,182.877778,1115.33,149.14,9.33
-121.681936,45.490768,82.2,37.986111,198.53,34.07,2.27
-122.890308,42.351327,154.5,441.638889,2102.46,307.99,29.53
-121.502106,44.513841,146.7,36.458333,239.2,40.4,4.77
-123.590453,42.631478,101.9,127.251587,810.57,130.79,7.76
-121.783789,43.26982,57.3,182.283333,992.19,167.04,15.32
-120.567619,42.205577,73,11.404762,93.56,17.04,0.54
-122.974779,44.049893,128.9,945.644444,4251.63,583.36,90.91
-124.060781,44.63178,112.9,170.916667,827.42,141.11,9.33
-122.673038,44.367056,108.3,199.133333,1062.52,150.65,9.24
-117.642093,43.169061,148.4,64.427778,326.31,69.49,6.16
-123.026341,44.956925,153.7,680.478571,2913.32,445.86,66.62
-119.74767,45.763692,117.5,7,49.62,11.22,0.19
-122.761525,45.59146,467.4,2592.62381,8548.76,1110.78,900.4
-123.057383,44.944508,101,123.716667,613.7,69.5,9.89
-123.690685,45.722905,114.8,60.448413,405.2,52.28,3.06
-119.113208,45.617725,108.1,134.149206,683.01,100.66,13.03
-117.855932,45.375369,66.5,56.416667,246.03,31.95,3.02
-121.151189,45.110716,134.7,76.847222,396.24,62.61,2.88
-122.891077,45.50197,167.8,1302.308333,5258.98,626.21,195.45
-123.217648,45.200807,105,175.547222,852.38,104.9,14.24
-77.021817,39.818882,196.4,166.7,1161.44,125.75,32.23
-79.954901,40.624149,282,4854.027778,19800.68,1656.89,6237.09
-79.532673,40.769346,69.5,111.572222,801.51,62.77,18.02
-80.271522,40.687815,93.3,488.261111,2631.56,207.99,349.68
-78.593097,40.151301,96.3,63.961111,556.06,73.12,7.37
-75.919185,40.346166,315.8,711.144444,4517.82,568.03,538.25
-78.412879,40.504049,110,290.461111,1745.82,154.9,65.8
-76.447208,41.770658,82.5,89.644444,709.67,94.86,7.14
-75.122933,40.256161,176.6,1394.082143,7240.08,596.79,562.1
-80.13756,40.68898,55.5,306.919444,2176,139.27,49.09
-78.911027,40.311298,128.7,323.730556,2091.55,177.28,181.73
-75.662251,40.850068,249.7,71.694444,551.89,46.14,26.76
-77.621866,40.828989,144.7,327.163889,1457.37,157.61,69.58
-75.757563,39.841496,121.9,978.786111,5799.83,623.76,687.12
-79.380305,41.210621,212.9,67.322222,510.65,75.98,10.61
-78.174726,40.999835,112.7,134.166667,969.3,104.29,40.31
-77.43455,41.1342,94.4,56.8,405.46,59.71,13.32
-76.450213,40.992952,184,106.977778,778.79,63.61,23.16
-80.377911,41.784469,89.9,139.316667,1172.41,179.93,32.23
-77.212962,40.193856,137.2,505.622222,2475.2,256.54,190.03
-76.890709,40.268107,507.5,776.330555,3361.55,380.81,1447.29
-75.301014,39.908767,337.7,1889.174206,7419.66,693.38,3476.39
-78.622212,41.571519,50.3,51.2,443.24,26.72,6.87
-80.126182,42.118091,153,786.322222,3565.81,344.4,640.63
-79.891038,40.018803,101.8,248.555556,1840.84,176.23,149.93
-79.38019,41.564205,87,15.458333,121.05,12.22,37.49
-77.549362,39.815074,114.3,186.969444,1383.56,247.79,110
-78.181788,39.808407,48,15.680556,148.45,18.5,4.43
-80.142367,39.901635,112.6,54.206944,430.25,38.65,25.82
-78.107316,40.402013,114.4,69.883333,589.46,54.42,44.37
-79.159724,40.540322,61.3,153.888889,1149.31,161.88,45.34
-77.327688,40.634978,86.1,22.336111,201.5,45.82,4.22
-75.654836,41.405385,229.6,502.319444,3021.57,287.54,192.82
-76.012352,40.008895,174.9,733.222222,4998.44,1084.25,479.72
-80.368153,40.877878,95.2,206.425,1445.71,140.09,134.15
-76.223172,40.33193,178,250.336111,1581.66,264.47,80.88
-75.709879,40.605149,380.1,942.916667,3878.3,506.68,587.98
-75.869507,41.239816,165.3,792.033333,5236.74,512.88,541.55
-77.014147,41.243132,194.8,206.587698,1409.02,150.03,137.6
-78.645746,41.950869,48.5,79.819444,586.74,44.5,21.28
-80.498841,41.240978,85.3,206.119444,1533.8,167.74,209.8
-77.488159,40.756568,69.8,80.46627,565.2,93.24,6.23
-75.242667,41.202056,227.5,231.5,1667.11,216.77,449.75
-75.282163,40.259116,131,2407.158333,10852.49,787.77,1962.88
-76.600559,40.964727,141.6,25.916667,209.74,22.72,7.7
-75.203319,40.680204,73.5,799.382937,3445.2,326.91,381.27
-76.407731,40.796425,112.6,190.929365,1204.24,103.2,55.44
-77.191345,40.47664,50.9,56.719444,492.73,96.77,8.76
-75.14842,39.976071,1288.5,5531.385913,19523.43,2873.7,16060.84
-74.801136,41.323785,260.9,119.475,883.48,99.96,84.17
-77.968726,41.776612,56.3,29.944444,251.08,32.8,1.53
-76.191447,40.820643,157.5,282.177778,1927.9,199.86,96.12
-77.276381,40.755829,69.4,54.038889,407.29,79.53,12.67
-78.818081,40.11343,110.6,95.848413,774.37,101.99,31.36
-75.567277,41.956142,94.2,64.788889,546.82,71.62,9.71
-77.100751,41.808957,68.6,58.486111,505.9,72.66,7.37
-76.89102,40.964853,287.4,59.986111,405.1,69.76,14.15
-79.708264,41.425454,45.3,105.55,815.63,102.68,13.08
-79.263198,41.72284,17.7,70.772222,596.92,56.68,6.11
-80.232041,40.165696,62.2,432.677778,2945.87,241.86,210.96
-75.398956,41.639407,74.7,86.027778,675.67,79.8,28.4
-79.760969,40.570048,47.9,787.911111,5028.09,362.89,350.01
-75.84116,41.486602,30.1,39.236111,348.16,28.5,7.35
-76.7431,39.953906,219.3,868.9,4547.74,524.75,678.49
-71.25689,41.73056,94,128.375,572.46,26.06,12.42
-71.55846,41.67143,91.7,447.686111,1963.45,129.21,73.46
-71.189153,41.666648,100.2,254.388889,1106.25,105.65,105.68
-71.363885,41.892371,263.1,1910.256349,7250.35,786.7,1450.13
-71.453661,41.56204,62.3,248.152778,1448.12,82.82,35.54
-82.41126,34.32681,254.9,27.794444,311.4,65.44,156.34
-81.804015,33.530943,339,179.125,1651.14,335.53,774.54
-81.432828,33.028886,534.8,5.75,53.53,9.55,83.82
-82.731618,34.539778,203.2,248.794444,2029.59,404.8,716.68
-80.97495,33.237563,702.3,21.178571,205.95,47.75,206.7
-81.396382,33.393707,642.8,27.241667,259.65,57.33,238.25
-80.720646,32.586034,212.5,253.391667,1965.48,401.61,608.9
-80.01012,33.207592,240.4,278.136111,2203.04,496,1107.96
-80.645553,33.620174,357,13.088889,155.36,26.37,122.1
-80.06119,32.979901,488,957.15,4385.72,914.63,2499.09
-81.639762,34.931683,198,69.616667,675.29,140.53,260.51
-80.903426,34.574612,340.4,53.541667,564.83,114.65,414.63
-80.335986,34.64442,230.9,36.205556,352.8,78.8,209.85
-80.081687,33.886628,534.3,46.263889,525.09,116.33,466.02
-80.760889,32.800853,529.7,40.397222,473.4,99.58,337.41
-80.075633,34.354217,475,97.166667,850.3,176.6,695.77
-79.208391,34.327912,585.3,29.672222,316.54,88.62,295.25
-80.641832,33.145795,327.5,170.213889,1281.25,229,636.7
-82.083518,33.797232,568.5,27.008333,281.47,53.8,214.39
-81.175131,34.287112,516.6,19,206.2,41.68,226.12
-79.790493,34.179747,672.6,198.172222,1713.32,345.29,1392.19
-79.22637,33.556352,425.5,83.145238,684.76,127.84,413.8
-82.364727,34.870968,332,1064.330556,5659.93,1333.21,2240.59
-82.159515,34.225709,390.9,81.130556,743.47,152.31,394.58
-81.272607,32.653262,724.2,23.147222,244.94,49.29,279.09
-79.008358,33.580568,324.7,484.416667,3617.59,994.79,896.45
-80.904806,32.047304,355.1,20.241667,198.9,57.83,164.69
-80.815631,34.175104,332.4,73.388889,766.9,157.27,333.57
-80.759031,34.718506,369.5,81.713889,733.29,144.14,383.55
-82.128164,34.699868,357.4,80.247222,873.44,187.92,375.36
-80.226442,34.197065,1197.8,22.486111,309.55,60.49,383.12
-81.241492,33.88129,313.8,505.458333,3758.83,691.07,1145.94
-82.24727,33.923027,332,13.216667,138.68,18.74,113.29
-79.471603,34.155277,623.7,39.491667,428.08,108.44,452.05
-79.553807,34.561698,450.2,33.733333,340.75,81.28,346.72
-81.619103,34.425432,344.8,39.597222,409.66,76.19,246.89
-83.176995,34.821045,143.3,90.588889,759,170.81,96.35
-80.843882,33.498712,636,116.613889,1076.91,229.67,1282.06
-82.780377,35.015025,156.1,188.863889,1412.67,268.75,169.23
-81.070467,34.068936,857.1,911.820238,4472.69,841.49,4170.08
-81.747224,34.114892,197.9,20.916667,247.73,70.46,120.39
-81.939801,34.940032,266.7,447.75,3574.25,719.04,1741.55
-80.248602,33.868148,638.3,150.125,1190.99,269.06,1180.07
-81.708118,34.632512,285.4,43.486111,467.01,95.27,298.82
-79.832019,33.495295,812.7,42.272222,545.09,96.28,638.29
-81.030978,34.939632,212.9,310.908333,2330.99,406.5,1073.08
-98.242024,44.391017,34.1,40.572222,293.43,43.95,4.68
-97.993594,42.970292,151.6,12.666667,84.59,10.49,2.69
-96.773511,44.277404,46.6,41.625,294.23,37.16,7.73
-98.430538,45.434443,55.9,62.769444,406.45,65.98,16.69
-103.942418,44.648637,105,13.755556,96.27,29.96,1.23
-96.97941,42.925883,81.4,18.925,151.96,19.44,4.53
-97.083672,44.900184,47.1,53.138889,346.92,45.41,4.69
-98.003704,43.709547,72.4,31.327778,202.37,24.08,4.65
-100.869993,45.157387,216,4.611111,48.22,22.69,0.1
-99.452131,45.418801,0,6.25,51.26,5.12,0.04
-96.710551,45.271836,0,9.988095,95.49,13.28,0.65
-99.092092,43.10813,0,6.166667,48.56,6.6,0
-99.006302,44.548602,0,11.333333,99.19,8.72,0.28
-100.279314,44.375112,83.8,30.455556,201.06,30.14,0.7
-103.948535,44.547581,43.9,35.861111,252.67,46.62,4.7
-96.879681,43.471416,38.8,73.322222,550.73,58.02,13.88
-99.87572,43.853512,0,5.833333,47.21,5.72,0
-103.096544,44.157955,129.8,27.638889,227.11,42.59,16.88
-96.667407,43.55036,173.1,463.330556,2070.59,355.14,244.45
-103.747268,44.004783,84.9,173.680556,1085.6,257.96,28.21
-99.884437,43.34536,0,10.972222,98.97,12.52,0
-97.136216,43.223377,72.9,10.291667,100.05,11.74,0.92
-97.391921,42.872786,82.5,35.125,238.08,36.93,7.78
-84.308615,36.002766,132.7,91.325,869.29,163.7,69.16
-86.480287,35.449412,171.9,45.666667,451.76,93.38,61.8
-88.024489,36.22921,93.5,23.888889,253.34,44.98,16.71
-85.126779,35.552873,73.7,10.333333,123.61,38.48,9.81
-83.983258,35.753971,118.3,152.861111,1334.62,232,79.42
-84.875009,35.164886,146.2,126.402778,982.53,238.52,115.45
-84.264572,36.286502,64.6,48.475,511.96,120.07,3.84
-86.05356,35.8875,203,13.138889,150.85,28.51,4.77
-88.276659,36.054619,140.8,33.636111,356.39,65.99,72.26
-82.220094,36.333373,95.2,79.277778,860.43,207.96,26.2
-87.079933,36.233904,184.8,45.819444,450.04,89.18,14.98
-88.637403,35.447313,88.5,14.722222,155.64,40.04,27.02
-83.829884,36.475198,57.8,40.861111,410.06,61.26,7.55
-83.156936,35.815567,122.9,35.694444,411.32,94.26,13.44
-86.200325,35.380329,125.7,63.027778,560.29,97.24,44.52
-89.192214,35.907992,118.3,22,262.53,54.62,61.38
-84.830929,35.895542,80.6,74.722222,712.89,134.02,16.91
-86.95769,36.071647,619.7,1671.606746,8210.21,1901.14,4358.62
-88.098367,35.646932,130.3,18.5,204.35,41.47,19.27
-85.925336,36.022639,196.3,18.680556,199.63,39.78,7.18
-87.284317,36.228672,146.2,55.958333,508.66,106.75,40.4
-89.544519,36.062099,129.5,37.083333,405.6,71.23,91.77
-89.613343,35.261935,190.5,47.611111,553.84,75.37,316.75
-84.933411,36.472083,69.2,17.097222,201.49,31.09,1.21
-86.224553,35.25994,63,44.388889,458.31,76.27,42.03
-89.000445,36.057759,194.1,63.261111,619.5,112.33,199.16
-86.927456,35.246546,163.3,40.333333,411.42,73.11,73.15
-83.533497,36.332726,94,20.633333,248.96,53.02,1.88
-82.847823,36.181423,90,65.880556,758.8,140.55,33.62
-85.742463,35.299468,148.7,17.930556,203.35,54.28,3.63
-83.31303,36.1715,127.2,71.861111,607.96,139.19,56.3
-85.257638,35.058871,330.5,680.6,4146.87,772.97,1768.75
-83.149137,36.50528,88.8,6.861111,98.9,21.35,0.81
-88.899888,35.314512,221.6,23.305556,279.43,62.46,250.66
-88.30549,35.062539,136.3,30.958333,310.1,69.57,22.61
-82.993518,36.352645,71,60.972222,661.02,115.29,16.58
-89.166021,35.627259,661.4,29.555556,318.35,67.16,291.98
-88.256597,35.703129,93.3,27.702778,305.32,56.88,41.97
-88.321783,36.296341,119.2,45.513889,463.16,86.72,78.79
-87.581279,35.894934,167.6,27.708333,272.68,51.89,42.34
-87.764936,35.948791,107.5,24.327778,255.22,34.99,10.65
-85.71067,36.280513,115.8,12.083333,150.19,34.76,1.71
-83.506689,36.01041,105.7,50.716667,458.58,89.57,14.6
-81.752362,36.499124,146.6,19.430556,226.66,48.78,13.84
-83.842299,35.999449,240.2,978.708333,5702.61,922.27,1121.38
-89.445281,36.416814,317.9,10.333333,84.84,22.65,49.37
-89.765853,35.733704,305,37.083333,444.28,85.42,300.53
-87.505372,35.315697,112.8,52.2,557.41,127.93,20.98
-87.58081,35.570377,67.3,9.766667,103.15,22.36,3.33
-86.758386,35.176025,130.6,36.011111,457.49,74.44,53.43
-84.20431,35.694382,132.9,55.505556,506.79,102,11.15
-84.741914,35.367257,104.6,54.425,515.39,105.48,39.07
-88.597397,35.319486,100.6,28.094444,359.98,79.79,34.57
-85.873804,36.522576,64.3,16.555556,203.91,44.5,0.79
-88.80164,35.660334,312.3,168.269444,1401.41,274.91,1110.79
-85.792783,35.110216,93.5,28.555556,309.38,46.69,13.24
-86.802018,35.460334,135.3,33.805556,303.9,46.43,49.6
-86.968683,35.504793,211.2,99.636111,882.37,145.17,193.62
-84.796333,35.518308,141.4,13.666667,150.79,32.16,5.83
-84.260478,35.305193,105.5,35.722222,356.77,64.23,16.19
-87.42554,36.578367,215.4,243.847222,1905.48,352.85,801.59
-86.325594,35.25517,0,8,99.97,19.67,5.16
-84.536913,36.11825,86.1,16.930556,237.67,49.19,19.64
-89.323321,36.316287,117.1,50.569444,514.81,90.8,86.08
-85.189443,36.389195,105.3,26.638889,357.94,55.05,3.23
-87.858462,35.575184,88.6,8.152778,101.45,33.76,4.37
-84.571757,35.161995,103.1,17.180556,202.6,52.13,1.2
-85.527569,36.160061,160.2,92.680556,764.97,129.95,39.53
-84.877971,35.638838,153.7,31.25,302.77,53.27,12.93
-84.674173,35.815591,96.5,52.102778,505.19,81.72,24.14
-86.873472,36.477206,197.7,82.180556,712.43,129.28,120.1
-86.362261,35.848498,228.2,314.777778,2436.71,428.97,693.49
-84.523749,36.427228,27.1,16.575,199.27,45.47,2.01
-85.47369,35.436174,123.8,13.183333,151.25,41.52,0.4
-83.373822,35.816989,146,107.277778,851.46,290.29,18.26
-89.878753,35.212737,834.7,2379.380556,11333.48,2719.02,12522.76
-86.03693,36.239387,136,24.833333,250.07,40.65,14.98
-82.162499,36.582688,133.3,274.438889,2013.48,330.57,85.43
-86.462915,36.351538,145.8,233.638889,2147.32,352.04,251.67
-89.620429,35.559556,163.7,57.038889,651.97,130.79,265.31
-86.156817,36.39205,174.2,11.638889,88.34,24.11,23.85
-82.408368,36.146148,89.5,22.972222,197.41,39.95,1.6
-83.742155,36.260001,59.1,17.608333,200.68,46.1,1.9
-85.436167,35.670818,138.9,8,99.41,29.27,0.56
-85.867267,35.605758,107.3,44.694444,450.96,108.39,17.54
-82.379744,36.313257,218,143.080556,1123.55,206.75,108.69
-87.713622,35.302462,88.2,16.541667,184.54,47.26,23.88
-88.865386,36.34178,87.1,51.611111,511.95,94.81,90.1
-85.342037,35.894102,112.3,26.416667,307.7,70.55,14.07
-86.830891,35.92893,87.1,273.333333,1888.35,168.38,141.74
-86.332932,36.209853,172.6,126.944445,1070.14,145.86,169.22
-95.516631,31.78841,644.9,51.486111,438.13,136.32,156.96
-102.55383,32.328351,82.9,29.416667,194.9,82.55,2.15
-94.706195,31.31128,242.5,104.569444,871.78,321.38,260.63
-96.944173,28.168779,162.3,39.302778,255.01,88.76,7.28
-98.32296,28.880915,170.2,41.958333,401.31,149.45,1.9
-96.102963,29.664107,235.7,33.277778,302.85,79.17,55.36
-99.104885,29.680636,112.1,27.888889,242.17,83.42,4.44
-97.225213,29.970083,255.4,51.927778,494.52,162.09,72.28
-97.745555,28.424754,620,44.003968,301.01,136.73,31.54
-97.733306,31.123085,288.7,440.966667,3044.75,832.76,1403.65
-98.521715,29.472125,399.4,4015.639881,18244.97,5690.2,2695.98
-98.400433,30.338653,75.9,12,96.27,32.89,0.05
-97.586008,31.792249,145,41.041667,356.4,121.02,11.5
-94.055942,33.427052,333.5,121.444444,908.36,264.97,501.83
-95.403851,29.014032,281.4,316.827778,2456.97,821.6,472.38
-96.328218,30.60753,217.5,294.213889,1994.75,505.62,433.48
-98.142011,27.22351,249.9,11.883333,87.68,43.49,0.96
-98.998612,31.975559,124,79.486111,609.35,176.05,55.54
-96.602404,30.365211,147.9,26.722222,253.16,70.33,61.13
-98.270208,30.906582,126.3,45.744444,406.14,117.5,12.15
-97.786619,29.828434,246.7,46.141667,394.76,167.32,47.77
-96.623603,28.641415,125,35.388889,242.88,95.07,15.5
-99.486545,32.402603,50.7,16.958333,150.64,54.26,2.64
-97.481611,25.938477,285.4,580.938889,4276.47,2390.6,44.77
-94.917649,32.947881,217,14.5,154.26,49.64,48.44
-101.197247,35.399863,0,10.888889,102.59,20.79,1.32
-94.465623,33.189548,189.5,30.666667,365.48,93.87,119.96
-94.579741,29.656541,105.4,29.291667,246.96,64.59,45.18
-95.308676,31.966515,278.7,61.097222,590.83,234.42,193.68
-100.208283,34.411133,127.4,12.383333,67.51,32.48,21.41
-98.185281,33.826674,110.4,13.888889,148.84,37.06,1.73
-99.461187,31.64346,100.5,16.472222,146.15,65.29,4.02
-96.761102,33.049059,229.5,1489.798611,7727.6,1623.11,1434.57
-96.526354,29.802337,279.8,31.541667,250.75,74.99,66.85
-98.108726,29.683386,160,163,1214.78,287.87,43.52
-98.602812,32.111799,104.5,22.952778,197.73,59.34,4.2
-97.121203,33.652898,85.2,53.575,403.62,120.68,30.31
-97.928927,31.129207,404.2,90.527778,840,156.41,170.93
-101.162729,33.638224,257.5,19.5,150.45,65.62,10.87
-102.602591,36.278685,90.4,12.958333,96.15,50.62,0.91
-96.76279,32.951332,867.6,6263.596429,26619.91,10774.68,11165.43
-101.942314,32.766068,123,29.088889,185.04,67.9,29.6
-102.4014,34.837877,125,26.988889,201.17,80.54,3.95
-95.672692,33.388412,158.1,8.25,105.62,23.36,18.61
-97.125046,33.245604,199.5,1302.930556,6952.6,1605.09,1391.27
-97.180784,29.228944,47.6,32.069444,243.82,69.32,40.93
-99.976021,28.473251,74.7,14.483333,103.49,41.63,0.1
-98.344701,27.885065,155,16.411111,148.47,64.47,2.98
-98.990667,32.170095,83.7,24.944444,199.7,72.46,11.45
-102.361001,31.836373,211.4,207.725794,1377.85,574.64,145.44
-96.82908,32.397732,230.8,179.180556,1567.47,469.3,293.9
-106.263489,31.667661,342.5,1770.324603,7975.46,3361.37,483.76
-98.216811,32.41597,58,49.733333,406.67,139.43,11.8
-96.811969,31.313093,307.8,36.722222,319.28,104.78,154.79
-96.078468,33.752852,227.8,47.188889,429.9,148.54,46.52
-96.979333,29.890148,137.8,39.188095,351.78,70.68,45.55
-95.487874,29.595078,255,597.463889,3813.06,969.05,1734.87
-95.217899,33.2131,77.5,16.208333,153.14,42.67,16.35
-96.235409,31.596066,548.2,45.722222,348.65,104.03,112.93
-99.247625,28.948834,868.5,17.269444,120.33,64.75,11.42
-102.455571,32.858193,50.5,21.644444,146.89,89.64,9.48
-95.073238,29.468223,376.5,523.477778,3363.55,1047.09,1005.6
-98.945586,30.394996,69,30.638889,255.22,94.83,0.61
-97.474163,28.610052,92.3,10.055556,102.16,19.37,11.33
-97.379666,29.650052,141.7,37.708333,294.31,113.23,39.95
-100.956403,35.545002,117.4,54.497222,337.03,151.75,32.39
-96.542692,33.753241,172.5,166.857143,1336.02,471.52,155.69
-94.718477,32.478306,492.1,183.871429,1228.22,472.22,532.93
-96.056033,30.627422,385,23.302778,246.86,75.37,60.49
-98.114775,29.660883,121.8,173.772222,1459.24,354.08,215.81
-101.74685,34.193986,130.7,59.091667,437.26,182.88,38.05
-98.113677,31.708893,111.7,19.433333,150.22,49.06,2.55
-94.407309,30.157423,119.5,56.127778,578.94,168.96,77.66
-95.325386,29.716876,698,8872.124206,39227.89,16362.85,14757.78
-94.498091,32.432022,171.5,78.588889,719.09,218.91,313.46
-99.624949,33.11954,360.9,12.75,97.63,42.05,7.94
-97.80053,30.056213,188.5,169.322222,1257.03,344.75,93.87
-95.620935,32.288233,181.8,87.955556,868.72,301.57,116.14
-98.004198,26.203908,226.5,784.086111,5698.29,3361.8,59.77
-97.290295,31.90069,127.6,75.777778,548.18,182.87,89.3
-102.394495,33.587971,106.2,39.430556,346.21,126.46,18.61
-97.758647,32.432773,119.6,61.402778,508.56,144.26,8.3
-95.596338,33.15849,156.2,49.727778,458.61,164.07,71.43
-95.422773,31.492794,706.1,34.347222,334.6,105.19,192.78
-101.257397,32.341637,554.1,71.986111,459.63,177.95,50.38
-96.084618,33.134139,162.3,111.561111,972.12,319.72,162.38
-101.27621,35.717566,104.9,47.569444,343.21,150.82,14.49
-98.155588,33.307038,171.7,17.694444,128.69,52.9,14.41
-96.63629,28.873006,66.3,16.652778,151.65,46.25,22.22
-93.998256,30.710058,144.9,44.927778,413.4,136.65,161.71
-94.005909,29.968157,605.8,466.586111,3214.07,1319.71,2159.2
-98.670749,27.334931,123.3,10.833333,102.03,42.81,0.71
-98.071338,27.738439,92.1,49.611111,354.26,134.65,5
-97.341605,32.440023,203.9,166.055556,1400.77,464.88,97.07
-99.790652,32.906498,195.5,31.194444,281.78,76.1,18.06
-97.965616,28.848976,662.3,23.883333,173.37,57.35,19.4
-96.291853,32.723083,274.8,126.873809,903.94,272.87,208.88
-98.700795,30.012923,124.8,39.847222,304.24,60.21,3.41
-99.50719,30.176469,145.6,63.680556,514.84,165.58,12.07
-97.724429,27.432106,119.1,37.436111,250.98,78.25,15.17
-95.535692,33.652474,157.8,78.988889,626.66,209.24,173.69
-102.245579,33.871479,173.9,30.555556,249.83,111.72,17.69
-98.217025,31.105225,93.3,27.5,251.19,69.45,19.62
-96.790141,29.384846,130.4,37.180556,308.8,61.5,36.84
-97.074328,30.4286,156.9,17.833333,202.03,63.08,49.59
-96.18045,31.193772,177.7,13.4,149.77,49.17,19.23
-94.926731,30.25176,330.8,70.055556,696.04,256.15,148.07
-96.512525,31.688431,193.2,49.958333,390.3,158.78,138.96
-100.214661,36.240357,0,10.333333,100.39,40.36,1.17
-98.111533,28.335074,105.1,23.291667,188.36,68.1,6.82
-98.711878,30.827368,143.7,35.75,299.48,91.17,2.4
-101.9314,33.528739,210.5,551.816667,3385.14,890.43,505.95
-99.365468,31.282411,147.7,15.638889,136.08,52.29,1.71
-97.1574,31.556201,230,340.530555,2483.7,760.21,769.67
-96.089685,30.939105,459.6,17.236111,175.85,55.96,53.27
-94.1906,32.800655,326.1,16.611111,206.53,46.02,93.93
-95.867285,28.750421,245.2,63.472222,497.68,167.88,120.11
-100.491935,28.713228,205.9,50.791667,352.38,216.05,3.17
-98.97992,29.147181,129,44.738889,386.28,107.04,16.85
-102.056294,31.990978,148.3,221.327778,1280.55,449.73,183.97
-96.794241,30.739326,188.5,38.222222,354.11,92.02,69.95
-98.586407,31.391435,0,12.777778,102.04,33.65,0.82
-100.93332,32.285174,145.4,10.483333,85.85,32.29,12.65
-97.790273,33.820196,83.8,37.398413,303.73,110.85,3.31
-95.454486,30.135349,185.5,400.963889,2981.14,898.05,295.39
-101.968589,35.875774,124.5,28.089286,190.49,75.37,11.97
-94.726296,33.004907,174.7,16.15,158.35,50.35,74.91
-94.668844,31.590005,200.2,78.236111,679.23,241.98,274.26
-96.205963,32.103211,222.5,62.486111,506.03,187.13,123.94
-93.79588,30.55226,59.2,10.305556,194.58,81.71,67.34
-100.432296,32.261286,140.6,36.425,245.03,86.19,25.88
-97.402794,27.729885,207.9,894.460317,3922.39,1356.97,286.05
-100.819167,36.384913,92,19.111111,146.42,56.07,2.18
-93.725606,30.108019,230.1,118.752778,1054.54,353.78,203.86
-98.128758,32.779753,119.5,62.555556,455.16,176.34,24.69
-94.461978,32.25323,191.1,26.152778,305.74,104.36,89.62
-97.755675,32.753839,110,106.461111,960.57,296.97,28.95
-102.524374,31.025537,186.1,28.944444,183.3,69.39,9.62
-94.813885,31.000055,453.2,56.625,467.01,182.87,88.7
-101.875823,35.222936,293.1,379.561111,1654.12,721.32,354.82
-104.131119,29.622474,94.6,6.166667,55.16,29.8,0
-95.875208,32.886753,132,8.333333,99.07,39.37,7.02
-101.929029,35.145637,126.1,302.594445,1463.12,284.32,96.63
-94.849981,33.573474,115.1,17.809524,210.17,57.44,55.96
-103.714345,31.447727,824.9,39.694444,224.6,101.42,10.1
-96.49208,30.866234,169,23.402778,258.89,68.74,113.72
-96.4957,32.958186,147.4,87.252778,557.51,125.82,65.12
-99.899025,31.763919,139.6,23.172222,203.68,54.59,10.1
-94.774505,32.149872,335.7,65.083333,618.22,240.53,228.05
-93.860941,31.489928,141.8,12.094444,156.91,39.13,17.11
-94.166872,31.268796,240.8,13.111111,156.43,44.57,63.36
-95.215419,30.487128,183.3,14.666667,203.49,76.63,36.23
-97.384732,27.984315,142.4,114.763889,793.22,262.29,26.43
-98.706516,31.201501,155.1,14.944444,96.75,37.49,3.72
-100.80595,32.618518,102.6,26.7,181.74,69.88,15.87
-94.109752,31.921421,213.6,26.588889,301.51,131.75,109.93
-95.333171,32.36018,253,291.688889,2077.6,682.75,787.25
-98.811274,26.381467,78.1,66.458333,613.99,408.25,0.6
-98.871015,32.739502,138.7,21.236111,146.78,57.95,9.25
-101.746571,34.606748,114.9,15.625,129.74,57.65,15.73
-97.357398,32.74975,347.9,3415.381746,18178.58,6153.35,5862.28
-99.750861,32.424197,210.8,288.488095,1822.37,561.79,318.2
-102.243367,33.168583,262.9,10.47619,106.65,46.36,3.46
-94.975478,33.147448,131.1,49.569444,405.29,151.29,85.14
-100.477027,31.468704,138.8,181.356349,1199.7,323.45,106.28
-97.751466,30.189353,468.7,2403.591667,10556.69,2808.08,1694.11
-95.171201,31.044564,237.7,24.375,255.95,98.21,59.35
-94.438714,30.948871,392.5,20.555556,245.34,81.3,46.46
-94.99196,32.72006,95.1,32.134127,357.85,119.19,65.14
-99.848996,29.328872,111,29.472222,204.43,50.92,1.58
-100.877848,29.376531,121.2,52.552778,345.57,129.06,8.44
-95.722213,32.660683,117.4,48.205556,513.58,175.22,29.71
-96.981617,28.81535,172.7,161.569444,1116.18,414.75,135.05
-95.563484,30.729246,1027.1,54.852778,428.81,143.17,223.45
-95.982253,30.094788,155.4,26.436111,248.19,96.78,86.11
-103.103734,31.50904,84.6,25.055556,149.89,58.92,12.19
-96.217816,30.220711,162.3,44.013889,305.94,70.7,105.21
-99.49694,27.552408,241.1,463.847222,2930.25,1640.91,24.53
-96.180569,29.471895,232.5,70.602778,557.59,222.51,187.98
-100.249285,35.470277,121.4,14.277778,97.02,38.49,6.66
-98.78266,34.012899,138.5,273.972222,1799.78,567.07,447.12
-97.629453,26.493684,627.2,26.525,236.48,143.05,1.98
-97.699746,30.524627,178.9,682.113889,4496.43,908.69,536.45
-98.22796,29.275467,117.6,48.277778,543.68,141.67,12.76
-103.047943,31.849982,95.1,23.486111,145.25,57.32,13.17
-97.708205,33.128515,102.3,60.777778,541.63,195.79,15.96
-95.456464,32.67664,174.2,51.483333,500.81,135.52,54.01
-98.586866,33.109299,46.8,19.291667,154.91,54.82,5.07
-99.266821,26.917597,111,21.208333,151.17,84.47,0
-99.941561,28.993191,106.5,13.766667,94.42,32.84,0.46
-112.008899,41.516023,66.6,101.375,541.89,83.61,6.55
-111.632178,41.679839,47.8,185.5,1248.7,174.01,17.99
-111.01051,39.661224,95.4,34.375,249.51,46.96,2.23
-111.861163,40.877008,73.2,590.172222,2633.28,367.48,71.43
-110.505586,40.293691,59.7,18.402778,145.92,40.5,1.22
-109.569986,38.983524,84.7,15.111111,97.68,36.31,0.71
-113.074364,37.668709,52.2,61.138889,400.47,92.41,5.53
-112.498697,37.113922,91.8,12.305556,100.69,27.1,0.6
-112.599924,38.893495,107.5,17.333333,145.1,41.39,0.58
-111.881539,40.551555,219.4,2807.416667,10439.19,2195.16,424.86
-111.397882,39.596517,42.8,33.416667,235.41,55.15,3.7
-111.638499,38.933533,40.4,35.375,243.75,52.66,3.23
-111.274679,41.046726,76.5,84.319444,588.32,84,10.49
-113.317896,40.44342,64.6,95.583333,492.1,89.37,6.12
-109.560663,39.902033,51,40.844444,295.18,91.12,2.58
-111.715368,40.293567,49.4,1369.747222,6291.63,1062.3,66.3
-111.132494,40.311523,33.5,33.708333,197.7,33.26,1.24
-113.845937,37.217507,77.4,167.352778,1060.47,288.98,18.45
-111.958028,41.27314,84.7,581.519444,2479.07,499.44,69.87
-73.255531,44.166405,24.4,80.138889,505,42.92,12.73
-73.051412,43.258795,32.3,89.180556,558.1,46.91,7.67
-72.204175,44.264989,46.2,72.861111,497.74,44.29,9.63
-73.208331,44.481703,28.5,367.563889,1719.17,110.03,97.28
-72.955791,44.705144,19.2,77.988889,503.57,40.86,6.94
-72.196215,43.93263,19.9,60.277778,503.05,46.73,6.88
-72.166177,44.758176,34.4,56.697222,402.68,30.37,3.67
-72.985425,43.530428,29.4,169.722222,1015.71,92.81,15.41
-72.860843,44.11101,29.4,176.966667,973.97,60.73,17.1
-72.906439,43.027509,35.1,122.852778,820.54,76.48,17.32
-72.552156,43.814604,33.2,118.844444,815.53,79.28,10.47
-75.784302,37.743387,352.2,41.930556,410.88,128.52,208
-78.638252,38.174262,263.2,184.713889,1138.38,141.17,199.52
-79.762606,37.823964,238,35.930556,304.85,38.73,29.26
-77.880022,37.276961,152.5,7.983333,98.53,20.44,43
-79.034697,37.564017,201.7,52.375,415.13,75.31,149.49
-78.740791,37.317927,192.9,13.377778,153.66,24.19,58.48
-77.108648,38.893564,570.8,799.863889,2773.88,312.55,497.73
-79.351417,38.19768,130.1,58.002778,631.35,108.24,53.97
-79.542117,37.161546,106.4,77.944444,802.98,123.09,77.39
-81.022145,37.155896,212.8,7.833333,92.55,15.28,6.25
-79.844439,37.369109,178.2,41.833333,407.99,35.9,28.11
-77.882749,36.64184,418.8,19.069444,201.05,28.41,213.37
-82.026706,37.350442,91.9,24.116667,246.32,70.34,15.77
-78.619755,37.506435,388.3,16.361111,187.84,45.34,141.28
-79.25214,37.342152,160.1,81.708333,621.14,112.31,175.46
-77.212675,37.976402,223.1,29.747222,355.09,55.68,196.63
-80.796898,36.75992,64.7,28.319444,296.92,67,4.64
-77.191721,37.384721,368.6,13.416667,152.49,26.65,138.24
-78.61778,37.099209,158.8,12.625,150.7,37.91,87.67
-77.533491,37.454773,230.2,515.244444,3683.63,614.03,1745.35
-77.979545,39.171435,189,15.75,147.86,41.92,16.16
-77.826859,38.449842,235,49.25,398.58,84.59,118.08
-78.208455,37.540666,245.1,8.588889,100.48,26.08,61.58
-77.697298,37.029512,183.1,30.069444,297.59,54.93,190.73
-77.015885,38.000728,199,15.388889,164.33,25.73,117.8
-77.370777,38.942594,279.5,3001.319444,12800.26,1956.58,2341.38
-77.729351,38.790369,165.6,100.277778,848.63,126.42,119.84
-80.472733,36.872953,124.4,16.416667,148.64,27.55,4.47
-78.330784,37.921481,187,20.625,215.48,29.31,61.36
-80.020738,37.06184,149.5,44.555556,455.46,84.46,69.62
-78.382122,39.170945,129.1,74.327778,701.81,118.26,51.37
-80.618132,37.353263,69.7,21.458333,200.73,35.13,7.5
-76.61167,37.481416,145.7,48.319444,407.18,57.64,67.22
-77.795762,37.674798,354.7,22.958333,258.22,40.02,107.24
-80.977373,36.604623,145.5,19.222222,196.3,42.13,24.01
-78.528373,38.283433,66.2,16.458333,152.3,43.43,17.85
-77.556656,36.609003,786.6,8.694444,101.49,21.08,115.2
-78.770556,36.666049,304.2,40.630556,461.28,87.45,310.95
-77.585005,37.885946,141,138.236111,1172.73,119.02,219.37
-77.557061,37.59416,343.2,608.441667,3305.26,514.13,1824.9
-80.003792,36.653448,136.9,64.666667,618.2,117.16,285.91
-76.625545,36.955088,225.7,44.902778,411.6,43.08,186.27
-76.741283,37.292266,144.4,75.736111,564.9,70.45,151.28
-76.975784,37.794232,212.2,9.361111,99.66,14.18,48.58
-77.265607,38.299223,228.7,26.416667,249.7,28.44,82.72
-77.192677,37.729457,83.3,22.5,206.32,20.51,69.68
-76.38395,37.651103,327.7,17.875,159.45,29.45,89.54
-83.181564,36.706443,78,24.366667,289.02,73.96,18.42
-77.495392,39.039959,132.4,505.138889,3247.99,384.16,474.46
-78.141411,38.062322,102.8,27.180556,307.33,63.36,99.85
-78.350061,36.959198,227,14.347222,149.91,31.51,86.59
-78.196557,38.346592,44.1,9.847222,102.56,21.44,16.67
-76.332103,37.404241,165.7,10.430556,100.33,24.45,18.39
-78.250083,36.727421,284.8,50.247222,459.89,83.71,309.54
-76.671264,37.701267,170.2,20.125,151,27.3,36.56
-80.453686,37.063769,85.2,135.488889,740.34,99.09,73.56
-78.99116,37.805707,114.9,15.833333,153.78,27.94,39.42
-76.91204,37.483528,161.9,16.388889,151.51,16.03,35.88
-75.810257,37.240925,384.4,18.208333,154.8,33,100.11
-76.325461,37.823561,175.1,17.055556,155.4,30.25,87.38
-78.171744,37.170695,860.9,15.792063,141.6,35.25,116.59
-77.96974,38.247189,181,26.716667,250.63,48.99,64.6
-78.57571,38.520872,92.2,26.830556,254.48,62.69,7.17
-80.229535,36.77354,58.1,17.988889,200.75,43.76,24.53
-79.479888,36.988689,170,63.819444,811.06,139.61,341.6
-77.900876,37.564503,250.2,20.513889,205.39,22.84,22.66
-78.457345,37.178651,222.2,29.544444,269.12,31.27,144.4
-77.357406,37.273565,453.2,30.791667,296.25,37.22,180.79
-77.381807,38.651587,282,706.797222,4103.75,856.03,1654.49
-80.65189,37.103247,67.2,48.555556,395.78,56.76,31.8
-78.187078,38.748249,168.8,11.722222,98.13,27.54,8.62
-76.770712,37.956401,349.8,9,86.73,14.28,53.61
-79.936787,37.345129,137.5,134.152778,934.04,98.42,108.46
-79.28595,37.838326,70.3,18.222222,201.51,33.44,16.3
-79.033279,38.547586,95.2,90.611111,963.69,204.18,52.41
-82.145965,36.96559,47.4,31.2,353.76,66.61,6.26
-82.518004,36.749549,73.9,24.611111,298.25,56.2,3.27
-78.532247,38.979734,99.8,44.086111,450.15,73.35,15.45
-81.733852,36.914426,122,47.027778,456.57,88.41,21.33
-76.975019,36.853644,252.5,14.833333,206.25,27.2,131.01
-77.521909,38.281037,169,186.377778,1524.13,234.7,457.79
-77.445313,38.456369,184.9,166.305556,1310.79,218.39,440.62
-76.845509,37.166191,301.4,6.25,103.22,24.31,88.94
-77.202894,37.045738,526.1,21.833333,178.13,37.01,212.5
-81.409597,37.092647,76.5,50.549603,466.01,92.88,24.57
-78.205675,38.923785,182.6,53.297222,398.56,80.03,36.95
-82.076633,36.769372,69.9,68.097222,661.74,113.95,19.7
-77.004142,38.236489,180,22.155556,199.68,47.05,107.06
-82.570894,37.116941,89.4,55.8,493.5,105.01,28.66
-80.872593,36.896042,125.4,33.05,305.94,53.89,15.95
-76.419878,37.097244,115.2,90.041667,705.29,60.02,179.84
-77.061692,38.821947,851.2,547.661111,1981.36,337.62,724.48
-78.496442,38.026002,276.2,172.763889,616.74,99.05,214.87
-76.274261,36.792297,315.8,402.394444,2095.93,333.06,1279.55
-77.404358,37.25042,251.5,43.166667,270.6,37.3,79.85
-79.982531,37.793418,318.2,26.041667,104.24,19.26,25.26
-79.416192,36.563482,494.5,104.333333,760.1,129.33,700.7
-77.526254,36.693831,474.1,8.458333,57.51,9.41,46.17
-77.298348,38.84016,419.7,78.236111,255.77,36.16,24.37
-77.177374,38.890398,394.8,48.5,153.41,6.77,12.46
-76.926683,36.664469,404.6,6.888889,58.17,5.46,31.77
-77.476375,38.285422,398,57.486111,336.54,58.74,115.11
-80.916758,36.6575,95.9,16.222222,104.08,35.43,17.47
-76.354238,37.053324,567.3,374.116667,1651.92,261.63,1661.79
-78.855698,38.454632,145.2,162.6,573.07,131.63,76.91
-77.280063,37.310477,568.3,46.866667,314.71,64.52,272.83
-79.146101,37.404942,292.5,268.430556,1010.54,188.81,582.6
-77.471203,38.762308,350.4,93.097222,350.16,101.77,95.15
-77.435554,38.767574,250.9,24.588889,95.43,34.81,29.35
-79.875609,36.675298,264.7,28.805556,220.7,47.55,150.31
-76.505689,37.133013,572.5,480.569444,2301.01,520.82,1903.84
-76.279912,36.844638,930.5,1009.786111,3757.02,871.47,3110.28
-77.40483,37.215388,1425.6,86.402778,595.92,139.33,861.82
-76.339059,37.130093,67.4,16.011111,149.61,8.54,3.38
-76.320808,36.825396,851.9,379.077778,1576.53,303.74,1642.3
-80.574529,37.115114,42.3,34.655556,158.44,23.83,30.02
-77.453561,37.588092,653,920.827778,3489.03,712.86,2995.75
-79.996547,37.310132,442.9,302.247222,1194.29,252.63,640.54
-80.038534,37.303323,154.5,52.072222,268.08,32.42,31.99
-79.073721,38.149968,172.5,56.15,328.75,63.82,68.28
-76.595119,36.728825,366.5,159.425,1433.67,175.8,1091.19
-76.172477,36.896997,309.6,1066.186111,5011.7,727.7,1773.74
-78.909328,38.076497,139.6,43.583333,248.92,70.54,75.5
-76.700476,37.259329,291.2,31.333333,161,23.07,51.34
-78.153028,39.186107,302.8,48.49881,256.02,66.37,48.77
-118.50802,46.921476,102.2,45.188889,244.39,71.71,4.29
-117.06723,46.412707,92.6,39.875,308.73,37.38,2.67
-119.235683,46.221774,107.2,357.2,1794.67,267.92,57.02
-120.313021,47.421612,93.6,130.171429,700.19,135.02,5.93
-123.818779,47.996609,114.5,175.402778,1010.16,153.11,23.74
-122.540563,45.6155,186.6,1113.522222,5238.62,616.63,200.85
-122.944753,46.137953,152.6,220.745635,1204.31,126.17,21.65
-119.778602,47.600626,56.6,85.213889,399.37,73.73,3.53
-118.669527,48.642446,73.8,15.555556,149.57,23.78,0.35
-118.688704,46.507412,110.7,123.178571,581.48,171.99,26.09
-119.715503,46.810809,64.8,96.605556,781.16,190.8,12.55
-123.581355,47.183797,138.9,141.491667,683.21,103.71,14.64
-122.665818,48.292156,134.2,196.708333,1044.71,100.9,74.73
-122.877521,47.847812,141.6,57.616667,302.32,33.47,4.9
-122.344732,47.527438,366.4,5110.771429,19785.07,2086.13,2548.13
-122.621678,47.58167,146.4,505.944444,2625.28,267.59,158.66
-120.229482,46.86208,76.1,55.672222,391.31,47.93,8.1
-121.130315,45.774283,108.3,16.425595,150.77,20.5,2.4
-121.687599,46.566889,98.3,123.711111,996.7,139.32,13.08
-118.699834,47.717913,86.1,32.472222,197.47,14.22,2.84
-123.282266,47.264931,142.4,81.630556,624.47,94.06,15.47
-119.842079,48.199714,76.5,54.922222,493.78,115.19,4.37
-123.645095,46.742491,174.3,67.180556,348.46,40.88,2.36
-117.291935,48.409569,84,21.972222,248.05,28.85,1.51
-122.134028,47.156365,205.1,1716.457936,8567.05,1057.92,1145.71
-122.876445,48.509962,145.3,21.055556,156.48,22.09,2.74
-122.339101,48.41671,89.8,202.211111,1467.1,208.12,24.25
-121.914325,46.0877,47.4,26.055556,197.45,16.14,1.33
-122.213004,48.006457,173.2,1551.622222,7420.84,886.56,421.93
-117.250624,47.64975,147.9,1222.580556,5288.43,570.81,178.93
-117.673964,48.559203,61.5,55.833333,559.38,83.07,5.67
-122.769569,46.990752,133,450.105555,2499.15,246.29,144.01
-118.586734,46.32819,113.5,101.716667,558.9,88.97,11.88
-121.4962,48.818581,123.3,244.827381,1659.91,193.77,33.17
-117.213598,47.00504,67,65.430556,489.08,36.59,18.12
-120.776008,46.676522,128,358.341667,2237.58,604.83,51.49
-80.100287,39.1103,49.3,20.416667,203.91,20.06,3.79
-77.996281,39.53097,185.4,93.492857,714.27,89.31,116.68
-81.899639,38.054386,49.1,35.083333,308.23,32.72,7.73
-80.739834,38.595111,41.6,14.3,149.25,15.35,2.26
-80.551332,40.229024,72.6,35.736111,303.41,28,10.51
-82.430439,38.41314,290.5,257.861111,1476.47,251.72,193.12
-80.659175,39.268428,105.2,9.625,89.11,14.77,3.35
-81.161635,37.893406,104.9,62.333333,550.77,72.27,50.01
-80.858514,38.922256,241.3,8.805556,86.04,20.08,23.22
-79.211832,39.195897,100.9,16.083333,149.04,23.79,4.48
-80.433987,37.739612,93.7,41.052778,359.18,34.8,18.55
-78.543586,39.203104,73.9,26.791667,247.98,42.47,4.83
-80.591324,40.426274,47.9,49.666667,412.82,52.34,16.66
-78.989457,38.91748,101.8,17.136111,146.31,13.28,16.93
-80.29846,39.392631,113.7,153.955556,1118.12,133.56,33.24
-81.628711,38.713402,41,30.611111,303.83,30.78,2.45
-77.768684,39.281812,117.2,96.708333,757.46,81.76,98.97
-81.623964,38.34122,237,393.95,2756.92,326.06,510.93
-80.47436,38.917021,37.2,28.458333,249.59,32.6,0.94
-82.062341,38.139833,46.5,20.402778,251.1,29.03,0.68
-81.893041,37.723948,91.5,48.905556,457.74,68.01,20.71
-81.449808,37.336791,100,6.666667,98.42,11.14,2.79
-80.167033,39.473986,62.5,113.066667,874.46,92.54,59.87
-80.604392,39.843464,94.5,68.361905,459.95,63.77,10.84
-82.141182,38.764906,57.3,30.794444,309.29,28.38,2.68
-81.149517,37.499979,102,90.725,734.47,90.86,84.88
-79.133255,39.387539,64.7,40.861111,302.35,37.04,14.23
-82.1171,37.659066,66.2,29.791667,358.3,32.33,16.69
-79.950345,39.633668,126.3,175.908333,1151.64,117.21,86.22
-80.62045,37.578164,235.4,11.480556,149.75,27.45,3.23
-78.250305,39.501153,101.6,22.458333,200.69,25.36,6.53
-80.773587,38.426666,52.4,35.094444,356.19,44.19,4.12
-80.732536,40.078048,133.7,147.416667,927.07,81.84,115.61
-81.247519,39.338413,171,11.736111,90.87,10.33,0.6
-79.826683,38.545688,96.6,9.333333,90.5,14.94,0.98
-79.654977,39.647537,107.2,40.461111,396.89,48.9,26.31
-81.977565,38.44838,73,67.23254,504.08,57.38,16.92
-81.21911,37.626407,202.6,113.877778,851.36,117.27,141.94
-80.066984,38.785825,88.5,37.361111,301.37,42.9,11.78
-80.967878,39.265024,132.2,13.958333,151.2,24.51,0.71
-81.434315,38.685321,51.1,15.294444,204.76,20.48,0.23
-80.884664,37.663337,134.2,24.533333,216.98,11.37,18.24
-80.099376,39.285188,62.6,19.383333,197.26,27.51,5.18
-79.453177,39.072912,96.7,6.333333,49.69,4.65,0.98
-80.147515,38.895909,57.7,41.597222,301.62,44.91,14.59
-82.359347,37.984044,52.9,56.413889,564.2,91.93,12.17
-80.461549,38.56567,85.2,9.25,99.81,13.19,0.09
-80.613004,39.547237,61.6,35.986111,258.38,31.2,4.41
-81.545543,39.263987,98.3,201.744444,1351.28,152.41,33.77
-81.368508,37.536526,73.9,26.594444,253.16,26.12,6.43
-89.75326,44.202219,120.1,31.736111,327.31,38.38,15.98
-90.644389,46.890825,53.3,40.958333,296.6,33.89,4.55
-91.640568,45.465683,86.1,59.783333,501.2,67.33,14.16
-87.958379,44.510558,103.8,392.296825,2678.65,315.06,164.07
-92.19702,46.007131,44.4,32.972222,291.07,43.16,2.99
-88.10354,44.19746,61.7,71.527778,549.13,38.44,10.2
-91.09904,44.913326,45.7,71.7,531.91,61.49,16.46
-90.737387,44.814419,58.4,41.875,395.31,162.22,3.67
-89.041668,43.322178,63.1,70.113889,586.31,59.42,14.41
-90.881443,43.183172,43,39.527778,287.1,34.06,9.44
-89.324415,43.111274,160.9,1225.463095,5279.14,400.63,573.69
-88.459373,43.562583,102.8,120.691667,932.28,69.53,41.18
-87.614452,44.771517,93.1,57.258333,455.14,35.2,6.02
-92.090026,46.713401,61.3,143.608333,594.89,80.15,23.36
-91.87678,45.128904,46,46.458333,397.93,45.21,4.72
-91.518744,44.807228,56,151.191667,1010.07,127.33,26.74
-88.34173,43.79773,75.1,142.794841,1012.81,78.41,29.89
-90.633512,42.708541,36.4,74.238889,583.07,76.9,16.57
-89.487727,42.787229,22.4,53.75,403.19,31.01,4.45
-88.966801,43.976821,43.7,33.402778,249.26,35.21,2.84
-90.011302,43.093424,65.1,31.027778,300.48,22.59,5.62
-88.717412,43.19187,63.2,130.375,998.51,87.49,15
-90.143345,44.135484,74.1,38.986111,329.57,43.07,14.11
-87.821922,42.570843,150.9,288.569444,1767.12,240.02,294.17
-87.655053,44.545077,51.6,22.15,196.2,15.48,2.57
-91.218509,43.772297,103.2,288.672222,1272.14,109.86,42.04
-89.697057,45.185082,37.2,56.944444,498.35,34.94,6.08
-87.707193,44.073097,59.2,129.622222,955.97,85.72,22.98
-89.65636,44.951877,53.6,189.335714,1342.52,168.92,17.15
-87.699765,45.02641,54.3,72.308333,599.62,60.68,8.57
-89.378559,43.939056,89.5,23.833333,244.09,30.51,3.28
-88.71337,45.013013,145.2,5.583333,48.79,21.77,0.2
-87.91123,43.074252,390.9,4049.480556,15209.16,2230.32,9007.02
-90.798436,43.816846,47,57.652778,443.38,82.73,15.59
-88.143207,44.748134,21.4,54.583333,488.55,44.44,3.96
-89.515192,45.604248,35.1,81.513889,647.09,63.35,7.77
-88.405615,44.289473,77.8,305.844444,1994.81,184.64,73.58
-87.85854,43.500384,30.1,133.383333,911.91,52.08,23.96
-91.808307,44.638096,0,12.166667,98.28,14.98,0.57
-92.545444,44.655322,35.5,50,405.31,39.39,4.01
-92.35508,45.263228,18.6,57.375,493.61,59.79,4.91
-89.582236,44.522102,55.3,97.247222,690.93,68.12,11.38
-87.846914,42.681689,149.3,446.631944,2188.32,231.05,513.75
-90.435371,43.383467,40.6,27.791667,249.61,41.44,5.18
-89.048048,42.501898,104.6,410.180556,1932.25,248.7,187.63
-91.300586,45.368469,41.3,15.708333,150.48,19.08,2.35
-92.714586,44.906679,33.2,96.863889,699.12,55.49,9.69
-89.787926,43.475002,59.2,87.408333,649.13,77.51,9.66
-91.299206,45.893412,56,28.627778,244.77,33.52,2.04
-88.571618,44.770939,46,64.916667,551.06,66.24,3.67
-87.708907,43.753479,65.6,186.361111,1283.52,106.34,56.76
-91.442185,44.078767,45.4,41.694444,346.03,49.43,2.87
-91.026633,43.626681,47.6,32.111111,298.53,67.41,1.54
-88.642948,42.718112,50.3,145.063889,1104.92,142.06,21.26
-91.778363,45.746587,51,28.333333,250.1,26.19,2.76
-88.193216,43.412596,42.2,187.141667,1415.74,105.77,35.47
-88.159505,42.998356,46,737.219048,4367.15,232.06,145.62
-88.761707,44.636794,34.3,66.094444,581.82,73.48,7.12
-89.148742,44.13967,65.8,34.194444,333.9,48.92,8.07
-88.553446,44.03588,74.2,402.580556,2037.76,195.17,89.24
-90.160187,44.642972,69.8,112.008333,811.19,71.04,12.48
-105.634127,41.315115,35,76.583333,484.82,94.22,10.08
-108.09777,44.589949,61.8,20.236111,146.01,48.69,1.18
-105.549107,44.646027,64.3,50.833333,343,76.15,2.73
-106.461529,41.96589,96.7,31.138889,229.81,51.45,5.59
-109.679917,43.602169,93,68.219444,497.54,182.58,5.92
-104.337143,42.368736,79,23.805556,196.13,45.53,1.51
-108.442387,43.71903,0,14,99.81,29.9,0
-104.81422,41.078913,106.9,157.530556,979.86,151.88,49.51
-110.787543,42.762795,55.5,24.375,196.34,49.37,0.21
-106.338274,43.212147,72.8,156.305555,890.94,250.76,20.95
-108.787855,44.746428,28.1,40.216667,255.98,56.25,3.1
-106.557456,44.760577,53.7,47.930556,300.87,64.34,2.25
-109.663764,42.882426,0,12.916667,86.18,30.7,0
-109.45616,41.497414,62.7,84.902778,585.33,135.53,12.65
-110.581877,43.950573,54.1,30.65,188.81,51.8,4.67
-107.956376,44.014373,0,23.222222,148.42,45.36,0.1
